{"type":"FeatureCollection","name":"Karnataka districts","bbox":[74.04,11.59,78.59,18.48],"features":[{"type":"Feature","id":"KA-524","properties":{"districtCode":"KA-524","lgdCode":"524","districtName":"Bagalkot","stateCode":"KA","stateLgdCode":"29","sourceName":"Bagalkote"},"geometry":{"type":"Polygon","coordinates":[[[75.42205,16.76759],[75.41936,16.76801],[75.41414,16.76543],[75.41307,16.76648],[75.40765,16.76381],[75.40769,16.76146],[75.39239,16.75957],[75.39227,16.76074],[75.38844,16.76165],[75.38697,16.7604],[75.38435,16.76342],[75.36618,16.76013],[75.36541,16.74766],[75.36645,16.74242],[75.36368,16.73727],[75.3625,16.72912],[75.36538,16.72272],[75.36385,16.72107],[75.36265,16.71436],[75.31858,16.71858],[75.28789,16.7151],[75.27921,16.70471],[75.26456,16.69162],[75.26269,16.68069],[75.26593,16.66742],[75.26825,16.64096],[75.26148,16.62042],[75.25633,16.62011],[75.25532,16.61898],[75.25801,16.61155],[75.2567,16.60926],[75.25885,16.60773],[75.25228,16.60513],[75.24269,16.60803],[75.23138,16.61576],[75.22133,16.61693],[75.19819,16.60869],[75.17706,16.60383],[75.16875,16.59868],[75.15993,16.59029],[75.15718,16.58499],[75.15695,16.56904],[75.16493,16.55398],[75.16591,16.54771],[75.16198,16.53452],[75.15479,16.52838],[75.14995,16.5264],[75.13559,16.52461],[75.13162,16.52181],[75.12607,16.51232],[75.12135,16.50862],[75.11539,16.5061],[75.11043,16.50696],[75.10527,16.51102],[75.10017,16.52652],[75.09023,16.5382],[75.08766,16.55369],[75.08441,16.55926],[75.08029,16.56339],[75.07128,16.56759],[75.06675,16.53938],[75.0076,16.53841],[75.00655,16.53345],[75.00422,16.53343],[75.00414,16.53102],[75.00097,16.52969],[74.99799,16.51757],[74.99445,16.51607],[74.98851,16.50096],[74.98911,16.47709],[74.98846,16.47255],[74.98627,16.46946],[74.98653,16.46309],[74.99132,16.46285],[74.99154,16.45913],[74.9884,16.45355],[74.99845,16.45446],[75.00187,16.45782],[75.0168,16.45844],[75.0153,16.45257],[75.01773,16.43978],[75.02323,16.44038],[75.02382,16.43555],[75.02796,16.43364],[75.07782,16.43779],[75.07515,16.42604],[75.07296,16.40439],[75.0494,16.39982],[75.0485,16.39642],[75.04152,16.3962],[75.04106,16.39791],[75.03963,16.39802],[75.03506,16.38677],[75.03302,16.35785],[75.0346,16.33801],[75.0432,16.31823],[75.0559,16.33042],[75.0579,16.33056],[75.0651,16.32671],[75.07621,16.33165],[75.08661,16.33044],[75.09627,16.32487],[75.109,16.32865],[75.11741,16.32666],[75.12457,16.33114],[75.12962,16.33086],[75.14865,16.31535],[75.15941,16.32083],[75.16081,16.31624],[75.16011,16.31127],[75.14809,16.28245],[75.15702,16.28044],[75.1702,16.27969],[75.17355,16.27655],[75.17779,16.27542],[75.18487,16.27598],[75.20317,16.27283],[75.21659,16.26888],[75.22509,16.26218],[75.23409,16.25947],[75.23222,16.25024],[75.2384,16.25097],[75.23394,16.24274],[75.2332,16.23806],[75.23083,16.23643],[75.22962,16.23336],[75.23051,16.22328],[75.233,16.21795],[75.23231,16.21006],[75.24909,16.20464],[75.26879,16.20802],[75.27307,16.20632],[75.28074,16.19972],[75.28588,16.20125],[75.28886,16.19201],[75.28597,16.18758],[75.28584,16.17942],[75.28434,16.17636],[75.29233,16.17274],[75.28708,16.15132],[75.27581,16.12028],[75.32777,16.11533],[75.33149,16.11857],[75.33834,16.12113],[75.34134,16.12455],[75.34703,16.12375],[75.35436,16.12861],[75.3531,16.11647],[75.35535,16.11532],[75.38949,16.1133],[75.40458,16.11387],[75.40692,16.12624],[75.40916,16.1295],[75.41188,16.13063],[75.41593,16.11576],[75.43893,16.11548],[75.43576,16.09658],[75.43131,16.09631],[75.42787,16.09294],[75.43117,16.06925],[75.44523,16.06925],[75.4449,16.05286],[75.42799,16.05263],[75.42319,16.05371],[75.41941,16.05663],[75.41541,16.05242],[75.41646,16.03281],[75.42333,16.0329],[75.42607,16.00935],[75.43084,16.00853],[75.43784,16.00302],[75.43596,15.98791],[75.43163,15.97541],[75.43236,15.97],[75.4396,15.96646],[75.43342,15.94555],[75.42979,15.93995],[75.42723,15.92476],[75.42487,15.92137],[75.44153,15.91857],[75.43963,15.91285],[75.43794,15.89359],[75.44662,15.89307],[75.44715,15.8899],[75.44403,15.89057],[75.44327,15.88917],[75.44791,15.88615],[75.46145,15.88675],[75.46167,15.88579],[75.45871,15.88454],[75.45977,15.88012],[75.46296,15.87912],[75.46367,15.88181],[75.46542,15.88136],[75.46663,15.88043],[75.46561,15.87724],[75.47567,15.87631],[75.47377,15.87529],[75.47405,15.87332],[75.47658,15.87325],[75.47882,15.87107],[75.48022,15.87121],[75.47776,15.87543],[75.48023,15.87766],[75.48255,15.87488],[75.48704,15.87684],[75.49172,15.87295],[75.49784,15.87229],[75.49742,15.87018],[75.5052,15.86179],[75.50233,15.85832],[75.50699,15.85551],[75.50785,15.86018],[75.51963,15.85771],[75.52057,15.85286],[75.51566,15.85412],[75.51434,15.85153],[75.51234,15.85133],[75.5159,15.84772],[75.51982,15.84603],[75.51941,15.84384],[75.52232,15.84008],[75.52454,15.83981],[75.52886,15.8427],[75.53143,15.84203],[75.53258,15.83995],[75.52989,15.83487],[75.53829,15.83484],[75.53899,15.83313],[75.54189,15.83499],[75.54335,15.83449],[75.54357,15.83598],[75.54696,15.83645],[75.5564,15.83252],[75.55061,15.8279],[75.55024,15.82632],[75.55213,15.82484],[75.55744,15.8288],[75.56302,15.83041],[75.56346,15.83605],[75.56646,15.83833],[75.56835,15.83777],[75.57128,15.83374],[75.56813,15.8339],[75.56828,15.83136],[75.5657,15.83096],[75.56596,15.82964],[75.57673,15.83058],[75.57551,15.8263],[75.57687,15.82478],[75.58711,15.83333],[75.59213,15.82968],[75.6,15.82681],[75.60898,15.83061],[75.60541,15.82713],[75.61246,15.82424],[75.61395,15.82119],[75.61656,15.82118],[75.61774,15.83559],[75.62132,15.83404],[75.63087,15.83388],[75.63121,15.83081],[75.63537,15.83343],[75.63703,15.84085],[75.64243,15.84134],[75.64415,15.84016],[75.64281,15.83196],[75.65134,15.83035],[75.65681,15.82658],[75.66156,15.82874],[75.66002,15.83432],[75.66269,15.8378],[75.67215,15.83626],[75.67542,15.83151],[75.67423,15.82445],[75.67604,15.82112],[75.6802,15.82184],[75.6832,15.83016],[75.68862,15.83061],[75.69116,15.82712],[75.69669,15.82464],[75.70855,15.8292],[75.70878,15.82808],[75.71386,15.82764],[75.72192,15.81792],[75.73682,15.81628],[75.73692,15.81342],[75.74479,15.81276],[75.74904,15.81494],[75.7796,15.81716],[75.77743,15.82728],[75.77439,15.82729],[75.77622,15.83516],[75.77667,15.84897],[75.78028,15.85271],[75.78711,15.84909],[75.7947,15.8492],[75.79763,15.84781],[75.79992,15.85765],[75.80435,15.85528],[75.80909,15.85469],[75.80818,15.85154],[75.80564,15.85105],[75.80606,15.84859],[75.81367,15.84688],[75.82074,15.84978],[75.82099,15.84548],[75.82949,15.83985],[75.83794,15.83829],[75.84703,15.83881],[75.84677,15.84691],[75.84996,15.86046],[75.84829,15.86277],[75.84873,15.87193],[75.84006,15.87182],[75.83822,15.86497],[75.83198,15.86494],[75.82801,15.86652],[75.83289,15.87582],[75.83183,15.87814],[75.83375,15.87813],[75.83523,15.8823],[75.83232,15.88681],[75.82971,15.88677],[75.8296,15.89644],[75.82733,15.90035],[75.81187,15.89992],[75.81033,15.8937],[75.79787,15.89672],[75.77907,15.8974],[75.77831,15.90015],[75.77355,15.90241],[75.77417,15.90418],[75.77798,15.90461],[75.77886,15.9075],[75.77524,15.91412],[75.77616,15.91825],[75.78852,15.92502],[75.79074,15.92303],[75.8114,15.92366],[75.8108,15.92532],[75.82574,15.9271],[75.82824,15.92709],[75.83067,15.9251],[75.83651,15.92565],[75.83953,15.93094],[75.84331,15.93101],[75.8471,15.93433],[75.85319,15.93557],[75.8673,15.93199],[75.87817,15.93171],[75.88325,15.92384],[75.8915,15.91626],[75.90278,15.91819],[75.90169,15.92353],[75.91404,15.91241],[75.92707,15.89501],[75.92589,15.88659],[75.92871,15.88246],[75.92829,15.87564],[75.9415,15.8745],[75.94441,15.86693],[75.96342,15.86545],[75.96634,15.85919],[75.9743,15.86178],[75.97819,15.86877],[75.97904,15.87333],[75.97876,15.88167],[75.97529,15.89669],[75.9767,15.90043],[75.97413,15.92252],[75.97675,15.92995],[75.97629,15.94305],[75.97765,15.95152],[75.97432,15.95242],[75.97584,15.96145],[75.9736,15.98633],[75.97686,15.99009],[75.98706,15.99595],[75.98968,15.9993],[75.98964,16.00524],[76.01214,16.00213],[76.01298,16.0035],[76.01768,16.00339],[76.02161,16.00918],[76.05212,16.00328],[76.05238,16.00575],[76.0566,16.00561],[76.05663,16.01181],[76.07405,16.01012],[76.07878,16.01079],[76.08373,16.001],[76.08446,15.99615],[76.07811,15.97582],[76.07259,15.96525],[76.07082,15.94845],[76.06262,15.91985],[76.06272,15.91547],[76.06071,15.90999],[76.05815,15.90741],[76.07059,15.90265],[76.10117,15.90055],[76.10301,15.89391],[76.11723,15.88634],[76.12536,15.89367],[76.13304,15.89525],[76.13918,15.89424],[76.14524,15.89531],[76.15397,15.91481],[76.15697,15.91607],[76.16052,15.92122],[76.16432,15.92132],[76.17201,15.92467],[76.17233,15.9316],[76.18996,15.93168],[76.19488,15.93248],[76.19679,15.93472],[76.19966,15.93512],[76.20105,15.93829],[76.20038,15.94381],[76.22655,15.94087],[76.22994,15.92322],[76.25689,15.92277],[76.25726,15.91538],[76.26138,15.91482],[76.26208,15.90667],[76.27157,15.90498],[76.27438,15.9105],[76.27597,15.91047],[76.27757,15.9094],[76.2761,15.90381],[76.28464,15.90274],[76.28528,15.92896],[76.3018,15.93063],[76.30233,15.92359],[76.31205,15.92262],[76.31324,15.92939],[76.32849,15.93226],[76.32782,15.93974],[76.32269,15.95597],[76.30944,15.95724],[76.30139,15.97516],[76.29803,15.98953],[76.29791,15.99905],[76.31189,16.00011],[76.31136,16.01291],[76.30542,16.02527],[76.30292,16.03822],[76.30586,16.06337],[76.30556,16.06651],[76.30338,16.06669],[76.3032,16.07345],[76.28371,16.0753],[76.25881,16.07399],[76.25671,16.0858],[76.25814,16.09045],[76.29381,16.08839],[76.30053,16.08395],[76.30587,16.08383],[76.32796,16.07752],[76.33228,16.09195],[76.31691,16.09551],[76.30444,16.10111],[76.28821,16.10575],[76.28092,16.10591],[76.2678,16.10971],[76.26184,16.09681],[76.25546,16.09707],[76.25545,16.09891],[76.25366,16.09919],[76.25253,16.1051],[76.25418,16.11023],[76.24413,16.11368],[76.24472,16.12252],[76.24722,16.12634],[76.24648,16.12811],[76.23416,16.13071],[76.23868,16.16673],[76.18301,16.18032],[76.17593,16.18378],[76.16469,16.18603],[76.15563,16.18567],[76.13924,16.1811],[76.12065,16.19121],[76.09568,16.19828],[76.08287,16.20547],[76.06771,16.20756],[76.06313,16.21048],[76.05956,16.21794],[76.05786,16.22767],[76.05908,16.23259],[76.06802,16.24374],[76.06768,16.2557],[76.06531,16.26207],[76.05866,16.27132],[76.03985,16.28265],[76.03244,16.28941],[76.02641,16.30067],[76.00946,16.30453],[75.999,16.30333],[75.99219,16.2996],[75.97757,16.29988],[75.96233,16.29635],[75.95602,16.2972],[75.93045,16.31577],[75.90005,16.32285],[75.89122,16.32701],[75.87327,16.3447],[75.86769,16.34633],[75.85174,16.34638],[75.84048,16.34905],[75.82649,16.3611],[75.81029,16.37029],[75.78919,16.37406],[75.78189,16.37974],[75.77318,16.38322],[75.75616,16.38482],[75.74842,16.38845],[75.72081,16.39099],[75.71061,16.39929],[75.70302,16.40778],[75.68866,16.41438],[75.67781,16.42419],[75.67301,16.42588],[75.67115,16.42483],[75.64479,16.43951],[75.63277,16.44432],[75.60739,16.44794],[75.59943,16.44652],[75.58398,16.43256],[75.57826,16.42297],[75.57509,16.41278],[75.57236,16.41176],[75.56734,16.41254],[75.56071,16.41698],[75.55596,16.42668],[75.55191,16.44488],[75.55345,16.45147],[75.55219,16.45592],[75.54601,16.46236],[75.53632,16.46624],[75.52901,16.46551],[75.49906,16.45357],[75.49562,16.44669],[75.49878,16.43452],[75.49847,16.43071],[75.4953,16.42446],[75.48852,16.41854],[75.47905,16.41595],[75.46489,16.41834],[75.45659,16.41239],[75.44764,16.41403],[75.43372,16.42935],[75.43235,16.43661],[75.44873,16.45446],[75.46322,16.47379],[75.46329,16.47639],[75.45909,16.48424],[75.4555,16.50669],[75.48587,16.5086],[75.48862,16.52029],[75.49039,16.52098],[75.49073,16.52602],[75.49065,16.52945],[75.48846,16.53014],[75.48836,16.5551],[75.48477,16.55504],[75.48459,16.55722],[75.47951,16.5574],[75.48073,16.56117],[75.47224,16.56336],[75.47295,16.56696],[75.47806,16.56738],[75.48387,16.5731],[75.48531,16.5757],[75.48486,16.5808],[75.49113,16.58563],[75.49361,16.59315],[75.49186,16.5951],[75.49143,16.59894],[75.48492,16.60643],[75.47396,16.61211],[75.46205,16.62256],[75.46102,16.63561],[75.45688,16.64739],[75.45494,16.66386],[75.44721,16.6651],[75.4378,16.69785],[75.4626,16.69991],[75.4883,16.69449],[75.49176,16.72432],[75.49201,16.74419],[75.49152,16.74589],[75.47696,16.74732],[75.46529,16.75492],[75.44275,16.75727],[75.44087,16.75954],[75.42604,16.76793],[75.42205,16.76759]]]}},{"type":"Feature","id":"KA-528","properties":{"districtCode":"KA-528","lgdCode":"528","districtName":"Ballari","stateCode":"KA","stateLgdCode":"29","sourceName":"Ballari"},"geometry":{"type":"Polygon","coordinates":[[[77.03584,15.82957],[77.02519,15.83751],[77.02202,15.82963],[77.01598,15.82216],[77.00499,15.81366],[76.99876,15.81119],[76.99268,15.80172],[76.98296,15.79391],[76.98025,15.78914],[76.97159,15.78139],[76.96699,15.77427],[76.95899,15.77149],[76.94404,15.76329],[76.93969,15.75488],[76.93021,15.74227],[76.92578,15.73187],[76.92227,15.7281],[76.91932,15.71901],[76.92059,15.71337],[76.91688,15.69966],[76.91292,15.69758],[76.90678,15.69035],[76.88942,15.68485],[76.88086,15.67132],[76.87203,15.66568],[76.8616,15.65389],[76.85762,15.6424],[76.85238,15.64081],[76.8343,15.62778],[76.83238,15.61828],[76.83644,15.60262],[76.83222,15.59572],[76.83503,15.58137],[76.835,15.56594],[76.83102,15.56002],[76.82593,15.55845],[76.81629,15.55245],[76.81057,15.54717],[76.81062,15.53456],[76.80785,15.52428],[76.81255,15.51689],[76.81079,15.51283],[76.79697,15.50106],[76.78012,15.49285],[76.76448,15.49155],[76.75171,15.49279],[76.74145,15.49089],[76.72646,15.49257],[76.70899,15.48855],[76.68393,15.47175],[76.67136,15.45306],[76.66599,15.44984],[76.63989,15.44414],[76.61227,15.44283],[76.59607,15.42543],[76.59464,15.41706],[76.59233,15.41302],[76.5718,15.40127],[76.55497,15.39666],[76.54863,15.3869],[76.54066,15.38114],[76.54736,15.3735],[76.55094,15.37247],[76.55766,15.36629],[76.55758,15.3622],[76.54981,15.34725],[76.55316,15.33798],[76.55106,15.32825],[76.5529,15.32021],[76.55524,15.31717],[76.57906,15.31082],[76.58136,15.30678],[76.59091,15.30663],[76.58901,15.29803],[76.58214,15.29494],[76.58113,15.2825],[76.57765,15.27467],[76.57757,15.26762],[76.57563,15.26334],[76.57672,15.26081],[76.58137,15.25296],[76.58993,15.25773],[76.5952,15.25804],[76.59993,15.26308],[76.60646,15.26332],[76.60608,15.25727],[76.60428,15.25333],[76.60562,15.2511],[76.60414,15.24767],[76.6047,15.24462],[76.59949,15.24192],[76.59907,15.24022],[76.60243,15.22006],[76.60577,15.22054],[76.61348,15.22573],[76.61549,15.22212],[76.60366,15.19551],[76.57376,15.19341],[76.55542,15.2022],[76.55,15.19179],[76.53898,15.19828],[76.53491,15.199],[76.53297,15.19573],[76.52442,15.19024],[76.51811,15.18154],[76.5095,15.18593],[76.49974,15.18174],[76.49539,15.18529],[76.48769,15.19577],[76.48655,15.20244],[76.48042,15.20966],[76.46838,15.21229],[76.45914,15.21767],[76.44827,15.22064],[76.43188,15.23294],[76.42768,15.224],[76.43134,15.21713],[76.42323,15.20713],[76.41972,15.20512],[76.40916,15.19378],[76.39586,15.19339],[76.40389,15.18112],[76.41474,15.17313],[76.42165,15.16052],[76.44015,15.13719],[76.45605,15.10245],[76.45957,15.0917],[76.46997,15.0827],[76.47274,15.07731],[76.47996,15.0705],[76.46117,15.0425],[76.45166,15.03866],[76.43761,15.04076],[76.422,15.04596],[76.41348,15.05533],[76.40984,15.06184],[76.3924,15.06471],[76.39255,15.05368],[76.39816,15.04908],[76.4011,15.03898],[76.40393,15.03782],[76.40486,15.02939],[76.39863,15.02377],[76.39382,15.0225],[76.38987,15.02364],[76.37868,15.02249],[76.38005,15.01944],[76.37862,15.01553],[76.37913,15.01148],[76.37153,14.99692],[76.36962,14.99741],[76.36782,14.99536],[76.36145,14.9959],[76.36596,14.99231],[76.36314,14.98558],[76.37426,14.98398],[76.37606,14.98236],[76.37374,14.95953],[76.37469,14.95734],[76.38046,14.95875],[76.39142,14.95642],[76.39401,14.95851],[76.39411,14.95498],[76.40043,14.95412],[76.40029,14.95196],[76.40182,14.95133],[76.40786,14.95102],[76.40632,14.94464],[76.40386,14.94352],[76.40412,14.93971],[76.40175,14.93483],[76.39799,14.93309],[76.40784,14.9335],[76.41266,14.93183],[76.42458,14.93195],[76.4259,14.93076],[76.43014,14.93532],[76.43453,14.93518],[76.45309,14.92766],[76.4566,14.92822],[76.46186,14.92498],[76.46992,14.927],[76.468,14.92446],[76.46078,14.92325],[76.45298,14.91758],[76.45297,14.91072],[76.45736,14.903],[76.46063,14.89167],[76.46072,14.88732],[76.45912,14.88391],[76.46406,14.88122],[76.46518,14.87634],[76.47072,14.88184],[76.47534,14.88114],[76.4751,14.86845],[76.48187,14.8594],[76.48592,14.86168],[76.49565,14.86095],[76.49619,14.86255],[76.49929,14.863],[76.49954,14.86845],[76.51769,14.8731],[76.52353,14.86956],[76.53083,14.87237],[76.53339,14.87196],[76.53033,14.8757],[76.53851,14.87609],[76.54172,14.88151],[76.55254,14.87987],[76.565,14.88034],[76.57,14.86563],[76.5801,14.86033],[76.58692,14.85879],[76.5927,14.86405],[76.59486,14.88161],[76.6112,14.88125],[76.61975,14.88428],[76.6331,14.88345],[76.63455,14.88957],[76.63715,14.88984],[76.63779,14.89259],[76.64666,14.89446],[76.64832,14.89663],[76.66548,14.89585],[76.66627,14.89455],[76.67417,14.89704],[76.67753,14.89444],[76.67847,14.9041],[76.67733,14.91122],[76.66528,14.91583],[76.66295,14.92472],[76.66259,14.93514],[76.65979,14.94175],[76.67931,14.93884],[76.69707,14.92761],[76.70338,14.93134],[76.70678,14.93095],[76.706,14.9423],[76.7128,14.93946],[76.71668,14.94758],[76.71712,14.96824],[76.71535,14.97298],[76.713,14.97338],[76.7114,14.97568],[76.68872,14.97858],[76.67762,15.0095],[76.67273,15.01291],[76.67354,15.01688],[76.67153,15.01867],[76.67259,15.02056],[76.67654,15.02206],[76.67793,15.0246],[76.68808,15.02501],[76.68896,15.02388],[76.68627,15.02186],[76.68596,15.01878],[76.69309,15.01899],[76.70158,15.01608],[76.70474,15.02183],[76.70258,15.02745],[76.7037,15.03337],[76.71151,15.03273],[76.71726,15.036],[76.72028,15.03382],[76.73011,15.03282],[76.73295,15.03153],[76.73609,15.0229],[76.72815,15.00984],[76.7275,14.99735],[76.73071,14.9945],[76.73406,14.98545],[76.73681,14.98672],[76.74461,14.98646],[76.75076,14.98317],[76.76057,14.98986],[76.76786,14.9901],[76.76957,14.99176],[76.77238,14.99084],[76.77503,14.99306],[76.77874,15.00456],[76.78363,15.00478],[76.78712,15.00793],[76.79013,15.02071],[76.78572,15.02768],[76.78575,15.03715],[76.78343,15.04261],[76.78035,15.04269],[76.77663,15.05468],[76.77361,15.05912],[76.77524,15.07225],[76.77989,15.07604],[76.77669,15.0784],[76.77787,15.07987],[76.78215,15.07733],[76.7853,15.08231],[76.78602,15.08781],[76.79235,15.08757],[76.79392,15.09185],[76.80024,15.09583],[76.81161,15.08638],[76.82377,15.08001],[76.83602,15.07923],[76.85459,15.06512],[76.86143,15.06198],[76.86087,15.05979],[76.86411,15.05803],[76.86589,15.05968],[76.86519,15.05522],[76.86919,15.05342],[76.87313,15.04314],[76.87784,15.03546],[76.87716,15.03021],[76.89498,15.03707],[76.90722,15.03252],[76.91837,15.03552],[76.92222,15.03128],[76.93586,15.02941],[76.94375,15.03088],[76.9496,15.03037],[76.96592,15.01804],[76.98522,15.01519],[76.98603,15.02649],[77.00303,15.03091],[77.00408,15.03383],[77.03595,15.03128],[77.04032,15.0331],[77.04956,15.03308],[77.05043,15.02447],[77.04412,15.00984],[77.0481,15.00801],[77.07204,15.00459],[77.0725,15.0058],[77.08245,15.00608],[77.08475,15.03071],[77.09085,15.02933],[77.09366,15.03614],[77.11293,15.03406],[77.11527,15.0464],[77.1195,15.04569],[77.12081,15.054],[77.12821,15.07231],[77.13012,15.10077],[77.13696,15.10234],[77.13694,15.10425],[77.14208,15.10457],[77.15017,15.11161],[77.15633,15.12293],[77.15728,15.14047],[77.15327,15.14098],[77.15314,15.13937],[77.14975,15.13976],[77.149,15.14142],[77.13795,15.14347],[77.13714,15.1478],[77.13472,15.14829],[77.14076,15.15859],[77.16283,15.15736],[77.16487,15.1682],[77.16736,15.16815],[77.16742,15.17125],[77.16913,15.17135],[77.16588,15.18935],[77.16195,15.20111],[77.15931,15.201],[77.15482,15.21482],[77.15166,15.2147],[77.15197,15.21757],[77.14725,15.22068],[77.14766,15.22391],[77.1454,15.2251],[77.14416,15.22397],[77.13578,15.22616],[77.12512,15.22694],[77.12627,15.24002],[77.13251,15.23969],[77.13283,15.24169],[77.13622,15.24096],[77.14028,15.24748],[77.14054,15.25172],[77.14304,15.25184],[77.14378,15.25721],[77.15587,15.25694],[77.16163,15.25912],[77.16767,15.2585],[77.16693,15.26858],[77.15926,15.26784],[77.15918,15.26924],[77.15285,15.27406],[77.14714,15.27292],[77.1471,15.27495],[77.15194,15.27568],[77.15158,15.29243],[77.13327,15.2928],[77.11972,15.29574],[77.11961,15.29454],[77.11838,15.29485],[77.11849,15.31344],[77.1169,15.31342],[77.11701,15.32574],[77.11259,15.32743],[77.1131,15.33368],[77.10145,15.33368],[77.07439,15.32589],[77.06373,15.32802],[77.06601,15.33774],[77.0649,15.34355],[77.05903,15.34896],[77.04474,15.35569],[77.04183,15.36192],[77.04135,15.37099],[77.04742,15.3834],[77.04725,15.39002],[77.04546,15.39292],[77.03963,15.39702],[77.03294,15.39971],[77.02923,15.40436],[77.02897,15.40768],[77.0339,15.41927],[77.03484,15.43029],[77.03353,15.43289],[77.0275,15.43974],[77.01077,15.44874],[77.00863,15.45126],[76.9973,15.47801],[76.99121,15.4829],[76.9771,15.48976],[76.97384,15.49953],[76.97453,15.51051],[76.99233,15.50579],[77.00946,15.50461],[77.01479,15.50183],[77.02279,15.50224],[77.02884,15.50046],[77.03004,15.50265],[77.03136,15.50709],[77.03132,15.54408],[77.02624,15.58174],[77.03291,15.60498],[77.0318,15.60553],[77.03279,15.60761],[77.0313,15.61159],[77.03272,15.62063],[77.03111,15.62099],[77.03146,15.62683],[77.03007,15.62683],[77.03043,15.63449],[77.03412,15.63456],[77.03433,15.6368],[77.04599,15.63864],[77.07173,15.64665],[77.08319,15.65915],[77.087,15.65763],[77.09095,15.65339],[77.10136,15.6485],[77.1034,15.64284],[77.10664,15.64181],[77.10747,15.64003],[77.10625,15.63744],[77.10832,15.63783],[77.11564,15.63251],[77.12142,15.63108],[77.1283,15.66246],[77.12888,15.66586],[77.12014,15.66761],[77.12137,15.67109],[77.11339,15.67569],[77.1142,15.67798],[77.10928,15.67988],[77.10923,15.68146],[77.09503,15.68836],[77.09379,15.69038],[77.07869,15.69514],[77.08064,15.69853],[77.08257,15.6987],[77.08741,15.71549],[77.07887,15.71625],[77.07969,15.72751],[77.0491,15.73026],[77.04938,15.74004],[77.04594,15.74036],[77.04799,15.75622],[77.05431,15.75617],[77.05646,15.76283],[77.05106,15.76452],[77.05231,15.76987],[77.05695,15.7687],[77.06094,15.78626],[77.06641,15.78505],[77.06717,15.78774],[77.06712,15.80269],[77.06373,15.80319],[77.06547,15.82735],[77.06314,15.82959],[77.05888,15.82999],[77.05449,15.83008],[77.05344,15.82884],[77.05098,15.8304],[77.04809,15.82797],[77.04766,15.83004],[77.04256,15.82884],[77.04069,15.83274],[77.03832,15.83231],[77.03838,15.83092],[77.03584,15.82957]]]}},{"type":"Feature","id":"KA-527","properties":{"districtCode":"KA-527","lgdCode":"527","districtName":"Belagavi","stateCode":"KA","stateLgdCode":"29","sourceName":"Belagavi"},"geometry":{"type":"MultiPolygon","coordinates":[[[[74.2913,15.83217],[74.27833,15.82929],[74.26171,15.82967],[74.26896,15.81659],[74.26619,15.80978],[74.26794,15.80027],[74.26647,15.7978],[74.27094,15.79508],[74.27239,15.79642],[74.27486,15.79609],[74.28544,15.78794],[74.28982,15.78773],[74.28915,15.79142],[74.2933,15.79527],[74.29673,15.79414],[74.29787,15.79097],[74.30234,15.78746],[74.30944,15.79118],[74.31341,15.79643],[74.31007,15.80146],[74.30337,15.80666],[74.2913,15.83217]]],[[[75.31988,16.9567],[75.2796,16.95656],[75.281,16.95305],[75.27956,16.94464],[75.27938,16.92333],[75.2829,16.90972],[75.28994,16.90403],[75.28203,16.88029],[75.27299,16.8692],[75.26472,16.8628],[75.2588,16.86441],[75.25096,16.8645],[75.23766,16.86794],[75.22764,16.84318],[75.2142,16.8417],[75.18185,16.8434],[75.18899,16.87528],[75.17658,16.86771],[75.15555,16.86856],[75.13648,16.87449],[75.13246,16.88942],[75.13484,16.8947],[75.12032,16.90253],[75.11748,16.91344],[75.10464,16.91268],[75.09631,16.91374],[75.0918,16.92605],[75.09214,16.94011],[75.08933,16.95158],[75.08508,16.95157],[75.07812,16.94883],[75.07435,16.95002],[75.07259,16.94665],[75.06204,16.94152],[75.04454,16.94173],[75.04139,16.94006],[75.04066,16.93644],[75.03787,16.93571],[75.03577,16.93284],[75.0336,16.93372],[75.02906,16.93149],[75.02643,16.93192],[75.0271,16.92945],[75.02523,16.928],[75.02477,16.93964],[75.02659,16.94414],[75.0045,16.94627],[75.00005,16.94891],[75.00035,16.94985],[74.99291,16.95207],[74.96826,16.95016],[74.96607,16.94771],[74.96436,16.94763],[74.96751,16.94161],[74.96064,16.93995],[74.96016,16.93726],[74.9605,16.93348],[74.96568,16.92986],[74.96454,16.92678],[74.95826,16.92824],[74.95042,16.93295],[74.9476,16.93935],[74.94117,16.94078],[74.93671,16.9442],[74.93171,16.94476],[74.93056,16.94167],[74.92654,16.93932],[74.92316,16.93931],[74.92178,16.92986],[74.93422,16.92423],[74.93266,16.91891],[74.93827,16.91729],[74.94435,16.91084],[74.95486,16.91017],[74.95535,16.90534],[74.95884,16.90585],[74.96364,16.9111],[74.96358,16.90971],[74.96036,16.88095],[74.94458,16.88116],[74.94438,16.8827],[74.93592,16.87924],[74.93522,16.87107],[74.92555,16.87203],[74.92542,16.86772],[74.92402,16.86713],[74.9265,16.86354],[74.91097,16.86404],[74.90152,16.86255],[74.90329,16.85908],[74.90424,16.85939],[74.90761,16.85017],[74.91029,16.83514],[74.90873,16.8237],[74.91022,16.81659],[74.91082,16.78954],[74.92014,16.7725],[74.88987,16.77126],[74.86936,16.77407],[74.86568,16.76336],[74.84982,16.77276],[74.84451,16.76182],[74.79874,16.75366],[74.79575,16.74775],[74.78337,16.75132],[74.77197,16.75068],[74.76937,16.74481],[74.76505,16.74186],[74.76035,16.74127],[74.75299,16.73309],[74.75276,16.73086],[74.73698,16.72354],[74.73209,16.71832],[74.73035,16.72013],[74.73004,16.71875],[74.72732,16.71909],[74.72718,16.71684],[74.70569,16.71491],[74.69102,16.71554],[74.68855,16.71279],[74.68773,16.7086],[74.68978,16.69726],[74.6894,16.68646],[74.68082,16.68589],[74.68109,16.68091],[74.68886,16.68154],[74.68955,16.67703],[74.67902,16.6731],[74.6795,16.66617],[74.66516,16.66567],[74.65916,16.64734],[74.65348,16.63883],[74.65905,16.63167],[74.66981,16.6294],[74.6766,16.62359],[74.68757,16.61789],[74.68986,16.61314],[74.68698,16.60679],[74.68268,16.6061],[74.67383,16.6092],[74.65999,16.6029],[74.65405,16.60417],[74.64443,16.61029],[74.64001,16.61045],[74.63615,16.60742],[74.63335,16.60036],[74.63323,16.59083],[74.63586,16.58391],[74.63319,16.58321],[74.62863,16.57773],[74.62284,16.57975],[74.6188,16.58407],[74.61708,16.57587],[74.60952,16.56959],[74.60428,16.56898],[74.60196,16.56536],[74.59896,16.56431],[74.58788,16.5661],[74.58403,16.56235],[74.58464,16.55913],[74.5746,16.55894],[74.57381,16.55391],[74.56854,16.55387],[74.56566,16.55843],[74.56065,16.56262],[74.55639,16.56277],[74.55485,16.56451],[74.55602,16.57356],[74.56466,16.57965],[74.56689,16.58539],[74.55877,16.59465],[74.55213,16.59528],[74.54861,16.59415],[74.54349,16.59532],[74.5427,16.62663],[74.54473,16.62898],[74.54449,16.63547],[74.52445,16.63343],[74.50385,16.63356],[74.50024,16.63313],[74.49501,16.62975],[74.48903,16.63014],[74.47672,16.64447],[74.47171,16.66405],[74.46874,16.6638],[74.46408,16.65827],[74.4564,16.65505],[74.45835,16.64868],[74.45478,16.6473],[74.4585,16.63557],[74.46581,16.62472],[74.46574,16.61566],[74.4641,16.61509],[74.46671,16.60682],[74.46345,16.60449],[74.43544,16.60106],[74.42634,16.59574],[74.42215,16.58451],[74.42081,16.58612],[74.40869,16.58323],[74.39663,16.58327],[74.39554,16.57217],[74.39121,16.56655],[74.39291,16.56488],[74.3869,16.55994],[74.38858,16.55076],[74.38715,16.5362],[74.37983,16.52859],[74.37643,16.52913],[74.37081,16.5348],[74.36082,16.53893],[74.35793,16.53834],[74.35774,16.54608],[74.35611,16.54976],[74.35908,16.55575],[74.35625,16.55975],[74.35399,16.55892],[74.35512,16.55506],[74.35028,16.55603],[74.34572,16.555],[74.34446,16.55173],[74.33969,16.54776],[74.33488,16.54788],[74.32517,16.5563],[74.31757,16.55371],[74.31571,16.55445],[74.31512,16.5046],[74.30614,16.50369],[74.30105,16.52264],[74.30264,16.52725],[74.30137,16.52927],[74.2916,16.53388],[74.28909,16.53244],[74.28685,16.52677],[74.28314,16.52459],[74.28075,16.53145],[74.28109,16.5411],[74.27713,16.54525],[74.27054,16.54796],[74.26444,16.54044],[74.26955,16.52248],[74.2761,16.52131],[74.27822,16.50491],[74.26573,16.5011],[74.25251,16.50062],[74.24737,16.49691],[74.25663,16.48954],[74.26077,16.4801],[74.27438,16.48563],[74.27458,16.49403],[74.27966,16.50483],[74.2909,16.5049],[74.29222,16.49947],[74.29218,16.48571],[74.28845,16.47723],[74.28928,16.46297],[74.29195,16.46175],[74.29705,16.46454],[74.3064,16.45528],[74.31246,16.45324],[74.32044,16.45392],[74.32465,16.45593],[74.32757,16.45485],[74.33127,16.45595],[74.33259,16.45476],[74.32971,16.4472],[74.33623,16.44567],[74.33269,16.43685],[74.33674,16.42881],[74.33129,16.42418],[74.32885,16.41905],[74.33505,16.40141],[74.34289,16.40346],[74.3448,16.40553],[74.36369,16.40509],[74.36291,16.39552],[74.35797,16.38954],[74.35701,16.38344],[74.35358,16.38188],[74.35341,16.36642],[74.3473,16.36832],[74.34512,16.37314],[74.34564,16.3769],[74.34121,16.38278],[74.34064,16.38867],[74.33587,16.39374],[74.32749,16.3915],[74.32814,16.38534],[74.32484,16.37829],[74.31719,16.381],[74.32084,16.37589],[74.31898,16.37164],[74.32477,16.35994],[74.32425,16.35743],[74.31789,16.35496],[74.31764,16.35305],[74.32703,16.34251],[74.32648,16.34142],[74.31879,16.34266],[74.31532,16.34008],[74.31656,16.33619],[74.3225,16.33437],[74.31661,16.32656],[74.32064,16.32375],[74.32732,16.32468],[74.32875,16.32375],[74.33129,16.32067],[74.32461,16.31666],[74.32516,16.31368],[74.32919,16.31221],[74.33224,16.31407],[74.33322,16.31345],[74.33296,16.31106],[74.33474,16.30903],[74.33192,16.30525],[74.33313,16.30474],[74.33591,16.30709],[74.34042,16.30244],[74.34028,16.29816],[74.34255,16.29803],[74.34201,16.29118],[74.34,16.29213],[74.33831,16.29001],[74.33689,16.29077],[74.33472,16.28961],[74.33184,16.29243],[74.32796,16.29325],[74.32469,16.2889],[74.32578,16.28559],[74.32313,16.28599],[74.32083,16.28448],[74.32245,16.27791],[74.32457,16.27723],[74.32493,16.27176],[74.32846,16.26887],[74.33415,16.2688],[74.33506,16.2704],[74.33333,16.27597],[74.33843,16.2714],[74.33892,16.27249],[74.34335,16.27309],[74.34205,16.27651],[74.34378,16.27808],[74.35046,16.27537],[74.35363,16.28309],[74.34534,16.28791],[74.34301,16.29066],[74.3456,16.29376],[74.35101,16.29179],[74.35109,16.29276],[74.35478,16.29264],[74.35518,16.29148],[74.3593,16.29058],[74.36253,16.28672],[74.36714,16.26943],[74.37301,16.26164],[74.38064,16.26197],[74.38021,16.27115],[74.38261,16.27736],[74.41051,16.2831],[74.41181,16.28166],[74.41439,16.28265],[74.41595,16.2801],[74.41553,16.27241],[74.41761,16.258],[74.42895,16.25753],[74.43577,16.25883],[74.4366,16.25408],[74.43555,16.25115],[74.45483,16.25339],[74.45609,16.24386],[74.46862,16.24019],[74.47671,16.24943],[74.48048,16.25013],[74.48156,16.24668],[74.48604,16.24312],[74.49035,16.23489],[74.49521,16.2349],[74.5031,16.22541],[74.50311,16.22247],[74.49629,16.21667],[74.49593,16.2143],[74.50126,16.20553],[74.50437,16.20503],[74.508,16.20226],[74.50584,16.20136],[74.50723,16.19653],[74.50624,16.19024],[74.50331,16.18807],[74.49379,16.18645],[74.48955,16.17742],[74.48984,16.16342],[74.48837,16.15726],[74.47983,16.14713],[74.48007,16.14499],[74.48511,16.1423],[74.48587,16.13406],[74.49084,16.11672],[74.49123,16.10431],[74.48879,16.10071],[74.4851,16.09837],[74.48482,16.09221],[74.48156,16.08889],[74.47273,16.0906],[74.47269,16.09299],[74.46105,16.09978],[74.45868,16.10379],[74.4429,16.10534],[74.42762,16.11197],[74.40997,16.10212],[74.40696,16.09351],[74.39829,16.09246],[74.39004,16.08946],[74.39182,16.08253],[74.39086,16.08048],[74.38954,16.07979],[74.38362,16.08293],[74.38173,16.0793],[74.37222,16.07821],[74.37151,16.06824],[74.36133,16.05384],[74.36355,16.05303],[74.37252,16.056],[74.37734,16.05512],[74.37457,16.04689],[74.36905,16.03922],[74.3734,16.03644],[74.378,16.0377],[74.38099,16.03548],[74.40209,16.04611],[74.40552,16.05184],[74.41499,16.05571],[74.42091,16.0556],[74.42969,16.05915],[74.43422,16.05847],[74.44285,16.05281],[74.45012,16.05401],[74.45714,16.04823],[74.46221,16.04984],[74.46302,16.04162],[74.45649,16.04106],[74.46322,16.03919],[74.45723,16.02697],[74.45535,16.01952],[74.45011,16.01105],[74.45026,16.00855],[74.44795,16.00659],[74.44691,16.00318],[74.44477,16.00305],[74.44634,15.9971],[74.44464,15.99244],[74.44261,15.99163],[74.44395,15.9864],[74.43787,15.9799],[74.43893,15.97568],[74.43607,15.96747],[74.43099,15.95962],[74.43083,15.95658],[74.42735,15.95112],[74.4228,15.9477],[74.41256,15.93387],[74.40781,15.93078],[74.39771,15.91675],[74.38687,15.90498],[74.38778,15.90131],[74.39342,15.90004],[74.39674,15.88036],[74.39279,15.87839],[74.39765,15.86997],[74.40637,15.86445],[74.40617,15.85538],[74.40163,15.85461],[74.40235,15.85227],[74.39754,15.85115],[74.39141,15.85476],[74.38814,15.85425],[74.38693,15.85965],[74.38283,15.86004],[74.38003,15.87629],[74.37675,15.88238],[74.36936,15.88985],[74.3661,15.89131],[74.36861,15.89436],[74.3647,15.89386],[74.36513,15.8825],[74.36326,15.87492],[74.35794,15.87316],[74.35087,15.86543],[74.34552,15.86229],[74.34721,15.86017],[74.34661,15.85879],[74.33821,15.85492],[74.345,15.85044],[74.36822,15.85057],[74.38309,15.8491],[74.38405,15.84012],[74.38074,15.83673],[74.38104,15.83538],[74.37993,15.83827],[74.3766,15.83335],[74.3774,15.83222],[74.37558,15.83323],[74.37321,15.83251],[74.37233,15.83022],[74.3709,15.83071],[74.36648,15.82589],[74.36536,15.81927],[74.36062,15.81778],[74.36267,15.81469],[74.36993,15.81146],[74.3703,15.80849],[74.36869,15.80695],[74.36961,15.80463],[74.37076,15.80507],[74.37192,15.80098],[74.37039,15.79859],[74.37197,15.79824],[74.36889,15.79174],[74.36904,15.78812],[74.36214,15.78236],[74.35843,15.77483],[74.35247,15.77055],[74.35025,15.77032],[74.34568,15.76456],[74.34069,15.76467],[74.33747,15.7679],[74.33128,15.76901],[74.32307,15.77268],[74.31899,15.76622],[74.31862,15.75838],[74.30974,15.75489],[74.31034,15.75157],[74.3079,15.74848],[74.30135,15.74764],[74.29612,15.74442],[74.28729,15.74198],[74.2852,15.74173],[74.28426,15.74366],[74.2736,15.74908],[74.26832,15.75474],[74.26384,15.75296],[74.25554,15.74604],[74.25386,15.74677],[74.25403,15.74515],[74.24026,15.74332],[74.23708,15.74518],[74.23652,15.74822],[74.2337,15.7483],[74.23243,15.75221],[74.22797,15.75603],[74.2265,15.76263],[74.22858,15.7721],[74.23458,15.77858],[74.2335,15.78699],[74.22777,15.7884],[74.22103,15.786],[74.2159,15.78389],[74.21311,15.78006],[74.20897,15.78127],[74.20532,15.76718],[74.20143,15.75862],[74.18953,15.75212],[74.16156,15.75129],[74.1533,15.74363],[74.15111,15.73987],[74.15196,15.73782],[74.15097,15.73581],[74.14401,15.73309],[74.14184,15.73433],[74.13396,15.72982],[74.13346,15.72631],[74.13076,15.72336],[74.12582,15.72411],[74.12217,15.72073],[74.1261,15.71846],[74.12618,15.70796],[74.12834,15.70867],[74.13143,15.70587],[74.13213,15.7024],[74.13033,15.70175],[74.13168,15.69354],[74.13072,15.68963],[74.12577,15.68097],[74.10885,15.67269],[74.10261,15.67223],[74.09136,15.67463],[74.0881,15.67247],[74.08828,15.66994],[74.09423,15.66308],[74.10188,15.65839],[74.11094,15.65769],[74.11828,15.652],[74.12729,15.65112],[74.13554,15.64837],[74.14112,15.6511],[74.14909,15.65197],[74.15435,15.6499],[74.15747,15.65468],[74.16442,15.6535],[74.16559,15.65438],[74.16568,15.6649],[74.16737,15.67209],[74.17161,15.67382],[74.17635,15.68005],[74.18097,15.68215],[74.18873,15.68093],[74.19084,15.67895],[74.19092,15.6764],[74.1861,15.6745],[74.18684,15.66745],[74.20406,15.66368],[74.20175,15.65634],[74.20513,15.65103],[74.21745,15.65274],[74.22216,15.65564],[74.22222,15.65685],[74.21772,15.65836],[74.21515,15.66287],[74.21765,15.6623],[74.21802,15.66435],[74.22378,15.66898],[74.2246,15.66626],[74.22841,15.66444],[74.22979,15.66638],[74.23636,15.66858],[74.2394,15.66461],[74.23817,15.66362],[74.24299,15.66244],[74.24485,15.6582],[74.25044,15.65726],[74.25198,15.65431],[74.24416,15.62611],[74.24826,15.6229],[74.25372,15.62674],[74.25848,15.6234],[74.25859,15.62078],[74.2643,15.61551],[74.26191,15.60842],[74.25999,15.60672],[74.26025,15.59263],[74.24874,15.58038],[74.25053,15.57737],[74.24519,15.5666],[74.24967,15.56765],[74.25833,15.56169],[74.26174,15.56488],[74.26364,15.56331],[74.2653,15.55837],[74.27792,15.54611],[74.28265,15.53142],[74.2817,15.52613],[74.27815,15.52285],[74.29172,15.52496],[74.29282,15.52356],[74.30457,15.52068],[74.32684,15.517],[74.34248,15.51795],[74.34892,15.50949],[74.35335,15.50722],[74.35968,15.49666],[74.37485,15.48075],[74.38064,15.48131],[74.38672,15.48413],[74.38821,15.48136],[74.39446,15.48065],[74.40439,15.47386],[74.40626,15.47332],[74.40955,15.47526],[74.41327,15.4739],[74.41506,15.47022],[74.41783,15.46933],[74.41955,15.46432],[74.42188,15.46359],[74.42349,15.42278],[74.42637,15.39839],[74.43236,15.39871],[74.43391,15.4021],[74.4372,15.40264],[74.4386,15.40505],[74.4412,15.40431],[74.44585,15.40667],[74.45197,15.4061],[74.45422,15.40229],[74.45646,15.40307],[74.45924,15.40598],[74.46035,15.41324],[74.46454,15.41507],[74.4705,15.40941],[74.471,15.40358],[74.47379,15.40246],[74.47256,15.39779],[74.48261,15.39581],[74.48438,15.39786],[74.48888,15.39883],[74.49114,15.40078],[74.49728,15.40116],[74.49917,15.40301],[74.50278,15.4037],[74.51692,15.40232],[74.53527,15.41868],[74.54469,15.41681],[74.55827,15.4065],[74.56833,15.40242],[74.57169,15.3961],[74.57623,15.39139],[74.5822,15.39023],[74.58565,15.38256],[74.59726,15.37612],[74.59843,15.37188],[74.60272,15.36666],[74.61392,15.35846],[74.6324,15.36696],[74.64279,15.38432],[74.64932,15.39002],[74.68958,15.39789],[74.69936,15.41004],[74.70653,15.4076],[74.71803,15.41144],[74.72625,15.41149],[74.72903,15.409],[74.73037,15.40981],[74.73386,15.40859],[74.74082,15.41097],[74.74095,15.41778],[74.73801,15.42219],[74.73305,15.42317],[74.73107,15.42533],[74.72965,15.43145],[74.73213,15.43369],[74.7307,15.43549],[74.73079,15.44014],[74.74023,15.4468],[74.73781,15.44835],[74.74009,15.44863],[74.74034,15.45144],[74.74126,15.4505],[74.74232,15.45132],[74.7435,15.46127],[74.74199,15.46221],[74.74443,15.46347],[74.74295,15.46417],[74.74354,15.4667],[74.73719,15.46588],[74.7319,15.4709],[74.72889,15.47672],[74.73104,15.47733],[74.72731,15.48888],[74.73811,15.49013],[74.74859,15.4962],[74.75338,15.48731],[74.75539,15.48777],[74.7539,15.48476],[74.76108,15.47047],[74.7646,15.47391],[74.77096,15.46909],[74.77831,15.45931],[74.7886,15.47396],[74.78897,15.4817],[74.78644,15.48369],[74.78694,15.48612],[74.79587,15.48751],[74.79589,15.49117],[74.79991,15.49425],[74.798,15.49775],[74.80007,15.49672],[74.79984,15.49914],[74.80416,15.49696],[74.80583,15.49801],[74.80226,15.50101],[74.80345,15.50298],[74.81386,15.50496],[74.80945,15.51262],[74.81125,15.51431],[74.81146,15.52183],[74.80486,15.53275],[74.7979,15.54851],[74.80592,15.55115],[74.80752,15.55423],[74.82028,15.56229],[74.81986,15.5653],[74.82345,15.56603],[74.82244,15.56848],[74.8409,15.57474],[74.83801,15.57707],[74.83532,15.58659],[74.83223,15.59091],[74.82989,15.59029],[74.82857,15.60824],[74.83047,15.6103],[74.83825,15.61236],[74.84021,15.60855],[74.85539,15.61151],[74.87372,15.61759],[74.87888,15.61793],[74.87767,15.62272],[74.88358,15.6247],[74.88734,15.62967],[74.90217,15.63185],[74.91183,15.63166],[74.9281,15.62418],[74.93271,15.62357],[74.94448,15.62396],[74.95243,15.62691],[74.96507,15.62719],[74.96311,15.64348],[74.96632,15.65432],[74.97801,15.64913],[74.99126,15.65153],[74.99208,15.64998],[75.01936,15.64392],[75.02191,15.65034],[75.0236,15.6518],[75.02801,15.6518],[75.02828,15.6698],[75.04672,15.67063],[75.04975,15.68246],[75.05978,15.68208],[75.0589,15.67736],[75.06319,15.66927],[75.05634,15.63248],[75.06209,15.63002],[75.06431,15.6279],[75.06394,15.62569],[75.08065,15.6229],[75.08242,15.61731],[75.08487,15.61658],[75.08719,15.6124],[75.08999,15.61221],[75.0918,15.60788],[75.09768,15.62933],[75.10143,15.66078],[75.1061,15.66023],[75.10821,15.67198],[75.12386,15.66799],[75.12386,15.66549],[75.12628,15.66425],[75.12677,15.66568],[75.1303,15.66349],[75.13235,15.66011],[75.13585,15.66045],[75.14134,15.65868],[75.14712,15.65992],[75.14931,15.65843],[75.15195,15.66106],[75.15283,15.65941],[75.16286,15.66096],[75.16642,15.65925],[75.17135,15.66055],[75.17782,15.65925],[75.18101,15.65675],[75.18395,15.65763],[75.18565,15.65599],[75.18724,15.64896],[75.20272,15.64906],[75.20263,15.68155],[75.21775,15.68157],[75.21787,15.67695],[75.23628,15.67901],[75.24911,15.64698],[75.2737,15.6487],[75.27261,15.66286],[75.27887,15.68849],[75.27709,15.72207],[75.27362,15.72259],[75.27456,15.74039],[75.29378,15.74103],[75.29311,15.72821],[75.29964,15.7276],[75.31416,15.73004],[75.31835,15.74493],[75.31831,15.76455],[75.30608,15.76596],[75.30412,15.78597],[75.30364,15.81257],[75.32103,15.81238],[75.32145,15.81028],[75.32487,15.81121],[75.33283,15.81635],[75.32988,15.82401],[75.33927,15.82763],[75.34114,15.80476],[75.36469,15.8049],[75.36676,15.81686],[75.37491,15.84534],[75.39034,15.8378],[75.40417,15.84166],[75.40752,15.83973],[75.4108,15.84149],[75.42456,15.84193],[75.42438,15.82272],[75.41417,15.78477],[75.43716,15.77871],[75.44013,15.79531],[75.44718,15.79376],[75.45082,15.81136],[75.45267,15.81085],[75.45466,15.81846],[75.45783,15.81846],[75.45728,15.86152],[75.4511,15.86282],[75.45387,15.88096],[75.44938,15.88427],[75.4489,15.88608],[75.44327,15.88917],[75.44403,15.89057],[75.44715,15.8899],[75.44662,15.89307],[75.43794,15.89359],[75.43757,15.89484],[75.43963,15.91285],[75.44153,15.91857],[75.42487,15.92137],[75.42723,15.92476],[75.42979,15.93995],[75.43342,15.94555],[75.4396,15.96646],[75.43236,15.97],[75.43163,15.97541],[75.43596,15.98791],[75.43784,16.00302],[75.43084,16.00853],[75.42607,16.00935],[75.42333,16.0329],[75.41646,16.03281],[75.41553,16.04001],[75.41541,16.05242],[75.41941,16.05663],[75.42319,16.05371],[75.42799,16.05263],[75.4449,16.05286],[75.44523,16.06925],[75.43117,16.06925],[75.42787,16.09294],[75.43131,16.09631],[75.43576,16.09658],[75.43893,16.11548],[75.41593,16.11576],[75.41188,16.13063],[75.40916,16.1295],[75.40692,16.12624],[75.40458,16.11387],[75.38949,16.1133],[75.35535,16.11532],[75.3531,16.11647],[75.35436,16.12861],[75.34703,16.12375],[75.34134,16.12455],[75.33834,16.12113],[75.33149,16.11857],[75.32777,16.11533],[75.27581,16.12028],[75.28708,16.15132],[75.29233,16.17274],[75.28434,16.17636],[75.28584,16.17942],[75.28597,16.18758],[75.28886,16.19201],[75.28588,16.20125],[75.28074,16.19972],[75.27307,16.20632],[75.26879,16.20802],[75.24909,16.20464],[75.23231,16.21006],[75.233,16.21795],[75.23051,16.22328],[75.22962,16.23336],[75.23083,16.23643],[75.2332,16.23806],[75.23394,16.24274],[75.2384,16.25097],[75.23222,16.25024],[75.23409,16.25947],[75.22509,16.26218],[75.21659,16.26888],[75.20317,16.27283],[75.18487,16.27598],[75.17779,16.27542],[75.17355,16.27655],[75.1702,16.27969],[75.15702,16.28044],[75.14809,16.28245],[75.16011,16.31127],[75.16081,16.31624],[75.15941,16.32083],[75.14865,16.31535],[75.12962,16.33086],[75.12457,16.33114],[75.11741,16.32666],[75.109,16.32865],[75.09627,16.32487],[75.08661,16.33044],[75.07621,16.33165],[75.0651,16.32671],[75.0579,16.33056],[75.0559,16.33042],[75.0432,16.31823],[75.0346,16.33801],[75.03302,16.35785],[75.03506,16.38677],[75.03963,16.39802],[75.04106,16.39791],[75.04152,16.3962],[75.0485,16.39642],[75.0494,16.39982],[75.07296,16.40439],[75.07515,16.42604],[75.07782,16.43779],[75.02796,16.43364],[75.02382,16.43555],[75.02323,16.44038],[75.01773,16.43978],[75.0153,16.45257],[75.0168,16.45844],[75.00187,16.45782],[74.99845,16.45446],[74.9884,16.45355],[74.99154,16.45913],[74.99132,16.46285],[74.98653,16.46309],[74.98628,16.47072],[74.98846,16.47255],[74.98911,16.47709],[74.98851,16.50096],[74.99445,16.51607],[74.99799,16.51757],[75.00097,16.52969],[75.00414,16.53102],[75.00422,16.53343],[75.00655,16.53345],[75.0076,16.53841],[75.06675,16.53938],[75.07128,16.56759],[75.08117,16.56277],[75.0868,16.55538],[75.08955,16.53983],[75.10017,16.52652],[75.10527,16.51102],[75.11239,16.50636],[75.11954,16.50771],[75.1255,16.51163],[75.13317,16.52328],[75.13826,16.52559],[75.1524,16.52707],[75.16198,16.53452],[75.16536,16.54447],[75.16588,16.55095],[75.15715,16.56826],[75.15699,16.58381],[75.15993,16.59029],[75.17095,16.60035],[75.17706,16.60383],[75.19819,16.60869],[75.22133,16.61693],[75.23138,16.61576],[75.24269,16.60803],[75.25228,16.60513],[75.25858,16.60738],[75.2567,16.60926],[75.25801,16.61155],[75.25532,16.61898],[75.25633,16.62011],[75.26148,16.62042],[75.26825,16.64096],[75.26593,16.66742],[75.26269,16.68069],[75.26456,16.69162],[75.27921,16.70471],[75.28789,16.7151],[75.31858,16.71858],[75.36265,16.71436],[75.36385,16.72107],[75.36538,16.72272],[75.3625,16.72912],[75.36368,16.73727],[75.36645,16.74242],[75.36541,16.74766],[75.36618,16.76013],[75.38435,16.76342],[75.38507,16.77088],[75.38251,16.78042],[75.38082,16.79854],[75.37869,16.79841],[75.37888,16.82408],[75.38104,16.83367],[75.39495,16.86315],[75.3859,16.86352],[75.38067,16.86681],[75.36902,16.86625],[75.35379,16.87114],[75.34766,16.86955],[75.33563,16.86939],[75.33387,16.8918],[75.3342,16.91243],[75.33662,16.9266],[75.34124,16.94152],[75.34253,16.95306],[75.34158,16.95617],[75.31988,16.9567]]]]}},{"type":"Feature","id":"KA-526","properties":{"districtCode":"KA-526","lgdCode":"526","districtName":"Bengaluru Rural","stateCode":"KA","stateLgdCode":"29","sourceName":"Bengaluru Rural"},"geometry":{"type":"Polygon","coordinates":[[[77.39908,13.49277],[77.38466,13.49907],[77.37807,13.48976],[77.3771,13.48333],[77.3723,13.48311],[77.37021,13.47822],[77.3734,13.47004],[77.36681,13.46945],[77.36612,13.46356],[77.35844,13.46306],[77.34862,13.45718],[77.3484,13.44659],[77.35281,13.44405],[77.35338,13.44032],[77.35491,13.44074],[77.35689,13.4377],[77.36197,13.43692],[77.36287,13.42004],[77.35846,13.41485],[77.34589,13.41756],[77.34234,13.39866],[77.34245,13.39193],[77.34353,13.39137],[77.34084,13.37703],[77.3457,13.37463],[77.34244,13.36565],[77.34125,13.35711],[77.34235,13.35083],[77.34457,13.35013],[77.34382,13.3397],[77.34099,13.33767],[77.33852,13.32911],[77.3318,13.32824],[77.32934,13.3304],[77.32295,13.32587],[77.31191,13.32208],[77.30867,13.31061],[77.2812,13.3104],[77.28166,13.29728],[77.27525,13.29768],[77.26963,13.30561],[77.26982,13.31115],[77.25473,13.30887],[77.25266,13.30173],[77.24945,13.30171],[77.24311,13.3024],[77.24023,13.30851],[77.23353,13.30962],[77.2317,13.31267],[77.22901,13.31331],[77.22033,13.28551],[77.22003,13.27445],[77.22214,13.26835],[77.21934,13.26295],[77.21605,13.26156],[77.2046,13.26228],[77.19991,13.26825],[77.19246,13.26902],[77.19116,13.27475],[77.18839,13.2764],[77.1855,13.26152],[77.18349,13.25762],[77.18619,13.25519],[77.18661,13.2516],[77.19245,13.24356],[77.19021,13.23784],[77.18582,13.23852],[77.18615,13.23653],[77.18471,13.23586],[77.18269,13.22872],[77.18635,13.22518],[77.19406,13.2243],[77.1951,13.20663],[77.20025,13.20316],[77.19934,13.1968],[77.2009,13.19627],[77.20095,13.19451],[77.20295,13.19461],[77.20287,13.19732],[77.2075,13.19662],[77.20359,13.18448],[77.20756,13.17884],[77.2074,13.17358],[77.21335,13.16855],[77.21628,13.16161],[77.21321,13.1516],[77.2175,13.14487],[77.22842,13.14655],[77.23043,13.14461],[77.23159,13.14734],[77.24163,13.14636],[77.24893,13.1519],[77.25529,13.15255],[77.26619,13.1506],[77.26972,13.15245],[77.27504,13.15258],[77.27394,13.13979],[77.27092,13.14315],[77.26708,13.14266],[77.26543,13.12758],[77.26841,13.11885],[77.27647,13.11945],[77.27783,13.1254],[77.2793,13.12599],[77.27913,13.13377],[77.28475,13.13435],[77.28679,13.12169],[77.2882,13.12066],[77.29195,13.12117],[77.29283,13.1101],[77.29649,13.10912],[77.30272,13.11088],[77.31434,13.10614],[77.30928,13.08324],[77.30936,13.05497],[77.31105,13.04632],[77.32005,13.04853],[77.32388,13.04702],[77.32577,13.04972],[77.32839,13.05021],[77.33113,13.04291],[77.32966,13.03914],[77.32996,13.02607],[77.32545,13.02291],[77.32783,13.00887],[77.32193,13.00832],[77.32873,12.97764],[77.33353,12.97869],[77.33731,12.97778],[77.33805,12.97282],[77.34466,12.97479],[77.34759,12.97428],[77.35276,12.9764],[77.35526,12.98083],[77.3559,12.98605],[77.36017,12.98928],[77.36494,12.98722],[77.3666,12.991],[77.37182,12.99214],[77.3702,13.00032],[77.37137,13.00338],[77.36908,13.00646],[77.36991,13.01326],[77.37097,13.01447],[77.3757,13.01486],[77.3769,13.02172],[77.37557,13.02876],[77.37928,13.02653],[77.38915,13.02653],[77.3918,13.05171],[77.39402,13.05295],[77.39009,13.05576],[77.38606,13.05535],[77.38303,13.05722],[77.38278,13.06503],[77.38412,13.06787],[77.39535,13.07096],[77.39771,13.0732],[77.41144,13.07358],[77.41601,13.07073],[77.4237,13.07027],[77.42884,13.08646],[77.42394,13.08745],[77.42279,13.08599],[77.42048,13.08654],[77.42136,13.09124],[77.41595,13.0932],[77.41876,13.09787],[77.4155,13.10181],[77.4179,13.10492],[77.40893,13.10711],[77.40087,13.11171],[77.40131,13.11814],[77.39272,13.11503],[77.39292,13.11764],[77.39405,13.11943],[77.39707,13.11869],[77.39755,13.12351],[77.40859,13.1237],[77.40859,13.12565],[77.4251,13.15147],[77.43179,13.16509],[77.44363,13.1666],[77.46067,13.16076],[77.46161,13.16209],[77.46788,13.16247],[77.46772,13.16945],[77.46927,13.17469],[77.4756,13.18468],[77.47671,13.18914],[77.47833,13.20505],[77.47809,13.2062],[77.47442,13.2062],[77.47418,13.21126],[77.4758,13.21689],[77.47991,13.2234],[77.48797,13.22239],[77.4989,13.22717],[77.50565,13.22516],[77.5065,13.22883],[77.51144,13.22857],[77.51196,13.22448],[77.51835,13.22029],[77.51796,13.21867],[77.52101,13.21461],[77.51894,13.20913],[77.52039,13.21109],[77.52227,13.2106],[77.52233,13.20877],[77.52211,13.21437],[77.52658,13.22111],[77.53686,13.21902],[77.53862,13.22588],[77.54214,13.22724],[77.5432,13.23284],[77.54924,13.23153],[77.55052,13.23304],[77.55932,13.2323],[77.55661,13.21918],[77.56951,13.2161],[77.5711,13.20701],[77.56901,13.20716],[77.56677,13.20143],[77.57428,13.19874],[77.5892,13.19625],[77.5915,13.19782],[77.60006,13.19647],[77.60432,13.20364],[77.61583,13.20535],[77.61309,13.20877],[77.61736,13.21052],[77.62868,13.20891],[77.63763,13.20522],[77.6381,13.20332],[77.64748,13.20033],[77.65867,13.19993],[77.66041,13.20089],[77.657,13.19783],[77.6542,13.1914],[77.65453,13.18815],[77.66018,13.18644],[77.66301,13.184],[77.66658,13.18605],[77.67081,13.18512],[77.67146,13.18979],[77.68669,13.19329],[77.68425,13.20336],[77.69014,13.2027],[77.69847,13.18941],[77.70744,13.18976],[77.71208,13.19618],[77.72562,13.19272],[77.72855,13.18482],[77.72683,13.17626],[77.73038,13.17354],[77.72737,13.16865],[77.73078,13.16526],[77.73015,13.16105],[77.73265,13.1594],[77.7299,13.156],[77.7282,13.14665],[77.73196,13.14488],[77.729,13.13423],[77.72976,13.13239],[77.72447,13.12661],[77.73368,13.12347],[77.73231,13.11477],[77.74274,13.11455],[77.75004,13.11631],[77.75475,13.11333],[77.76138,13.11339],[77.76304,13.10828],[77.76503,13.10776],[77.76339,13.0991],[77.76488,13.09726],[77.7669,13.08457],[77.75956,13.08178],[77.76121,13.07643],[77.76026,13.07377],[77.76739,13.06507],[77.76755,13.05808],[77.77101,13.05368],[77.77132,13.04792],[77.77347,13.04826],[77.77832,13.03585],[77.78106,13.03381],[77.78139,13.03119],[77.77764,13.02819],[77.77628,13.02117],[77.77131,13.01417],[77.77437,13.01324],[77.7732,13.00629],[77.77575,13.0058],[77.7751,13.0032],[77.77244,13.00256],[77.77477,13.00119],[77.77651,12.98189],[77.77879,12.97763],[77.77654,12.97482],[77.77922,12.97241],[77.77918,12.97023],[77.76714,12.95944],[77.77258,12.9511],[77.76571,12.94506],[77.76511,12.94247],[77.77544,12.93872],[77.77743,12.93411],[77.77663,12.93159],[77.77882,12.92887],[77.79809,12.92521],[77.79751,12.91825],[77.80307,12.91933],[77.80964,12.93265],[77.81096,12.93313],[77.81633,12.92641],[77.81978,12.92686],[77.82294,12.92934],[77.83228,12.92661],[77.82993,12.91965],[77.82668,12.92126],[77.81675,12.92141],[77.81781,12.91867],[77.81621,12.91465],[77.82078,12.91178],[77.82189,12.90649],[77.82115,12.90185],[77.82295,12.9011],[77.82505,12.89767],[77.82478,12.89529],[77.82984,12.88942],[77.8321,12.88216],[77.82963,12.87747],[77.83149,12.87695],[77.83229,12.87395],[77.83601,12.87033],[77.84261,12.86869],[77.84739,12.86932],[77.85073,12.86616],[77.85748,12.86948],[77.86765,12.86807],[77.86643,12.8761],[77.85568,12.87625],[77.85228,12.89091],[77.86189,12.91427],[77.85681,12.91649],[77.85353,12.91537],[77.84457,12.91635],[77.84219,12.91404],[77.83956,12.92218],[77.84103,12.92483],[77.84736,12.92629],[77.85102,12.93208],[77.85429,12.93247],[77.85918,12.93567],[77.86918,12.93382],[77.87074,12.93714],[77.87371,12.94519],[77.86711,12.95093],[77.87156,12.95984],[77.8653,12.96614],[77.8647,12.97365],[77.87142,12.9729],[77.87231,12.97515],[77.87079,12.97656],[77.87194,12.98145],[77.87097,12.98512],[77.87372,12.98708],[77.87287,12.99454],[77.87406,12.99765],[77.87938,13.00518],[77.88587,13.00857],[77.88754,13.01724],[77.88676,13.01996],[77.88988,13.02375],[77.8933,13.03503],[77.88716,13.03708],[77.88881,13.04543],[77.89309,13.04624],[77.89143,13.0471],[77.89222,13.0522],[77.8939,13.0538],[77.90532,13.04897],[77.91366,13.04845],[77.91529,13.05084],[77.91897,13.0509],[77.91998,13.05534],[77.92161,13.05653],[77.92163,13.06114],[77.92477,13.06319],[77.9282,13.06845],[77.93737,13.06597],[77.94145,13.06879],[77.94155,13.07677],[77.93955,13.08355],[77.93875,13.07863],[77.93602,13.07557],[77.93183,13.07395],[77.92623,13.07587],[77.92704,13.08266],[77.91838,13.07926],[77.9174,13.08077],[77.91332,13.08084],[77.91674,13.08623],[77.91607,13.0876],[77.9111,13.09601],[77.90154,13.09979],[77.90134,13.10239],[77.91412,13.11106],[77.91541,13.11904],[77.92364,13.11593],[77.92307,13.11253],[77.92523,13.11228],[77.9255,13.11068],[77.93734,13.10814],[77.93658,13.11419],[77.93927,13.12514],[77.94575,13.12359],[77.94857,13.12762],[77.95619,13.12629],[77.95772,13.13033],[77.95544,13.14011],[77.95941,13.15151],[77.95735,13.15212],[77.95877,13.15738],[77.95304,13.16057],[77.95534,13.16307],[77.95552,13.16944],[77.95424,13.17007],[77.95534,13.17643],[77.95704,13.17634],[77.9583,13.18175],[77.96087,13.18186],[77.96156,13.18656],[77.96287,13.18669],[77.96383,13.18934],[77.96245,13.18954],[77.96099,13.19496],[77.9595,13.19579],[77.96055,13.20015],[77.95512,13.20087],[77.95634,13.2044],[77.95473,13.20566],[77.95795,13.21869],[77.95127,13.21936],[77.95136,13.21498],[77.94523,13.21418],[77.94656,13.21922],[77.96385,13.23277],[77.96333,13.23882],[77.96499,13.23746],[77.96492,13.24405],[77.95567,13.24863],[77.94855,13.24999],[77.94559,13.24366],[77.93495,13.24606],[77.92901,13.23823],[77.92577,13.23976],[77.92335,13.23884],[77.91412,13.23974],[77.91385,13.23194],[77.90869,13.23147],[77.89092,13.23453],[77.89967,13.24174],[77.90219,13.24208],[77.9047,13.24511],[77.90565,13.25056],[77.90446,13.25048],[77.90537,13.25267],[77.90341,13.25483],[77.89079,13.25756],[77.88859,13.25079],[77.88007,13.25045],[77.87411,13.24393],[77.87848,13.23934],[77.8766,13.23431],[77.87079,13.23425],[77.86364,13.24112],[77.858,13.22847],[77.85829,13.22037],[77.85002,13.2195],[77.84779,13.22107],[77.85077,13.24106],[77.82133,13.25262],[77.81705,13.24706],[77.81441,13.23951],[77.80756,13.24313],[77.80909,13.24685],[77.81088,13.24617],[77.81541,13.25348],[77.8185,13.25356],[77.82097,13.25817],[77.8088,13.26148],[77.81139,13.26784],[77.81146,13.27758],[77.8157,13.28761],[77.81589,13.29756],[77.82217,13.29695],[77.82258,13.29076],[77.82955,13.29067],[77.82925,13.30057],[77.82763,13.30066],[77.82763,13.30549],[77.81444,13.30425],[77.81444,13.30943],[77.81018,13.31007],[77.81242,13.31301],[77.81378,13.31258],[77.81334,13.31095],[77.81728,13.31018],[77.81849,13.31538],[77.82262,13.31881],[77.82717,13.32701],[77.82103,13.3286],[77.81023,13.3344],[77.81025,13.33834],[77.80357,13.338],[77.79638,13.34067],[77.79111,13.34567],[77.79047,13.35087],[77.77472,13.35305],[77.77195,13.35603],[77.75414,13.3638],[77.75188,13.36275],[77.75062,13.35929],[77.74406,13.36112],[77.74279,13.36025],[77.74514,13.35533],[77.74389,13.35375],[77.73726,13.3604],[77.73009,13.36087],[77.72649,13.36332],[77.72632,13.36163],[77.72924,13.36035],[77.72855,13.35169],[77.71639,13.35178],[77.71755,13.35349],[77.71675,13.36563],[77.71096,13.36623],[77.70901,13.36452],[77.71021,13.36324],[77.69866,13.35898],[77.69939,13.34828],[77.70313,13.34606],[77.70344,13.34425],[77.69989,13.33737],[77.69627,13.33833],[77.6879,13.34989],[77.68429,13.35187],[77.68216,13.351],[77.67994,13.34488],[77.66706,13.34799],[77.66706,13.35071],[77.65594,13.35823],[77.65705,13.37271],[77.66196,13.37746],[77.65957,13.38347],[77.65196,13.38704],[77.65773,13.39306],[77.65756,13.39782],[77.65326,13.39842],[77.65023,13.3933],[77.64784,13.39183],[77.63846,13.3938],[77.63793,13.38541],[77.63651,13.38667],[77.63391,13.37592],[77.62831,13.37763],[77.62094,13.37536],[77.6222,13.38226],[77.62092,13.38468],[77.61695,13.38489],[77.61276,13.38713],[77.61911,13.40236],[77.61201,13.40367],[77.60745,13.40719],[77.60657,13.39978],[77.6046,13.39785],[77.60238,13.39821],[77.60158,13.40405],[77.59986,13.4049],[77.60042,13.4099],[77.59875,13.41063],[77.59921,13.41514],[77.60589,13.41647],[77.60669,13.41451],[77.614,13.41852],[77.61545,13.42108],[77.60745,13.42524],[77.60574,13.43552],[77.60307,13.4413],[77.59996,13.43921],[77.59957,13.43614],[77.58979,13.43625],[77.59011,13.4302],[77.5891,13.42922],[77.59146,13.42153],[77.59347,13.42125],[77.59137,13.41883],[77.58958,13.42074],[77.58423,13.42157],[77.56431,13.42044],[77.55904,13.41863],[77.55147,13.41964],[77.55036,13.43424],[77.54844,13.43587],[77.54599,13.43773],[77.53708,13.43648],[77.53455,13.43075],[77.52247,13.43153],[77.51685,13.43939],[77.51594,13.44388],[77.50411,13.44549],[77.50492,13.45378],[77.50671,13.45662],[77.5047,13.4578],[77.49348,13.45889],[77.4886,13.46093],[77.48326,13.46789],[77.47662,13.46641],[77.47147,13.46936],[77.46134,13.46287],[77.45814,13.46911],[77.45457,13.46861],[77.4548,13.46428],[77.45031,13.46434],[77.44607,13.46162],[77.43948,13.46179],[77.43302,13.46398],[77.4344,13.46874],[77.42286,13.47193],[77.42483,13.48156],[77.42162,13.48558],[77.41559,13.48607],[77.41553,13.49201],[77.40796,13.49679],[77.39908,13.49277]]]}},{"type":"Feature","id":"KA-525","properties":{"districtCode":"KA-525","lgdCode":"525","districtName":"Bengaluru Urban","stateCode":"KA","stateLgdCode":"29","sourceName":"Bangalore"},"geometry":{"type":"Polygon","coordinates":[[[77.55233,13.23208],[77.5432,13.23284],[77.54214,13.22724],[77.53862,13.22588],[77.53686,13.21902],[77.52658,13.22111],[77.52211,13.21437],[77.52233,13.20877],[77.52227,13.2106],[77.52039,13.21109],[77.51894,13.20913],[77.52101,13.21461],[77.51796,13.21867],[77.51835,13.22029],[77.51196,13.22448],[77.51144,13.22857],[77.5065,13.22883],[77.50565,13.22516],[77.4989,13.22717],[77.48797,13.22239],[77.47991,13.2234],[77.4758,13.21689],[77.47418,13.21126],[77.47442,13.2062],[77.47809,13.2062],[77.47833,13.20505],[77.47671,13.18914],[77.4756,13.18468],[77.46927,13.17469],[77.46772,13.16945],[77.46788,13.16247],[77.46161,13.16209],[77.46067,13.16076],[77.44363,13.1666],[77.43179,13.16509],[77.4251,13.15147],[77.40859,13.12565],[77.40859,13.1237],[77.39755,13.12351],[77.39707,13.11869],[77.39405,13.11943],[77.39338,13.11848],[77.39272,13.11503],[77.40131,13.11814],[77.40087,13.11171],[77.40893,13.10711],[77.4179,13.10492],[77.4155,13.10181],[77.41876,13.09787],[77.41595,13.0932],[77.42136,13.09124],[77.42048,13.08654],[77.42279,13.08599],[77.42394,13.08745],[77.42878,13.08603],[77.4237,13.07027],[77.41601,13.07073],[77.41144,13.07358],[77.39771,13.0732],[77.39535,13.07096],[77.38937,13.06992],[77.38332,13.06692],[77.38303,13.05722],[77.38606,13.05535],[77.39009,13.05576],[77.39402,13.05295],[77.3918,13.05171],[77.38915,13.02653],[77.37928,13.02653],[77.37557,13.02876],[77.3769,13.02172],[77.3757,13.01486],[77.37097,13.01447],[77.36991,13.01326],[77.36908,13.00646],[77.37137,13.00338],[77.3702,13.00032],[77.37182,12.99214],[77.3666,12.991],[77.36494,12.98722],[77.36073,12.98954],[77.3559,12.98605],[77.35526,12.98083],[77.35184,12.97589],[77.33805,12.97282],[77.33731,12.97778],[77.33303,12.97865],[77.32873,12.97764],[77.32617,12.97389],[77.32561,12.97133],[77.33008,12.96292],[77.33298,12.95014],[77.33948,12.94408],[77.33554,12.93798],[77.33644,12.9284],[77.33932,12.92362],[77.33655,12.91215],[77.34339,12.88799],[77.33324,12.88792],[77.33542,12.8843],[77.335,12.87839],[77.34488,12.87645],[77.3463,12.8701],[77.3656,12.87161],[77.36976,12.85761],[77.37941,12.85488],[77.37988,12.85762],[77.38538,12.85706],[77.38521,12.85903],[77.39003,12.86051],[77.39579,12.86536],[77.39516,12.86729],[77.3974,12.86833],[77.40266,12.86541],[77.40216,12.86993],[77.40389,12.87388],[77.41039,12.87659],[77.41579,12.87521],[77.41579,12.8717],[77.42122,12.87168],[77.42789,12.87553],[77.42989,12.87539],[77.42922,12.87059],[77.41839,12.86952],[77.4289,12.85666],[77.42664,12.85031],[77.43786,12.85018],[77.43379,12.84433],[77.43455,12.83917],[77.42964,12.83957],[77.42512,12.83778],[77.42225,12.83437],[77.41959,12.82626],[77.43138,12.82176],[77.43344,12.82333],[77.43546,12.82071],[77.43401,12.8167],[77.43604,12.81035],[77.43987,12.81119],[77.44359,12.80823],[77.44444,12.81001],[77.44623,12.80999],[77.44657,12.8148],[77.44936,12.81781],[77.45158,12.81805],[77.45955,12.81448],[77.46588,12.80861],[77.46839,12.81102],[77.47049,12.80953],[77.47469,12.81073],[77.48004,12.80863],[77.47897,12.80465],[77.48209,12.80085],[77.48469,12.80077],[77.47629,12.79677],[77.47105,12.79959],[77.4693,12.79506],[77.47772,12.78151],[77.47401,12.76445],[77.47635,12.76227],[77.47573,12.75916],[77.47355,12.75692],[77.47477,12.75469],[77.48357,12.74896],[77.48613,12.74279],[77.49186,12.74182],[77.49245,12.74012],[77.49891,12.73932],[77.50324,12.73659],[77.50492,12.73238],[77.50529,12.73522],[77.51012,12.73816],[77.51381,12.75022],[77.52088,12.74435],[77.51853,12.73673],[77.52127,12.73241],[77.52414,12.7387],[77.53264,12.74856],[77.53222,12.75185],[77.53431,12.75596],[77.54071,12.75016],[77.54632,12.77006],[77.55232,12.77218],[77.55177,12.7735],[77.54404,12.77598],[77.54881,12.78598],[77.54315,12.7942],[77.54307,12.79744],[77.54489,12.79865],[77.5486,12.80047],[77.55693,12.7991],[77.55471,12.78856],[77.56279,12.78711],[77.56147,12.784],[77.55545,12.78142],[77.5561,12.77689],[77.55895,12.76646],[77.56547,12.75895],[77.56972,12.76065],[77.57161,12.7649],[77.57083,12.77803],[77.58042,12.78723],[77.59053,12.78176],[77.59206,12.78043],[77.5921,12.77739],[77.5954,12.77196],[77.59791,12.76346],[77.59799,12.75898],[77.59473,12.7523],[77.57609,12.75208],[77.56971,12.74166],[77.56764,12.73447],[77.57024,12.73192],[77.56893,12.72979],[77.56473,12.7325],[77.55579,12.73274],[77.55937,12.71465],[77.56511,12.70261],[77.56743,12.70109],[77.57933,12.70864],[77.59414,12.72208],[77.61544,12.70917],[77.61318,12.69925],[77.60554,12.69222],[77.59936,12.6727],[77.5955,12.66854],[77.59517,12.66381],[77.59726,12.65744],[77.59887,12.66716],[77.62391,12.6739],[77.63788,12.67571],[77.64398,12.67895],[77.64836,12.67937],[77.65991,12.68384],[77.67638,12.67947],[77.67509,12.67309],[77.67714,12.67144],[77.67865,12.66039],[77.68993,12.65899],[77.69219,12.66084],[77.70236,12.66081],[77.71101,12.66712],[77.71159,12.68314],[77.72277,12.67965],[77.72462,12.67119],[77.73993,12.67299],[77.74118,12.67546],[77.74101,12.68577],[77.73495,12.692],[77.73746,12.69775],[77.74068,12.69987],[77.75429,12.69734],[77.76175,12.69758],[77.7647,12.70108],[77.76575,12.71374],[77.76955,12.71252],[77.77032,12.71787],[77.77445,12.72421],[77.76109,12.72749],[77.76333,12.73689],[77.76945,12.74029],[77.77682,12.74059],[77.78006,12.74202],[77.78356,12.74121],[77.79296,12.74818],[77.79439,12.75762],[77.7845,12.76238],[77.77878,12.76776],[77.78954,12.78016],[77.79292,12.78798],[77.79856,12.79512],[77.80037,12.79443],[77.80221,12.79626],[77.80403,12.79423],[77.80665,12.79406],[77.80854,12.79673],[77.80728,12.79939],[77.8051,12.7996],[77.8034,12.80481],[77.79973,12.80522],[77.80216,12.817],[77.8099,12.81553],[77.80796,12.82304],[77.80988,12.83153],[77.7959,12.83453],[77.79246,12.8427],[77.79489,12.84562],[77.79675,12.84478],[77.79911,12.85154],[77.80792,12.84767],[77.81555,12.85579],[77.82308,12.85584],[77.82579,12.85994],[77.83246,12.86204],[77.83216,12.86752],[77.83603,12.87065],[77.83229,12.87395],[77.83149,12.87695],[77.82963,12.87747],[77.8321,12.88216],[77.82984,12.88942],[77.82478,12.89529],[77.82505,12.89767],[77.82295,12.9011],[77.82115,12.90185],[77.82189,12.90649],[77.82078,12.91178],[77.81621,12.91465],[77.81781,12.91867],[77.81675,12.92141],[77.82668,12.92126],[77.82993,12.91965],[77.83228,12.92661],[77.82294,12.92934],[77.81978,12.92686],[77.81633,12.92641],[77.81096,12.93313],[77.80964,12.93265],[77.80307,12.91933],[77.79751,12.91825],[77.79809,12.92521],[77.77882,12.92887],[77.77663,12.93159],[77.77743,12.93411],[77.77544,12.93872],[77.76511,12.94247],[77.76571,12.94506],[77.77258,12.9511],[77.76714,12.95944],[77.77918,12.97023],[77.77922,12.97241],[77.77654,12.97482],[77.77879,12.97763],[77.77651,12.98189],[77.77477,13.00119],[77.77244,13.00256],[77.7751,13.0032],[77.77575,13.0058],[77.7732,13.00629],[77.77437,13.01324],[77.77131,13.01417],[77.77628,13.02117],[77.77764,13.02819],[77.78139,13.03119],[77.78106,13.03381],[77.77832,13.03585],[77.77347,13.04826],[77.77132,13.04792],[77.77101,13.05368],[77.76755,13.05808],[77.76739,13.06507],[77.76026,13.07377],[77.76121,13.07643],[77.75956,13.08178],[77.7669,13.08457],[77.76488,13.09726],[77.76339,13.0991],[77.76503,13.10776],[77.76304,13.10828],[77.76138,13.11339],[77.75475,13.11333],[77.75004,13.11631],[77.74274,13.11455],[77.73231,13.11477],[77.73368,13.12347],[77.72447,13.12661],[77.72976,13.13239],[77.729,13.13423],[77.73196,13.14488],[77.7282,13.14665],[77.7299,13.156],[77.73265,13.1594],[77.73015,13.16105],[77.73078,13.16526],[77.72737,13.16865],[77.73038,13.17354],[77.72683,13.17626],[77.72855,13.18482],[77.72562,13.19272],[77.71208,13.19618],[77.70744,13.18976],[77.69847,13.18941],[77.69014,13.2027],[77.68425,13.20336],[77.68669,13.19329],[77.67146,13.18979],[77.67081,13.18512],[77.66658,13.18605],[77.66301,13.184],[77.66018,13.18644],[77.65453,13.18815],[77.6542,13.1914],[77.657,13.19783],[77.66041,13.20089],[77.65867,13.19993],[77.64748,13.20033],[77.6381,13.20332],[77.63763,13.20522],[77.62868,13.20891],[77.61736,13.21052],[77.61309,13.20877],[77.61583,13.20535],[77.60432,13.20364],[77.60006,13.19647],[77.5915,13.19782],[77.5892,13.19625],[77.57428,13.19874],[77.56677,13.20143],[77.56901,13.20716],[77.5711,13.20701],[77.56951,13.2161],[77.55661,13.21918],[77.5575,13.22625],[77.55995,13.23176],[77.55233,13.23208]]]}},{"type":"Feature","id":"KA-529","properties":{"districtCode":"KA-529","lgdCode":"529","districtName":"Bidar","stateCode":"KA","stateLgdCode":"29","sourceName":"Bidar"},"geometry":{"type":"MultiPolygon","coordinates":[[[[77.3323,18.45086],[77.3269,18.45175],[77.32642,18.45885],[77.31989,18.45803],[77.31688,18.44799],[77.31685,18.44225],[77.31497,18.44275],[77.30066,18.43818],[77.30032,18.43639],[77.28717,18.43057],[77.27904,18.4298],[77.27325,18.42302],[77.26566,18.42234],[77.25937,18.41326],[77.24177,18.41261],[77.23476,18.39676],[77.23369,18.3882],[77.23946,18.37861],[77.24842,18.37606],[77.24639,18.37077],[77.23399,18.3698],[77.22583,18.36522],[77.22448,18.35597],[77.22009,18.34927],[77.22958,18.34821],[77.22277,18.33975],[77.21907,18.32573],[77.21478,18.32324],[77.21179,18.31628],[77.20167,18.32217],[77.19871,18.31545],[77.20311,18.30542],[77.20293,18.29773],[77.20555,18.2941],[77.20985,18.29497],[77.20935,18.28772],[77.21301,18.28032],[77.20377,18.28006],[77.19747,18.27661],[77.19541,18.27981],[77.18821,18.28474],[77.17481,18.28486],[77.17073,18.2767],[77.16903,18.26583],[77.17041,18.26431],[77.16975,18.26087],[77.15913,18.25579],[77.15177,18.23802],[77.14863,18.23905],[77.14923,18.2214],[77.15071,18.22216],[77.15152,18.21704],[77.1427,18.21704],[77.14014,18.20772],[77.13464,18.20721],[77.13374,18.20586],[77.12728,18.20767],[77.11129,18.20424],[77.0976,18.19672],[77.09912,18.19199],[77.11634,18.17102],[77.11672,18.16618],[77.11154,18.15583],[77.1069,18.15516],[77.10324,18.15783],[77.09948,18.15819],[77.09132,18.15584],[77.08485,18.15079],[77.06396,18.15065],[77.05865,18.15661],[77.0532,18.15945],[77.05198,18.17323],[77.03318,18.18199],[77.03173,18.17743],[77.02308,18.17565],[77.02565,18.16175],[77.0233,18.15851],[77.00111,18.1609],[77.00179,18.16235],[76.99641,18.1662],[76.9932,18.17581],[76.99401,18.18054],[76.99056,18.18576],[76.99061,18.18999],[76.9784,18.19198],[76.97742,18.18887],[76.9658,18.19007],[76.95193,18.1881],[76.94845,18.16876],[76.94768,18.16641],[76.94608,18.16663],[76.94236,18.15641],[76.93148,18.15965],[76.92396,18.14663],[76.92447,18.14274],[76.93138,18.13563],[76.9318,18.13353],[76.92025,18.12507],[76.9205,18.11818],[76.92171,18.11555],[76.92486,18.11631],[76.93292,18.11283],[76.93774,18.11491],[76.95427,18.11054],[76.95662,18.10884],[76.95872,18.10412],[76.96635,18.0982],[76.96493,18.09173],[76.96294,18.08957],[76.94521,18.0832],[76.94831,18.07164],[76.95144,18.06566],[76.95162,18.06105],[76.95106,18.05776],[76.9449,18.04836],[76.94836,18.0444],[76.95269,18.04394],[76.95231,18.04022],[76.93662,18.03686],[76.92428,18.03696],[76.91432,18.03536],[76.9123,18.01734],[76.91094,18.01496],[76.90763,18.01422],[76.90564,18.00971],[76.90603,18.00232],[76.90807,17.99952],[76.90671,17.99659],[76.91314,17.99689],[76.91226,17.97805],[76.91444,17.96156],[76.91539,17.95711],[76.9183,17.95602],[76.91729,17.94806],[76.92067,17.94157],[76.9191,17.9162],[76.91474,17.91481],[76.90126,17.91724],[76.89899,17.90907],[76.89689,17.91037],[76.89655,17.90575],[76.89384,17.90607],[76.89504,17.90275],[76.89419,17.89983],[76.88849,17.89794],[76.88399,17.89898],[76.88427,17.89429],[76.88139,17.89556],[76.87917,17.89452],[76.87266,17.89808],[76.85264,17.90072],[76.84635,17.89973],[76.84534,17.90076],[76.83896,17.89906],[76.83192,17.89526],[76.8312,17.88562],[76.81022,17.88704],[76.80768,17.87802],[76.80819,17.87098],[76.80667,17.87058],[76.79878,17.87154],[76.78839,17.87579],[76.77505,17.87771],[76.77357,17.89046],[76.77183,17.89192],[76.76816,17.90115],[76.75713,17.89917],[76.73997,17.8997],[76.74125,17.8954],[76.73884,17.8831],[76.73848,17.85668],[76.75149,17.85813],[76.75922,17.85588],[76.7656,17.85128],[76.7675,17.85213],[76.77407,17.84638],[76.77422,17.84197],[76.77931,17.83628],[76.787,17.8332],[76.78752,17.83006],[76.78848,17.83061],[76.78894,17.82719],[76.79039,17.82633],[76.78286,17.81792],[76.78151,17.80939],[76.78259,17.80664],[76.77873,17.80048],[76.77544,17.79829],[76.76651,17.79847],[76.7659,17.79224],[76.76446,17.78896],[76.7621,17.78878],[76.76204,17.78702],[76.75091,17.78705],[76.75074,17.78455],[76.74253,17.78422],[76.74434,17.78034],[76.74065,17.77946],[76.72987,17.78274],[76.73016,17.78385],[76.72094,17.78806],[76.71409,17.78094],[76.71191,17.77327],[76.72107,17.7695],[76.7184,17.75594],[76.71879,17.75148],[76.72481,17.7511],[76.72404,17.74796],[76.72827,17.73756],[76.70911,17.7317],[76.6994,17.72684],[76.70443,17.72262],[76.70087,17.70675],[76.70638,17.70191],[76.71297,17.70041],[76.7136,17.69908],[76.71103,17.69448],[76.70691,17.69357],[76.69418,17.69568],[76.69129,17.68777],[76.69097,17.68126],[76.695,17.67729],[76.69425,17.66218],[76.70916,17.66255],[76.71229,17.65765],[76.70864,17.65208],[76.69875,17.64725],[76.69828,17.64251],[76.71435,17.63881],[76.72029,17.65386],[76.73183,17.65882],[76.73273,17.66563],[76.74183,17.66485],[76.74654,17.66678],[76.76351,17.66568],[76.77347,17.66677],[76.77375,17.65776],[76.77014,17.6463],[76.77191,17.64018],[76.77846,17.63597],[76.78444,17.63645],[76.78467,17.63914],[76.78873,17.64319],[76.78823,17.64796],[76.79291,17.65318],[76.80197,17.65018],[76.80733,17.65068],[76.80787,17.64901],[76.81376,17.65083],[76.81949,17.65031],[76.82312,17.65188],[76.82761,17.65015],[76.83678,17.6494],[76.83756,17.65127],[76.84185,17.65371],[76.85243,17.6446],[76.86401,17.64637],[76.88326,17.64292],[76.89882,17.64467],[76.90338,17.64149],[76.90781,17.63509],[76.91074,17.63796],[76.9148,17.63921],[76.9289,17.63754],[76.92864,17.63234],[76.92519,17.62596],[76.91784,17.62356],[76.92191,17.61313],[76.921,17.61073],[76.92769,17.61188],[76.94039,17.60889],[76.94597,17.61699],[76.95038,17.6199],[76.95133,17.62438],[76.95808,17.62096],[76.95874,17.62719],[76.95699,17.63415],[76.96188,17.63962],[76.96492,17.64093],[76.97139,17.64721],[76.97672,17.64816],[76.98238,17.65277],[76.98321,17.65581],[76.98713,17.65806],[76.988,17.6619],[76.97783,17.66492],[76.9771,17.67992],[76.98097,17.69154],[76.98967,17.69404],[76.99089,17.696],[76.99588,17.69646],[76.99721,17.69503],[77.00056,17.696],[77.00626,17.68771],[77.00865,17.68735],[77.01007,17.68462],[77.01765,17.67935],[77.01757,17.67786],[77.03149,17.68153],[77.03416,17.68064],[77.03398,17.67684],[77.03672,17.67505],[77.03477,17.67297],[77.03529,17.66937],[77.04092,17.67166],[77.04321,17.66737],[77.04631,17.67074],[77.0534,17.67114],[77.05814,17.67313],[77.07368,17.66156],[77.08137,17.66229],[77.08531,17.65902],[77.08941,17.66915],[77.08978,17.66773],[77.10458,17.669],[77.10628,17.67402],[77.1145,17.67797],[77.11667,17.68728],[77.11915,17.68552],[77.12357,17.68702],[77.12703,17.68645],[77.12829,17.68239],[77.13246,17.68245],[77.13168,17.66811],[77.13271,17.66224],[77.13682,17.66213],[77.1365,17.65856],[77.14475,17.65572],[77.14368,17.64765],[77.14782,17.64584],[77.14824,17.6433],[77.15034,17.64257],[77.15151,17.63707],[77.14997,17.63241],[77.15322,17.6316],[77.15517,17.6289],[77.16271,17.62927],[77.17129,17.62778],[77.17312,17.62408],[77.17853,17.62213],[77.18277,17.61813],[77.18754,17.61858],[77.18888,17.61538],[77.1942,17.61551],[77.19585,17.63121],[77.19751,17.63201],[77.20042,17.63225],[77.20083,17.63063],[77.20341,17.6301],[77.20732,17.62675],[77.21033,17.62952],[77.21438,17.62928],[77.21561,17.63079],[77.21862,17.62913],[77.22196,17.63237],[77.22771,17.63028],[77.22804,17.63185],[77.2305,17.63251],[77.23342,17.6303],[77.23759,17.6315],[77.25824,17.62332],[77.26421,17.62569],[77.27491,17.62683],[77.27689,17.6249],[77.27676,17.62113],[77.27954,17.61756],[77.2821,17.61789],[77.28288,17.61979],[77.28476,17.61922],[77.28718,17.61759],[77.28508,17.61553],[77.28837,17.61455],[77.29149,17.61119],[77.29363,17.6155],[77.29509,17.61509],[77.29461,17.60897],[77.29956,17.60685],[77.29848,17.60362],[77.30029,17.59772],[77.31231,17.59436],[77.32988,17.59195],[77.34039,17.5879],[77.35183,17.60006],[77.35961,17.60019],[77.37922,17.595],[77.37877,17.58388],[77.38446,17.58308],[77.39135,17.58616],[77.40115,17.58392],[77.40387,17.58512],[77.41165,17.58439],[77.43055,17.58595],[77.44405,17.58436],[77.44498,17.58625],[77.44329,17.59169],[77.44614,17.59647],[77.44476,17.60941],[77.44873,17.60934],[77.45115,17.62321],[77.45589,17.63418],[77.45208,17.63642],[77.45223,17.64],[77.44972,17.64396],[77.45001,17.65058],[77.44822,17.65112],[77.44893,17.65943],[77.45482,17.67448],[77.45349,17.67711],[77.4537,17.68649],[77.45504,17.68893],[77.45216,17.69114],[77.45243,17.6947],[77.45782,17.6963],[77.45887,17.69862],[77.46748,17.70298],[77.47191,17.703],[77.47745,17.70535],[77.47973,17.70394],[77.48218,17.706],[77.48415,17.7056],[77.48489,17.70914],[77.48601,17.70793],[77.49227,17.70813],[77.49705,17.71551],[77.50914,17.71629],[77.50954,17.71893],[77.51165,17.72092],[77.51655,17.72016],[77.51824,17.72358],[77.52201,17.72603],[77.52859,17.72517],[77.53133,17.72867],[77.53328,17.72768],[77.54219,17.72894],[77.54596,17.72684],[77.54702,17.72846],[77.54623,17.73282],[77.54861,17.73577],[77.5567,17.73738],[77.55801,17.74139],[77.56094,17.74281],[77.56439,17.74786],[77.56853,17.74891],[77.56727,17.7596],[77.56898,17.76237],[77.56915,17.76649],[77.56628,17.76675],[77.55983,17.76342],[77.55486,17.76397],[77.5501,17.76721],[77.54823,17.76706],[77.54606,17.77166],[77.54026,17.77438],[77.54054,17.77777],[77.53751,17.77993],[77.53439,17.77763],[77.52867,17.78066],[77.527,17.7799],[77.52636,17.78163],[77.52211,17.78055],[77.51751,17.78249],[77.51233,17.78213],[77.50656,17.78595],[77.50758,17.78786],[77.509,17.78778],[77.51494,17.80545],[77.52294,17.81141],[77.52694,17.81331],[77.52903,17.81293],[77.52822,17.8279],[77.53238,17.82911],[77.54371,17.82767],[77.5467,17.82848],[77.54891,17.81938],[77.55403,17.82007],[77.56068,17.83865],[77.56744,17.84542],[77.56484,17.85119],[77.56932,17.85156],[77.57,17.86765],[77.57346,17.86919],[77.5764,17.87542],[77.58059,17.87345],[77.58087,17.87537],[77.58342,17.87704],[77.59449,17.87233],[77.59908,17.87309],[77.60037,17.8806],[77.59583,17.88136],[77.58599,17.89384],[77.585,17.90193],[77.58606,17.90784],[77.59999,17.90414],[77.60518,17.90781],[77.61904,17.90406],[77.622,17.92957],[77.61868,17.93949],[77.62294,17.94552],[77.63251,17.94667],[77.63289,17.9558],[77.62454,17.9596],[77.63301,17.96738],[77.63329,17.96037],[77.63513,17.95925],[77.63721,17.95232],[77.64062,17.95189],[77.6409,17.95411],[77.64948,17.95002],[77.64951,17.95907],[77.65586,17.96884],[77.64821,17.98026],[77.65134,17.9877],[77.65204,17.99389],[77.64891,17.99888],[77.64634,17.99928],[77.63875,17.99645],[77.62779,17.99679],[77.61966,18.00649],[77.60747,18.00985],[77.60794,18.01796],[77.60593,18.02023],[77.60164,18.01984],[77.59586,18.01285],[77.59117,18.01145],[77.58859,18.01216],[77.58489,18.01679],[77.58325,18.02826],[77.58059,18.03158],[77.56061,18.03622],[77.55379,18.03582],[77.55183,18.0507],[77.54948,18.05124],[77.54961,18.05439],[77.54764,18.05613],[77.54834,18.06521],[77.55743,18.06373],[77.55971,18.07188],[77.56592,18.07667],[77.56943,18.07824],[77.57592,18.07806],[77.58358,18.08246],[77.58551,18.08184],[77.59564,18.08603],[77.59721,18.08714],[77.5988,18.09333],[77.59887,18.09825],[77.60155,18.1059],[77.59916,18.12099],[77.59699,18.12367],[77.5944,18.13272],[77.59684,18.15595],[77.5924,18.15544],[77.58422,18.15923],[77.58131,18.16232],[77.57716,18.17249],[77.57472,18.1741],[77.57069,18.19217],[77.56405,18.19426],[77.56346,18.19613],[77.56388,18.20194],[77.56551,18.20418],[77.57215,18.20351],[77.57482,18.20163],[77.58058,18.21385],[77.58531,18.21982],[77.58149,18.22486],[77.58185,18.22697],[77.57988,18.22816],[77.58052,18.23217],[77.57301,18.23944],[77.57316,18.24243],[77.57178,18.244],[77.57378,18.24499],[77.58315,18.26078],[77.59119,18.26241],[77.59489,18.26531],[77.60117,18.27762],[77.6043,18.27877],[77.60542,18.28135],[77.58185,18.28538],[77.57616,18.28873],[77.57256,18.2933],[77.57021,18.29253],[77.56694,18.28728],[77.56134,18.28495],[77.55411,18.29088],[77.54048,18.29449],[77.53272,18.2987],[77.52373,18.30821],[77.51263,18.3096],[77.50999,18.30757],[77.50882,18.30428],[77.51109,18.2953],[77.51023,18.29248],[77.51205,18.29074],[77.51156,18.28205],[77.50962,18.28181],[77.50522,18.27702],[77.49866,18.27675],[77.49628,18.27471],[77.49267,18.2672],[77.48138,18.27236],[77.47973,18.26818],[77.47575,18.26466],[77.46504,18.26254],[77.45233,18.26698],[77.45178,18.26972],[77.44758,18.27],[77.44558,18.27662],[77.44586,18.28381],[77.44035,18.28263],[77.43651,18.29323],[77.43766,18.31031],[77.42831,18.31236],[77.42556,18.30788],[77.41703,18.30643],[77.409,18.30147],[77.40142,18.30449],[77.39485,18.30359],[77.38512,18.30931],[77.36579,18.30712],[77.35796,18.31667],[77.35672,18.3202],[77.3716,18.32521],[77.37562,18.33205],[77.38094,18.33102],[77.38098,18.33891],[77.38243,18.34225],[77.38416,18.34247],[77.38549,18.34081],[77.39016,18.34371],[77.39498,18.3415],[77.39434,18.34743],[77.40015,18.34745],[77.39893,18.35979],[77.39487,18.36845],[77.39646,18.37047],[77.40175,18.37192],[77.40259,18.37393],[77.40984,18.37741],[77.41329,18.38507],[77.41409,18.39311],[77.40357,18.39965],[77.40083,18.39988],[77.40016,18.402],[77.39557,18.40199],[77.3929,18.40133],[77.3922,18.39972],[77.38843,18.39953],[77.37283,18.4011],[77.37233,18.40673],[77.3705,18.40779],[77.36839,18.41253],[77.37065,18.41879],[77.36726,18.41869],[77.3654,18.42772],[77.36215,18.42989],[77.36446,18.43452],[77.36203,18.43558],[77.36184,18.43728],[77.3675,18.44696],[77.36564,18.45156],[77.35349,18.44767],[77.35107,18.4422],[77.34796,18.43947],[77.3475,18.43396],[77.34522,18.43361],[77.33566,18.44232],[77.33603,18.45015],[77.3323,18.45086]]],[[[77.27885,18.47574],[77.27504,18.47772],[77.27215,18.47296],[77.27127,18.46577],[77.26775,18.45968],[77.26747,18.45461],[77.28001,18.45361],[77.28234,18.45564],[77.28864,18.45534],[77.29423,18.45882],[77.29613,18.46347],[77.29953,18.46488],[77.30029,18.47303],[77.29638,18.47702],[77.28915,18.4765],[77.28682,18.47436],[77.27885,18.47574]]]]}},{"type":"Feature","id":"KA-531","properties":{"districtCode":"KA-531","lgdCode":"531","districtName":"Chamarajanagar","stateCode":"KA","stateLgdCode":"29","sourceName":"Chamarajanagara"},"geometry":{"type":"Polygon","coordinates":[[[77.28026,12.30828],[77.26669,12.31413],[77.24888,12.30832],[77.23681,12.31021],[77.22513,12.30337],[77.22096,12.30463],[77.21762,12.30861],[77.21038,12.30727],[77.19104,12.30763],[77.17893,12.31052],[77.17333,12.30914],[77.16653,12.31008],[77.16984,12.30064],[77.16853,12.29413],[77.16999,12.28503],[77.16597,12.28319],[77.16462,12.28084],[77.17004,12.25976],[77.16295,12.25634],[77.15203,12.25602],[77.14806,12.25128],[77.14492,12.24985],[77.13053,12.24888],[77.12528,12.24526],[77.12391,12.24174],[77.12442,12.23744],[77.12649,12.23422],[77.13247,12.22996],[77.13425,12.22564],[77.13155,12.21722],[77.13191,12.20724],[77.12574,12.20312],[77.12231,12.19717],[77.1141,12.19435],[77.1074,12.18979],[77.09961,12.19125],[77.0846,12.19102],[77.07129,12.18023],[77.0675,12.17502],[77.06143,12.17095],[77.04471,12.16918],[77.04455,12.16199],[77.04589,12.1608],[77.03959,12.15052],[77.03925,12.14722],[77.03953,12.14185],[77.04087,12.13967],[77.04433,12.14205],[77.04573,12.13604],[77.04433,12.13566],[77.04375,12.13111],[77.0398,12.1283],[77.03699,12.13919],[77.01576,12.13401],[77.01556,12.13726],[77.01298,12.13733],[77.01336,12.15017],[77.01165,12.15054],[77.01122,12.15357],[77.01333,12.156],[77.01425,12.16323],[77.00938,12.16263],[77.00691,12.16022],[77.00388,12.15987],[77.0025,12.16543],[76.99748,12.16696],[76.99867,12.17714],[76.99308,12.17662],[76.99002,12.17469],[76.99039,12.16247],[76.98803,12.16157],[76.98939,12.1548],[76.98912,12.14044],[76.98669,12.14076],[76.98643,12.13805],[76.98226,12.13825],[76.98206,12.13628],[76.98022,12.1362],[76.97915,12.13428],[76.97624,12.13426],[76.97586,12.12267],[76.96939,12.12288],[76.96891,12.11676],[76.97083,12.11663],[76.97042,12.11254],[76.95431,12.1019],[76.95201,12.0987],[76.94884,12.09876],[76.94881,12.09742],[76.93723,12.10117],[76.93439,12.10575],[76.93058,12.1068],[76.93043,12.10876],[76.92617,12.10912],[76.92358,12.11412],[76.90632,12.11331],[76.90268,12.11627],[76.90261,12.12264],[76.89094,12.12107],[76.89025,12.13083],[76.88196,12.12949],[76.87397,12.1398],[76.87138,12.14127],[76.8699,12.14823],[76.87104,12.15177],[76.8678,12.16178],[76.86954,12.16176],[76.86983,12.16976],[76.87137,12.17396],[76.86563,12.1745],[76.86591,12.17712],[76.86355,12.17652],[76.86261,12.1803],[76.85549,12.18068],[76.8515,12.17892],[76.85321,12.17035],[76.8459,12.1688],[76.84556,12.16742],[76.84686,12.16414],[76.85053,12.16356],[76.85347,12.15944],[76.84075,12.15606],[76.84106,12.14541],[76.83906,12.145],[76.83298,12.13559],[76.83105,12.13535],[76.83155,12.13187],[76.83742,12.12438],[76.84495,12.11926],[76.84575,12.11316],[76.84768,12.11872],[76.85441,12.11616],[76.867,12.11738],[76.87667,12.11518],[76.87761,12.10536],[76.87967,12.10371],[76.87905,12.10055],[76.88101,12.09878],[76.88204,12.0876],[76.88414,12.08254],[76.87411,12.07565],[76.87004,12.06309],[76.85405,12.06218],[76.85345,12.05981],[76.86831,12.05973],[76.86992,12.0553],[76.88134,12.05799],[76.88739,12.05708],[76.89052,12.05829],[76.88961,12.05097],[76.8905,12.04899],[76.90067,12.04649],[76.89933,12.04323],[76.90163,12.04304],[76.90231,12.04481],[76.90461,12.04196],[76.91006,12.04108],[76.91052,12.03597],[76.9135,12.035],[76.91506,12.02588],[76.93884,12.02624],[76.93828,12.01768],[76.9361,12.0131],[76.92298,12.01275],[76.91863,12.00734],[76.90629,11.9995],[76.89714,11.99841],[76.88782,11.99984],[76.88588,12.00124],[76.88365,12.00777],[76.8831,12.01544],[76.87301,12.00545],[76.85825,12.00759],[76.85828,12.00242],[76.85676,12.00245],[76.85659,11.99954],[76.83646,11.99978],[76.83741,12.00359],[76.83341,12.00435],[76.83264,12.00607],[76.82852,12.00756],[76.82808,12.00926],[76.8213,12.01083],[76.8227,12.01776],[76.82031,12.02723],[76.8117,12.02683],[76.81064,12.02171],[76.80557,12.0207],[76.80594,12.01826],[76.79916,12.01741],[76.79862,12.01559],[76.79529,12.01462],[76.79206,12.01071],[76.79168,12.00549],[76.79539,12.00481],[76.79568,12.00124],[76.79766,11.9986],[76.79722,11.98893],[76.79362,11.98885],[76.79368,11.98627],[76.77988,11.98525],[76.78059,11.98774],[76.76847,11.99187],[76.76666,11.99917],[76.75115,11.99989],[76.74581,12.00244],[76.74623,12.00834],[76.74092,12.00927],[76.74044,12.00687],[76.73663,12.00521],[76.73605,12.00312],[76.73276,12.00247],[76.73191,11.9939],[76.72942,11.99054],[76.72415,11.99153],[76.7192,11.9907],[76.71725,11.98493],[76.70513,11.98508],[76.70439,11.99079],[76.7017,11.99155],[76.7015,11.99782],[76.69507,11.99924],[76.69458,12.00042],[76.68049,12.00052],[76.67332,12.00203],[76.67193,12.00602],[76.65112,12.00791],[76.64278,11.98282],[76.63188,11.98356],[76.62896,11.98457],[76.62861,11.98595],[76.61336,11.99156],[76.60516,11.99036],[76.59598,11.98431],[76.59207,11.9873],[76.58654,11.98547],[76.57825,11.98825],[76.57654,11.97504],[76.57429,11.9684],[76.56976,11.96172],[76.55747,11.94887],[76.57128,11.94012],[76.5703,11.92807],[76.5766,11.92352],[76.57018,11.90786],[76.56199,11.904],[76.55699,11.89469],[76.55367,11.85863],[76.53467,11.87322],[76.50285,11.86155],[76.49115,11.86102],[76.48937,11.85699],[76.48825,11.84339],[76.49279,11.82208],[76.46884,11.81912],[76.4622,11.79264],[76.45803,11.79327],[76.44938,11.79946],[76.42945,11.80367],[76.42084,11.8068],[76.41315,11.81189],[76.40992,11.81123],[76.41221,11.80788],[76.42078,11.80285],[76.42433,11.80462],[76.42523,11.79916],[76.42873,11.79547],[76.42664,11.79333],[76.42143,11.79559],[76.42215,11.79039],[76.4164,11.78986],[76.41294,11.78775],[76.41636,11.78493],[76.41417,11.77873],[76.41876,11.77609],[76.42249,11.77682],[76.42292,11.77562],[76.42156,11.77002],[76.41777,11.76775],[76.41382,11.76182],[76.41498,11.7555],[76.4123,11.75182],[76.41241,11.74368],[76.41046,11.74233],[76.41288,11.74011],[76.41817,11.7426],[76.4221,11.73829],[76.42744,11.72598],[76.42411,11.72029],[76.41659,11.71769],[76.41606,11.71296],[76.41401,11.71125],[76.41184,11.7158],[76.40804,11.71477],[76.4056,11.71119],[76.40338,11.71091],[76.40346,11.70776],[76.40524,11.70586],[76.40745,11.70745],[76.40888,11.70639],[76.41087,11.70005],[76.40983,11.69875],[76.41178,11.69783],[76.41238,11.69502],[76.40963,11.69438],[76.41083,11.69367],[76.41026,11.691],[76.40844,11.68972],[76.41305,11.68598],[76.4126,11.68276],[76.41403,11.68161],[76.41498,11.67442],[76.41673,11.67174],[76.41951,11.6709],[76.42103,11.67248],[76.42203,11.6713],[76.42613,11.67114],[76.42818,11.66998],[76.42946,11.66624],[76.43339,11.6668],[76.43533,11.6647],[76.44016,11.66585],[76.44097,11.66425],[76.44377,11.66359],[76.44913,11.6656],[76.4505,11.66415],[76.45514,11.66578],[76.45821,11.66433],[76.45856,11.66598],[76.46446,11.67019],[76.47443,11.68122],[76.48262,11.68611],[76.48309,11.68972],[76.48168,11.69252],[76.48843,11.69135],[76.4936,11.69298],[76.50152,11.69916],[76.50459,11.69913],[76.51168,11.70498],[76.53723,11.6908],[76.55056,11.67419],[76.5514,11.67188],[76.54931,11.66498],[76.55006,11.6611],[76.5544,11.65557],[76.5539,11.64571],[76.55873,11.63851],[76.55958,11.63317],[76.56142,11.63268],[76.56185,11.62886],[76.55967,11.62519],[76.55995,11.62247],[76.56266,11.62291],[76.567,11.61876],[76.56966,11.61806],[76.57521,11.61919],[76.57675,11.6145],[76.57908,11.61573],[76.58379,11.61376],[76.59229,11.61866],[76.59333,11.61694],[76.59647,11.61625],[76.59761,11.61064],[76.61065,11.61085],[76.61398,11.60755],[76.63046,11.61379],[76.6502,11.61345],[76.67147,11.61591],[76.68459,11.61396],[76.70271,11.61584],[76.72183,11.61439],[76.73684,11.61531],[76.74707,11.61378],[76.75692,11.61844],[76.76482,11.61413],[76.77019,11.61569],[76.77476,11.61234],[76.79153,11.61274],[76.79635,11.60841],[76.80924,11.60838],[76.81757,11.60472],[76.82284,11.60808],[76.83274,11.60048],[76.84694,11.59447],[76.85647,11.59928],[76.85724,11.60547],[76.85567,11.60758],[76.85774,11.61016],[76.85812,11.61403],[76.85601,11.61564],[76.85053,11.61596],[76.84884,11.61856],[76.85211,11.62167],[76.84955,11.62107],[76.84861,11.62283],[76.8496,11.62432],[76.84276,11.62705],[76.84484,11.62815],[76.84513,11.63415],[76.84419,11.63257],[76.84052,11.63542],[76.83841,11.63538],[76.83463,11.6395],[76.83793,11.64194],[76.83374,11.64896],[76.83626,11.65388],[76.83501,11.65542],[76.83778,11.65621],[76.8387,11.66009],[76.84184,11.66213],[76.84141,11.66595],[76.84365,11.6682],[76.84403,11.67281],[76.84854,11.67969],[76.85276,11.69237],[76.86371,11.70537],[76.86117,11.70722],[76.86263,11.71101],[76.87421,11.72411],[76.87977,11.72677],[76.88835,11.73364],[76.8881,11.7417],[76.89625,11.7598],[76.89792,11.7706],[76.89661,11.77647],[76.908,11.79525],[76.92218,11.79178],[76.93209,11.79279],[76.94239,11.78803],[76.94515,11.7883],[76.95061,11.79188],[76.95394,11.79205],[76.95602,11.79115],[76.96118,11.78162],[76.96992,11.77686],[76.97273,11.78038],[76.97286,11.78431],[76.97533,11.78925],[76.98089,11.79541],[76.9802,11.79853],[76.98365,11.80168],[76.9821,11.80346],[76.98215,11.8115],[76.9858,11.81187],[76.99354,11.80916],[77.01294,11.81462],[77.01401,11.80621],[77.01622,11.8069],[77.01689,11.81071],[77.02988,11.80467],[77.03065,11.80201],[77.03419,11.79995],[77.03267,11.79589],[77.03534,11.7939],[77.03875,11.79385],[77.03549,11.78314],[77.02886,11.77467],[77.0351,11.76978],[77.04006,11.78062],[77.043,11.78199],[77.04647,11.78762],[77.05043,11.78962],[77.05779,11.78885],[77.06294,11.7904],[77.06692,11.78798],[77.06976,11.78208],[77.0671,11.77831],[77.06126,11.77592],[77.05991,11.77152],[77.05643,11.76978],[77.07109,11.75131],[77.08277,11.73976],[77.08022,11.73598],[77.10501,11.7328],[77.11482,11.72175],[77.11771,11.72107],[77.11814,11.72611],[77.11602,11.72564],[77.11739,11.72847],[77.11535,11.72817],[77.11754,11.73179],[77.11419,11.73447],[77.11484,11.73893],[77.11174,11.74307],[77.11138,11.7504],[77.10855,11.7526],[77.10984,11.75548],[77.11246,11.75693],[77.11263,11.76186],[77.11134,11.76367],[77.11266,11.76558],[77.11075,11.77347],[77.11565,11.77472],[77.12276,11.77245],[77.13058,11.7737],[77.13808,11.77264],[77.14709,11.78191],[77.18202,11.78632],[77.18924,11.79252],[77.21752,11.79533],[77.2386,11.79465],[77.2496,11.80418],[77.24988,11.81301],[77.26158,11.81061],[77.27342,11.80534],[77.27443,11.803],[77.28798,11.80044],[77.29385,11.809],[77.31267,11.79354],[77.3277,11.77535],[77.33515,11.77123],[77.36042,11.77947],[77.36485,11.7904],[77.36904,11.78951],[77.3692,11.78676],[77.37026,11.78666],[77.38802,11.78846],[77.39446,11.78763],[77.41366,11.77467],[77.42223,11.77238],[77.4226,11.76172],[77.42724,11.76087],[77.42894,11.76263],[77.42805,11.76701],[77.43381,11.77814],[77.4422,11.78329],[77.4396,11.78561],[77.4405,11.78883],[77.44662,11.79031],[77.4498,11.79601],[77.4498,11.80056],[77.45285,11.80803],[77.4521,11.81303],[77.45404,11.82023],[77.45697,11.82898],[77.46036,11.83184],[77.46334,11.8416],[77.46661,11.84708],[77.46624,11.85002],[77.46141,11.85369],[77.46305,11.85885],[77.45994,11.86345],[77.46284,11.8648],[77.46586,11.8742],[77.46048,11.8812],[77.46314,11.88437],[77.46223,11.88796],[77.46398,11.89403],[77.46163,11.89998],[77.46265,11.90085],[77.47352,11.89918],[77.47478,11.898],[77.47416,11.89439],[77.47722,11.89046],[77.48064,11.89341],[77.48409,11.88801],[77.4862,11.88741],[77.48307,11.89957],[77.49059,11.90849],[77.49089,11.91068],[77.48861,11.91234],[77.49189,11.92119],[77.49287,11.94126],[77.4948,11.94385],[77.49673,11.94361],[77.50041,11.93998],[77.50492,11.94113],[77.51231,11.93781],[77.51834,11.93822],[77.52824,11.93378],[77.53798,11.93239],[77.54252,11.93816],[77.55818,11.94155],[77.56107,11.94192],[77.57531,11.93648],[77.58596,11.93687],[77.58839,11.93934],[77.59358,11.94022],[77.60345,11.93766],[77.60695,11.94202],[77.61253,11.94241],[77.624,11.94731],[77.62886,11.94637],[77.63944,11.94805],[77.64232,11.95002],[77.64722,11.95049],[77.64871,11.95367],[77.65205,11.95482],[77.65619,11.95346],[77.65738,11.94983],[77.66907,11.94907],[77.67569,11.95198],[77.67451,11.9539],[77.67474,11.96594],[77.69637,12.01577],[77.70891,12.03602],[77.71489,12.04244],[77.72754,12.06204],[77.74271,12.07002],[77.75569,12.07973],[77.76775,12.10664],[77.7726,12.10829],[77.77639,12.11228],[77.77617,12.11732],[77.7738,12.12052],[77.75721,12.13044],[77.74981,12.13846],[77.74679,12.14453],[77.74751,12.15191],[77.74614,12.15737],[77.74274,12.16288],[77.73543,12.16959],[77.73427,12.17645],[77.73197,12.17956],[77.72203,12.18294],[77.71135,12.18243],[77.69864,12.18513],[77.66995,12.19534],[77.66524,12.19821],[77.65608,12.19955],[77.63999,12.1964],[77.63537,12.19744],[77.62984,12.20224],[77.62096,12.19988],[77.61075,12.20614],[77.60534,12.20553],[77.59674,12.19927],[77.58042,12.1981],[77.57386,12.20089],[77.56943,12.19974],[77.5658,12.19633],[77.54626,12.20466],[77.54017,12.20238],[77.53585,12.19862],[77.52815,12.19889],[77.51868,12.19448],[77.49271,12.19733],[77.48645,12.20381],[77.47544,12.20559],[77.47204,12.20789],[77.48256,12.2289],[77.48231,12.2331],[77.47849,12.24006],[77.47344,12.24301],[77.46611,12.24372],[77.46031,12.24887],[77.45377,12.24756],[77.44832,12.25001],[77.44704,12.26226],[77.43777,12.27925],[77.43032,12.28712],[77.41928,12.28934],[77.40911,12.28142],[77.40348,12.27943],[77.38872,12.27939],[77.37227,12.28163],[77.36548,12.28388],[77.35353,12.2793],[77.34889,12.27891],[77.34252,12.28159],[77.33914,12.28535],[77.32691,12.30768],[77.31614,12.3057],[77.3076,12.29941],[77.30275,12.2987],[77.29516,12.30289],[77.28661,12.30423],[77.28026,12.30828]]]}},{"type":"Feature","id":"KA-630","properties":{"districtCode":"KA-630","lgdCode":"630","districtName":"Chikkaballapur","stateCode":"KA","stateLgdCode":"29","sourceName":"Chikkaballapura"},"geometry":{"type":"Polygon","coordinates":[[[77.97649,13.95853],[77.96743,13.96016],[77.96422,13.95556],[77.96195,13.95497],[77.95886,13.93883],[77.95707,13.93651],[77.95451,13.93854],[77.9462,13.93534],[77.93713,13.91866],[77.92677,13.90533],[77.91542,13.90785],[77.9054,13.91644],[77.89968,13.91659],[77.89582,13.92036],[77.89535,13.92563],[77.89891,13.93064],[77.89569,13.94104],[77.86861,13.93601],[77.85485,13.93818],[77.83882,13.93589],[77.8308,13.94039],[77.82659,13.94472],[77.81484,13.93193],[77.81349,13.91462],[77.81703,13.90831],[77.81618,13.90298],[77.81999,13.89978],[77.82682,13.89921],[77.83196,13.89567],[77.83554,13.88097],[77.82813,13.87654],[77.82733,13.87444],[77.83707,13.86974],[77.83023,13.86558],[77.82225,13.86474],[77.82019,13.86321],[77.81485,13.85778],[77.81203,13.84898],[77.80808,13.85059],[77.79301,13.84894],[77.78227,13.84408],[77.7822,13.83894],[77.78426,13.83439],[77.78909,13.83047],[77.78876,13.82316],[77.78153,13.81829],[77.76351,13.81722],[77.74793,13.81039],[77.74514,13.81013],[77.74072,13.81242],[77.73158,13.80757],[77.72929,13.80221],[77.71931,13.80027],[77.72228,13.79394],[77.72194,13.79],[77.71951,13.78809],[77.71868,13.7841],[77.72015,13.77945],[77.71974,13.775],[77.72222,13.76885],[77.71999,13.7651],[77.7201,13.75597],[77.71836,13.75172],[77.71736,13.74107],[77.71514,13.74376],[77.70846,13.74102],[77.70329,13.76979],[77.69518,13.7707],[77.67962,13.76218],[77.67172,13.76048],[77.67761,13.76669],[77.67987,13.77233],[77.68146,13.7796],[77.68008,13.78678],[77.66984,13.78391],[77.66135,13.78538],[77.65129,13.78407],[77.64599,13.77876],[77.62107,13.76844],[77.6175,13.76193],[77.61884,13.75496],[77.62521,13.75298],[77.62964,13.7542],[77.63591,13.74948],[77.64001,13.74903],[77.64223,13.7468],[77.64143,13.74195],[77.63697,13.73941],[77.63359,13.73958],[77.62772,13.7346],[77.62443,13.73523],[77.61361,13.75192],[77.59997,13.75076],[77.59602,13.74819],[77.58685,13.73349],[77.58055,13.73508],[77.57712,13.73831],[77.57168,13.7382],[77.56485,13.72618],[77.56093,13.72234],[77.5589,13.72353],[77.55375,13.73654],[77.54929,13.74064],[77.5493,13.74887],[77.54744,13.7529],[77.54086,13.75595],[77.52536,13.75324],[77.52195,13.74456],[77.5271,13.74152],[77.53664,13.7306],[77.53437,13.707],[77.52834,13.69301],[77.52505,13.69101],[77.52126,13.69213],[77.51963,13.69627],[77.51237,13.69725],[77.51451,13.70502],[77.51417,13.71321],[77.48504,13.71478],[77.48652,13.7041],[77.48827,13.70415],[77.48789,13.69977],[77.49122,13.69519],[77.49211,13.68981],[77.48783,13.68917],[77.48788,13.68666],[77.47424,13.68611],[77.4545,13.68191],[77.43711,13.6843],[77.43505,13.67262],[77.4037,13.67532],[77.39725,13.67345],[77.39328,13.66488],[77.38333,13.66242],[77.37702,13.65005],[77.37847,13.64519],[77.37565,13.64282],[77.3689,13.64159],[77.36961,13.6337],[77.36213,13.62526],[77.36018,13.61569],[77.36224,13.60238],[77.36378,13.60208],[77.36305,13.59018],[77.3716,13.58774],[77.37421,13.59002],[77.37861,13.57849],[77.38244,13.57531],[77.38062,13.55056],[77.38273,13.53715],[77.39047,13.5361],[77.39141,13.53414],[77.38994,13.51968],[77.38086,13.51511],[77.38261,13.50032],[77.39863,13.49288],[77.4041,13.49421],[77.40796,13.49679],[77.41553,13.49201],[77.41559,13.48607],[77.42162,13.48558],[77.42483,13.48156],[77.42286,13.47193],[77.4344,13.46874],[77.43302,13.46398],[77.4401,13.46163],[77.44607,13.46162],[77.45031,13.46434],[77.4548,13.46428],[77.45457,13.46861],[77.45814,13.46911],[77.46134,13.46287],[77.47147,13.46936],[77.47662,13.46641],[77.48326,13.46789],[77.4886,13.46093],[77.49348,13.45889],[77.5047,13.4578],[77.50671,13.45662],[77.50492,13.45378],[77.50411,13.44549],[77.51594,13.44388],[77.51685,13.43939],[77.52247,13.43153],[77.53455,13.43075],[77.53708,13.43648],[77.54599,13.43773],[77.54844,13.43587],[77.55036,13.43424],[77.55147,13.41964],[77.55904,13.41863],[77.56431,13.42044],[77.58423,13.42157],[77.58958,13.42074],[77.59137,13.41883],[77.59347,13.42125],[77.59146,13.42153],[77.5891,13.42922],[77.59011,13.4302],[77.58979,13.43625],[77.59957,13.43614],[77.59996,13.43921],[77.60307,13.4413],[77.60574,13.43552],[77.60745,13.42524],[77.61545,13.42108],[77.614,13.41852],[77.60669,13.41451],[77.60589,13.41647],[77.59921,13.41514],[77.59875,13.41063],[77.60042,13.4099],[77.59986,13.4049],[77.60158,13.40405],[77.60238,13.39821],[77.6046,13.39785],[77.60657,13.39978],[77.60745,13.40719],[77.61201,13.40367],[77.61911,13.40236],[77.61276,13.38713],[77.61695,13.38489],[77.62092,13.38468],[77.6222,13.38226],[77.62094,13.37536],[77.62831,13.37763],[77.63391,13.37592],[77.63651,13.38667],[77.63793,13.38541],[77.63846,13.3938],[77.64784,13.39183],[77.65023,13.3933],[77.65326,13.39842],[77.65756,13.39782],[77.65773,13.39306],[77.65196,13.38704],[77.65957,13.38347],[77.66196,13.37746],[77.65705,13.37271],[77.65594,13.35823],[77.66706,13.35071],[77.66706,13.34799],[77.67994,13.34488],[77.68216,13.351],[77.68429,13.35187],[77.6879,13.34989],[77.69627,13.33833],[77.69989,13.33737],[77.70344,13.34425],[77.70313,13.34606],[77.69939,13.34828],[77.69866,13.35898],[77.71021,13.36324],[77.70901,13.36452],[77.71096,13.36623],[77.71675,13.36563],[77.71755,13.35349],[77.71639,13.35178],[77.72855,13.35169],[77.72924,13.36035],[77.72632,13.36163],[77.72649,13.36332],[77.73009,13.36087],[77.73726,13.3604],[77.74389,13.35375],[77.74514,13.35533],[77.74279,13.36025],[77.74406,13.36112],[77.75062,13.35929],[77.75188,13.36275],[77.75414,13.3638],[77.77195,13.35603],[77.77472,13.35305],[77.78898,13.35177],[77.79094,13.35052],[77.79111,13.34567],[77.79638,13.34067],[77.80357,13.338],[77.81025,13.33834],[77.81023,13.3344],[77.82103,13.3286],[77.82717,13.32701],[77.82262,13.31881],[77.81849,13.31538],[77.81728,13.31018],[77.81334,13.31095],[77.81378,13.31258],[77.81242,13.31301],[77.81018,13.31007],[77.81444,13.30943],[77.81444,13.30425],[77.82763,13.30549],[77.82763,13.30066],[77.82925,13.30057],[77.82955,13.29067],[77.82258,13.29076],[77.82217,13.29695],[77.81589,13.29756],[77.8157,13.28761],[77.81146,13.27758],[77.81139,13.26784],[77.8088,13.26148],[77.82097,13.25817],[77.8185,13.25356],[77.81541,13.25348],[77.81088,13.24617],[77.80909,13.24685],[77.80756,13.24313],[77.81441,13.23951],[77.81705,13.24706],[77.82133,13.25262],[77.85077,13.24106],[77.84779,13.22107],[77.85002,13.2195],[77.85829,13.22037],[77.858,13.22847],[77.86364,13.24112],[77.87079,13.23425],[77.8766,13.23431],[77.87848,13.23934],[77.87411,13.24393],[77.88007,13.25045],[77.88859,13.25079],[77.89079,13.25756],[77.90341,13.25483],[77.90537,13.25267],[77.90446,13.25048],[77.90565,13.25056],[77.9047,13.24511],[77.90219,13.24208],[77.89967,13.24174],[77.89092,13.23453],[77.91158,13.23134],[77.91385,13.23194],[77.91412,13.23974],[77.92335,13.23884],[77.92577,13.23976],[77.92901,13.23823],[77.93495,13.24606],[77.9345,13.24915],[77.93775,13.25123],[77.9414,13.25847],[77.93821,13.26403],[77.93822,13.26795],[77.94147,13.26756],[77.94154,13.26895],[77.94478,13.26931],[77.94629,13.27125],[77.95618,13.26969],[77.95948,13.2722],[77.95941,13.27599],[77.9567,13.27708],[77.95774,13.28192],[77.96123,13.28424],[77.96894,13.28238],[77.97493,13.28555],[77.98455,13.28607],[77.98519,13.29917],[77.98963,13.30434],[77.99884,13.30506],[78.01128,13.30145],[78.01171,13.29066],[78.01367,13.28997],[78.01381,13.28574],[78.01552,13.2829],[78.02376,13.28242],[78.02513,13.28364],[78.02991,13.28371],[78.0357,13.28086],[78.04691,13.27829],[78.05211,13.29341],[78.05596,13.29433],[78.05906,13.29277],[78.06058,13.299],[78.07564,13.30241],[78.07726,13.30094],[78.08678,13.30219],[78.08987,13.30392],[78.0902,13.30781],[78.09197,13.31023],[78.09274,13.30847],[78.09711,13.30815],[78.10246,13.30369],[78.1075,13.30429],[78.11742,13.29846],[78.12166,13.29273],[78.12666,13.29191],[78.12747,13.29026],[78.13382,13.28764],[78.13639,13.29681],[78.13647,13.30435],[78.13055,13.30734],[78.12319,13.30842],[78.12175,13.3155],[78.11486,13.31777],[78.10897,13.32326],[78.11011,13.32454],[78.13084,13.32843],[78.13159,13.33227],[78.13407,13.33122],[78.13341,13.33879],[78.13152,13.34131],[78.13084,13.34603],[78.13186,13.35246],[78.15034,13.35062],[78.15009,13.35794],[78.14936,13.36103],[78.14556,13.3614],[78.14796,13.36749],[78.14565,13.37377],[78.14263,13.37587],[78.1288,13.37342],[78.12239,13.3752],[78.12461,13.386],[78.12833,13.38671],[78.1298,13.3939],[78.13573,13.40525],[78.14734,13.40959],[78.15265,13.4096],[78.16082,13.41528],[78.16893,13.41357],[78.18255,13.42063],[78.18285,13.43342],[78.18629,13.43472],[78.18469,13.43519],[78.18551,13.43893],[78.18864,13.44248],[78.19433,13.43844],[78.19341,13.4471],[78.20154,13.44992],[78.20586,13.4588],[78.20605,13.46473],[78.21039,13.47104],[78.20811,13.47811],[78.20306,13.48078],[78.20069,13.4841],[78.19816,13.51259],[78.1924,13.51204],[78.18777,13.51359],[78.19041,13.5207],[78.19909,13.52089],[78.20278,13.52334],[78.20365,13.52777],[78.20145,13.53318],[78.20115,13.54131],[78.19847,13.54467],[78.19448,13.54655],[78.19377,13.54855],[78.20134,13.56389],[78.19619,13.56626],[78.19297,13.56485],[78.19109,13.56755],[78.18961,13.57521],[78.19026,13.59014],[78.19901,13.59924],[78.20333,13.60651],[78.20377,13.61828],[78.20232,13.61943],[78.2042,13.62842],[78.19564,13.62842],[78.18917,13.63052],[78.17505,13.63061],[78.16822,13.63285],[78.16907,13.65394],[78.16758,13.65583],[78.15613,13.65862],[78.14709,13.65669],[78.13112,13.65936],[78.12366,13.65573],[78.11429,13.65736],[78.10847,13.65311],[78.10225,13.65106],[78.09895,13.6428],[78.08711,13.64307],[78.0869,13.65117],[78.08974,13.6591],[78.07855,13.66727],[78.07701,13.67335],[78.06572,13.67614],[78.06731,13.6797],[78.07124,13.68238],[78.07359,13.68773],[78.07089,13.68846],[78.06961,13.6908],[78.06908,13.69781],[78.07087,13.69844],[78.08014,13.69664],[78.08588,13.69219],[78.0921,13.69256],[78.09242,13.69117],[78.11322,13.69274],[78.11471,13.70342],[78.1208,13.71562],[78.11585,13.72253],[78.11101,13.7258],[78.10433,13.73654],[78.09832,13.73779],[78.09152,13.74228],[78.09988,13.75846],[78.1138,13.76343],[78.11919,13.77251],[78.12216,13.78132],[78.1264,13.78638],[78.12269,13.79878],[78.1191,13.80362],[78.11375,13.80747],[78.11479,13.81199],[78.1254,13.83161],[78.1222,13.83895],[78.12363,13.84535],[78.11654,13.85187],[78.11681,13.85883],[78.11478,13.86289],[78.10185,13.8617],[78.094,13.86481],[78.08994,13.8647],[78.08191,13.86124],[78.08261,13.86429],[78.08054,13.86754],[78.0809,13.87315],[78.079,13.88116],[78.0643,13.88664],[78.06183,13.88842],[78.06225,13.8908],[78.06065,13.89196],[78.04887,13.89609],[78.05083,13.87599],[78.05011,13.87186],[78.04625,13.86635],[78.04619,13.86213],[78.04133,13.86027],[78.03185,13.86425],[78.02123,13.86383],[78.01672,13.86496],[78.01158,13.87194],[78.00048,13.87293],[77.99832,13.86908],[77.99206,13.86882],[77.98951,13.8626],[77.98885,13.85377],[77.98722,13.85407],[77.98298,13.84727],[77.97846,13.83806],[77.9761,13.82949],[77.96054,13.82945],[77.95298,13.82735],[77.95242,13.82908],[77.95614,13.83122],[77.95625,13.83593],[77.95368,13.83856],[77.9548,13.84224],[77.95353,13.8483],[77.95416,13.85517],[77.94906,13.8707],[77.94812,13.88085],[77.94908,13.88645],[77.95158,13.88788],[77.95213,13.88983],[77.98431,13.89719],[77.98662,13.903],[77.9831,13.90487],[77.98376,13.91576],[77.98274,13.92261],[77.98025,13.92786],[77.98753,13.9555],[77.97649,13.95853]]]}},{"type":"Feature","id":"KA-532","properties":{"districtCode":"KA-532","lgdCode":"532","districtName":"Chikkamagaluru","stateCode":"KA","stateLgdCode":"29","sourceName":"Chikkamagaluru"},"geometry":{"type":"Polygon","coordinates":[[[76.04417,13.8994],[76.0333,13.8977],[76.03238,13.87976],[76.02773,13.87337],[76.03057,13.86928],[76.02577,13.86789],[76.02334,13.86349],[76.01857,13.86378],[76.01577,13.87193],[76.01083,13.86594],[76.00808,13.86855],[75.99482,13.853],[75.98882,13.84849],[75.98485,13.85008],[75.98037,13.84781],[75.9752,13.85068],[75.97506,13.85233],[75.97019,13.85635],[75.96513,13.8467],[75.96239,13.84562],[75.96246,13.84443],[75.95938,13.84305],[75.95971,13.84158],[75.95717,13.8408],[75.95435,13.8368],[75.95209,13.83667],[75.94974,13.83383],[75.94811,13.82849],[75.9503,13.82667],[75.94962,13.82024],[75.9531,13.81808],[75.9523,13.81598],[75.94733,13.81792],[75.94552,13.8142],[75.93558,13.81261],[75.93159,13.81477],[75.92757,13.81387],[75.92026,13.80705],[75.90818,13.80731],[75.90367,13.80882],[75.89549,13.80621],[75.8895,13.80967],[75.85849,13.81115],[75.83552,13.81378],[75.82544,13.81865],[75.80775,13.79444],[75.79177,13.79691],[75.77759,13.78849],[75.7726,13.79693],[75.76705,13.79706],[75.76069,13.79421],[75.76686,13.78998],[75.76456,13.78149],[75.74909,13.78094],[75.73175,13.76905],[75.71809,13.77136],[75.71286,13.77053],[75.70962,13.76649],[75.70353,13.76773],[75.68716,13.76672],[75.68196,13.7613],[75.68863,13.75391],[75.6865,13.74988],[75.67647,13.75115],[75.67437,13.76191],[75.67103,13.76443],[75.66918,13.76406],[75.66415,13.75795],[75.66311,13.75074],[75.65673,13.74833],[75.65586,13.74613],[75.65914,13.74134],[75.6658,13.7375],[75.66813,13.73083],[75.67459,13.72833],[75.67468,13.72316],[75.6709,13.71986],[75.65968,13.71831],[75.65115,13.71869],[75.64794,13.70906],[75.64188,13.70377],[75.63567,13.70141],[75.63151,13.70332],[75.62689,13.70226],[75.62253,13.70574],[75.62124,13.7132],[75.62214,13.7138],[75.61729,13.72295],[75.62789,13.73322],[75.609,13.74596],[75.61085,13.76094],[75.59905,13.76091],[75.59117,13.75802],[75.58594,13.75871],[75.58153,13.75649],[75.57141,13.75538],[75.56728,13.75309],[75.56581,13.74084],[75.56063,13.73963],[75.55557,13.73416],[75.54636,13.73125],[75.54321,13.72829],[75.54092,13.728],[75.53285,13.73074],[75.52773,13.73958],[75.52164,13.74361],[75.52239,13.74798],[75.52096,13.75177],[75.51069,13.75497],[75.50698,13.76072],[75.50691,13.76568],[75.50238,13.76337],[75.49991,13.75834],[75.4983,13.75807],[75.48728,13.76856],[75.4856,13.76509],[75.4887,13.76214],[75.48862,13.75973],[75.47702,13.75349],[75.46118,13.74172],[75.45981,13.73872],[75.45978,13.73068],[75.45434,13.72364],[75.44589,13.72197],[75.43777,13.71762],[75.42659,13.71511],[75.42262,13.70796],[75.41919,13.70608],[75.40743,13.70579],[75.40468,13.70369],[75.40252,13.70376],[75.39367,13.70844],[75.38294,13.71086],[75.38225,13.70262],[75.38573,13.70219],[75.38785,13.69851],[75.3942,13.70026],[75.39426,13.69351],[75.39666,13.69193],[75.40545,13.67661],[75.41106,13.65859],[75.41468,13.65286],[75.40909,13.64216],[75.41194,13.63964],[75.40539,13.63002],[75.40729,13.62561],[75.39432,13.63052],[75.3921,13.62391],[75.38666,13.62346],[75.38897,13.61975],[75.38729,13.61681],[75.38878,13.61327],[75.37824,13.61501],[75.3791,13.62067],[75.37459,13.62677],[75.37271,13.62674],[75.36601,13.62194],[75.36639,13.60936],[75.36393,13.6042],[75.36974,13.59707],[75.36448,13.5981],[75.35736,13.5956],[75.35308,13.5921],[75.35076,13.58622],[75.3443,13.58061],[75.34079,13.58574],[75.33168,13.58478],[75.32818,13.58585],[75.32618,13.59254],[75.32081,13.58991],[75.31327,13.58899],[75.30797,13.58399],[75.29497,13.58471],[75.28964,13.57458],[75.28736,13.57421],[75.28338,13.5689],[75.27978,13.56853],[75.27886,13.56448],[75.27145,13.56899],[75.26752,13.5823],[75.26454,13.58662],[75.2587,13.58302],[75.25647,13.58371],[75.25494,13.59477],[75.24915,13.59599],[75.24476,13.60511],[75.23742,13.60128],[75.23547,13.59844],[75.23206,13.59978],[75.23067,13.60399],[75.22587,13.6059],[75.22138,13.60233],[75.22377,13.59602],[75.21066,13.58531],[75.21174,13.57814],[75.21873,13.57585],[75.22193,13.57093],[75.22645,13.56832],[75.22578,13.5648],[75.22203,13.55959],[75.21667,13.55926],[75.21593,13.55785],[75.217,13.55589],[75.2198,13.5552],[75.2183,13.55198],[75.22045,13.54948],[75.22437,13.54856],[75.22074,13.53324],[75.22618,13.52816],[75.22361,13.52527],[75.21969,13.52359],[75.21184,13.52582],[75.20879,13.52466],[75.2041,13.51816],[75.20876,13.51916],[75.21139,13.51827],[75.21107,13.51699],[75.20574,13.51533],[75.20271,13.50898],[75.19968,13.51015],[75.19749,13.50797],[75.19629,13.50942],[75.1884,13.50876],[75.18141,13.50549],[75.17616,13.49909],[75.17342,13.50115],[75.16973,13.50794],[75.16687,13.50278],[75.16035,13.49629],[75.15958,13.49332],[75.15159,13.48745],[75.14664,13.47803],[75.13625,13.47245],[75.13799,13.46499],[75.14232,13.45778],[75.14556,13.4572],[75.14413,13.45471],[75.15452,13.45313],[75.15301,13.43993],[75.14874,13.43683],[75.15496,13.43027],[75.15089,13.42705],[75.14948,13.41898],[75.14532,13.41828],[75.1431,13.40818],[75.13989,13.40677],[75.14654,13.39561],[75.14635,13.39282],[75.14308,13.39179],[75.13956,13.38677],[75.1319,13.39118],[75.12709,13.38521],[75.12932,13.37747],[75.1273,13.37056],[75.12768,13.36614],[75.12281,13.3652],[75.11702,13.36158],[75.11456,13.35712],[75.11205,13.3564],[75.10819,13.35927],[75.1021,13.36011],[75.09855,13.35691],[75.08973,13.36119],[75.08884,13.34991],[75.08335,13.34417],[75.07853,13.34296],[75.08221,13.33576],[75.09603,13.31702],[75.10069,13.30107],[75.10516,13.29275],[75.1122,13.28584],[75.11247,13.28247],[75.1193,13.28212],[75.12092,13.28488],[75.12605,13.28662],[75.13091,13.28584],[75.13125,13.28777],[75.13609,13.2898],[75.13994,13.28807],[75.14384,13.27734],[75.1529,13.26431],[75.15361,13.25761],[75.15805,13.24778],[75.16209,13.22903],[75.16883,13.21159],[75.16599,13.20767],[75.16675,13.2028],[75.16912,13.20292],[75.16901,13.20431],[75.1705,13.20475],[75.17243,13.20329],[75.17356,13.20397],[75.17664,13.20183],[75.17559,13.19916],[75.17703,13.19674],[75.18074,13.19503],[75.18558,13.18705],[75.18984,13.18308],[75.19528,13.18256],[75.19845,13.17958],[75.20108,13.18051],[75.20628,13.17674],[75.21058,13.16973],[75.21125,13.16462],[75.20951,13.15585],[75.20754,13.15322],[75.21154,13.15598],[75.21723,13.15655],[75.22446,13.14833],[75.22868,13.14662],[75.23371,13.13839],[75.24466,13.13729],[75.25224,13.12893],[75.2548,13.1311],[75.26128,13.1313],[75.26771,13.12723],[75.26839,13.12538],[75.2709,13.12709],[75.27334,13.12606],[75.27753,13.12682],[75.28126,13.13297],[75.28477,13.13492],[75.28612,13.131],[75.29426,13.1244],[75.29746,13.13273],[75.30021,13.13153],[75.31114,13.13193],[75.31644,13.1364],[75.31688,13.14445],[75.3238,13.14718],[75.32181,13.15819],[75.32526,13.16249],[75.32805,13.17086],[75.33306,13.16978],[75.33369,13.17342],[75.34233,13.1816],[75.34634,13.18066],[75.35147,13.1834],[75.35199,13.18516],[75.35693,13.18275],[75.35836,13.18373],[75.36345,13.18035],[75.36917,13.18286],[75.37655,13.18175],[75.38228,13.17881],[75.39104,13.16807],[75.39892,13.16436],[75.4038,13.15962],[75.4096,13.14951],[75.40813,13.13586],[75.4108,13.12403],[75.41064,13.11811],[75.40713,13.11168],[75.41078,13.1109],[75.41451,13.10686],[75.42061,13.10796],[75.42468,13.10629],[75.42677,13.11181],[75.43372,13.12169],[75.43326,13.12034],[75.44276,13.11371],[75.44482,13.10469],[75.45509,13.11008],[75.45526,13.10869],[75.46229,13.10499],[75.46467,13.10153],[75.47085,13.09707],[75.4719,13.09014],[75.46805,13.08328],[75.47039,13.07763],[75.47451,13.07893],[75.47968,13.07722],[75.47942,13.08056],[75.4822,13.08793],[75.48608,13.09239],[75.50042,13.08196],[75.50435,13.07797],[75.50685,13.07233],[75.50963,13.0718],[75.5152,13.06601],[75.51768,13.05971],[75.51573,13.05634],[75.52106,13.05388],[75.52357,13.04919],[75.52506,13.05072],[75.52553,13.04955],[75.52523,13.03977],[75.51939,13.03191],[75.51967,13.02729],[75.52766,13.02515],[75.53106,13.02126],[75.53229,13.01791],[75.5325,13.00453],[75.53081,13.00221],[75.52459,13.00041],[75.52602,12.99654],[75.52512,12.99374],[75.51724,12.98446],[75.51638,12.98014],[75.51429,12.97893],[75.51516,12.97767],[75.52045,12.97758],[75.52477,12.96693],[75.52981,12.96773],[75.53406,12.95891],[75.54194,12.95595],[75.54377,12.95252],[75.54957,12.94947],[75.55041,12.94598],[75.55625,12.94296],[75.55468,12.93481],[75.55674,12.9128],[75.57123,12.93029],[75.57222,12.93473],[75.58663,12.94202],[75.59544,12.94377],[75.60292,12.9584],[75.60183,12.96512],[75.60412,12.97349],[75.60908,12.97797],[75.60884,12.98113],[75.61956,12.99102],[75.62552,13.00418],[75.63141,13.01164],[75.63758,13.01119],[75.63838,13.0179],[75.64034,13.0187],[75.63995,13.02466],[75.64302,13.02727],[75.64267,13.03132],[75.64605,13.03241],[75.64834,13.02917],[75.65456,13.02937],[75.65563,13.0225],[75.65676,13.02513],[75.66145,13.02635],[75.66492,13.03185],[75.67113,13.0298],[75.67922,13.03192],[75.68127,13.03069],[75.6836,13.03205],[75.68418,13.03579],[75.68807,13.03296],[75.69056,13.03367],[75.68887,13.03529],[75.68843,13.03931],[75.69033,13.04074],[75.69067,13.0443],[75.69467,13.04603],[75.69644,13.03682],[75.70512,13.03576],[75.7104,13.03817],[75.71287,13.03406],[75.7148,13.03447],[75.71653,13.03094],[75.72476,13.03144],[75.72368,13.02756],[75.7279,13.02346],[75.73203,13.02666],[75.74022,13.02999],[75.74016,13.04112],[75.74167,13.04164],[75.74033,13.04748],[75.74246,13.05672],[75.74044,13.06105],[75.7425,13.06944],[75.73396,13.09127],[75.72794,13.09531],[75.72707,13.09939],[75.72828,13.10561],[75.73143,13.10655],[75.7351,13.11015],[75.73832,13.11011],[75.7387,13.11421],[75.73676,13.1156],[75.73533,13.12349],[75.74646,13.1282],[75.7537,13.13604],[75.75046,13.14306],[75.75184,13.14566],[75.74492,13.15069],[75.7408,13.14914],[75.73453,13.15532],[75.73461,13.16037],[75.73216,13.16118],[75.73019,13.16439],[75.72874,13.18316],[75.73243,13.18608],[75.7368,13.19778],[75.74321,13.20779],[75.74721,13.20734],[75.74862,13.20587],[75.75063,13.20642],[75.7536,13.21353],[75.75835,13.21742],[75.76159,13.21698],[75.76234,13.21456],[75.76603,13.21213],[75.77,13.21373],[75.77394,13.21351],[75.77425,13.21591],[75.77582,13.21611],[75.77897,13.20994],[75.78951,13.21466],[75.79663,13.2147],[75.79882,13.21648],[75.8057,13.21592],[75.81022,13.22029],[75.81004,13.23094],[75.81248,13.23075],[75.81006,13.24258],[75.80761,13.24698],[75.80879,13.25449],[75.81602,13.25891],[75.81817,13.25894],[75.82452,13.25301],[75.83563,13.25393],[75.83564,13.25199],[75.83892,13.25191],[75.84261,13.25226],[75.84257,13.25434],[75.85111,13.25806],[75.85731,13.25829],[75.85762,13.25588],[75.85467,13.2551],[75.85675,13.25307],[75.86003,13.25316],[75.86,13.24372],[75.86318,13.24259],[75.86154,13.24002],[75.87168,13.24801],[75.87501,13.25272],[75.87676,13.2603],[75.88407,13.26049],[75.89254,13.26481],[75.89939,13.26631],[75.90339,13.2579],[75.9161,13.26306],[75.9184,13.25737],[75.93607,13.25616],[75.93989,13.2586],[75.9559,13.26109],[75.97209,13.26087],[75.98391,13.26457],[75.98537,13.26461],[75.98557,13.26232],[75.98817,13.26264],[75.98795,13.25957],[75.99008,13.25813],[76.01485,13.26122],[76.01799,13.25641],[76.01635,13.25088],[76.03641,13.24856],[76.03838,13.25092],[76.03834,13.26014],[76.04037,13.2635],[76.03898,13.26608],[76.04178,13.26624],[76.04167,13.27035],[76.04432,13.27502],[76.04266,13.27673],[76.04244,13.28],[76.03817,13.28007],[76.03995,13.28409],[76.03849,13.29066],[76.03932,13.29269],[76.03882,13.29458],[76.03714,13.2949],[76.03731,13.29994],[76.03532,13.30048],[76.03686,13.30345],[76.03594,13.30472],[76.03848,13.30587],[76.03704,13.30937],[76.03993,13.30978],[76.03893,13.31721],[76.03718,13.31859],[76.03853,13.32006],[76.0416,13.31927],[76.04292,13.32375],[76.03909,13.32273],[76.03706,13.32044],[76.0322,13.32086],[76.02981,13.32405],[76.02695,13.32134],[76.02696,13.32694],[76.02848,13.33301],[76.03322,13.33235],[76.0327,13.33615],[76.03474,13.33653],[76.02876,13.34564],[76.03189,13.34578],[76.03452,13.35144],[76.03723,13.35925],[76.03761,13.36691],[76.04162,13.37436],[76.05585,13.38085],[76.07901,13.37395],[76.082,13.37154],[76.08889,13.37151],[76.08705,13.37847],[76.08994,13.39368],[76.09962,13.3925],[76.1105,13.39587],[76.11123,13.40062],[76.11984,13.40158],[76.12885,13.40036],[76.12938,13.40391],[76.13945,13.4066],[76.14024,13.4093],[76.13871,13.41276],[76.13931,13.41893],[76.14073,13.42037],[76.13867,13.42724],[76.14068,13.43706],[76.13723,13.44228],[76.14454,13.44773],[76.14697,13.44807],[76.15175,13.45727],[76.15783,13.45998],[76.16219,13.4697],[76.18812,13.4703],[76.19341,13.46891],[76.1923,13.4611],[76.18727,13.45265],[76.19636,13.45035],[76.19967,13.45034],[76.19986,13.46055],[76.19798,13.46891],[76.20863,13.4666],[76.23113,13.46789],[76.23408,13.48344],[76.22915,13.48403],[76.23098,13.48732],[76.23701,13.49088],[76.23831,13.4948],[76.2343,13.50171],[76.23389,13.50752],[76.25014,13.50903],[76.26008,13.51142],[76.26206,13.50521],[76.28986,13.50484],[76.29316,13.52714],[76.29544,13.52705],[76.29577,13.52439],[76.29999,13.52206],[76.30333,13.52459],[76.30594,13.52417],[76.30664,13.52598],[76.31204,13.52542],[76.31126,13.52994],[76.31555,13.53167],[76.31595,13.53974],[76.31745,13.53978],[76.31825,13.53661],[76.32146,13.5373],[76.32315,13.53051],[76.32973,13.52215],[76.34235,13.51373],[76.34573,13.51385],[76.3483,13.51718],[76.34845,13.52553],[76.35317,13.52584],[76.3532,13.52729],[76.36268,13.53051],[76.36387,13.54713],[76.35862,13.55752],[76.3531,13.57947],[76.34764,13.57597],[76.34123,13.57612],[76.33316,13.59632],[76.33163,13.59438],[76.308,13.59175],[76.30399,13.58889],[76.30025,13.58886],[76.3003,13.58984],[76.29294,13.59046],[76.29214,13.59325],[76.29375,13.59584],[76.2925,13.59743],[76.28887,13.59424],[76.28768,13.59477],[76.28705,13.60101],[76.28202,13.60122],[76.28194,13.6068],[76.27773,13.6069],[76.27621,13.60412],[76.27312,13.60499],[76.27254,13.60757],[76.27545,13.61052],[76.27692,13.61631],[76.27575,13.62202],[76.2796,13.62393],[76.27858,13.62793],[76.28099,13.63228],[76.28008,13.63705],[76.28339,13.6385],[76.28651,13.64363],[76.28655,13.64661],[76.28152,13.64907],[76.26315,13.64884],[76.26278,13.65302],[76.25479,13.66197],[76.24904,13.66318],[76.24265,13.66667],[76.24085,13.67218],[76.23588,13.67785],[76.22487,13.67941],[76.22168,13.68213],[76.21966,13.71332],[76.19504,13.71132],[76.18294,13.71607],[76.17361,13.71675],[76.16999,13.72688],[76.16067,13.73056],[76.14891,13.73251],[76.14658,13.74542],[76.14696,13.75242],[76.13248,13.78658],[76.1295,13.81425],[76.1152,13.81206],[76.11334,13.81845],[76.10661,13.83077],[76.0986,13.8639],[76.09228,13.86671],[76.08667,13.87428],[76.07736,13.88022],[76.06623,13.87959],[76.05551,13.88078],[76.05042,13.89911],[76.04417,13.8994]]]}},{"type":"Feature","id":"KA-533","properties":{"districtCode":"KA-533","lgdCode":"533","districtName":"Chitradurga","stateCode":"KA","stateLgdCode":"29","sourceName":"Chitradurga"},"geometry":{"type":"Polygon","coordinates":[[[76.72028,15.03382],[76.71726,15.036],[76.71151,15.03273],[76.7037,15.03337],[76.70258,15.02745],[76.70474,15.02183],[76.70187,15.01614],[76.69309,15.01899],[76.68596,15.01878],[76.68627,15.02186],[76.68896,15.02388],[76.68808,15.02501],[76.67793,15.0246],[76.67719,15.02264],[76.67259,15.02056],[76.67153,15.01867],[76.67354,15.01688],[76.67273,15.01291],[76.67762,15.0095],[76.68872,14.97858],[76.7087,14.97655],[76.71549,14.97272],[76.71709,14.96903],[76.71672,14.94787],[76.71295,14.93962],[76.706,14.9423],[76.70693,14.93105],[76.70338,14.93134],[76.69721,14.9276],[76.67931,14.93884],[76.65979,14.94175],[76.66259,14.93514],[76.66295,14.92472],[76.66528,14.91583],[76.67733,14.91122],[76.67847,14.9041],[76.67794,14.88717],[76.69752,14.8882],[76.71356,14.86499],[76.71503,14.85196],[76.7117,14.83731],[76.71659,14.83326],[76.74058,14.82598],[76.7424,14.82366],[76.74171,14.81832],[76.7404,14.81858],[76.73914,14.81519],[76.73513,14.81568],[76.73417,14.81354],[76.71816,14.81824],[76.70461,14.81788],[76.68276,14.80864],[76.67481,14.79411],[76.66747,14.79379],[76.67267,14.79021],[76.67286,14.78834],[76.66999,14.78751],[76.66727,14.78251],[76.66583,14.77893],[76.66692,14.77527],[76.65984,14.77171],[76.6602,14.76562],[76.65777,14.76479],[76.65541,14.75772],[76.65039,14.758],[76.6488,14.75625],[76.65092,14.75239],[76.64966,14.74849],[76.65111,14.74409],[76.64958,14.73878],[76.65153,14.73727],[76.64707,14.73079],[76.64827,14.7286],[76.65035,14.72826],[76.65119,14.72527],[76.64826,14.72284],[76.64742,14.71888],[76.64492,14.7166],[76.6448,14.71297],[76.63754,14.70992],[76.63608,14.70435],[76.63099,14.70264],[76.63033,14.70078],[76.62408,14.70243],[76.61746,14.69449],[76.61745,14.69251],[76.60833,14.68762],[76.61041,14.67804],[76.61058,14.66874],[76.59802,14.66928],[76.5966,14.66088],[76.59869,14.65625],[76.59734,14.65343],[76.61212,14.64838],[76.60282,14.63377],[76.59689,14.63216],[76.59599,14.63058],[76.60056,14.6257],[76.60086,14.62084],[76.58505,14.61741],[76.58492,14.61515],[76.57954,14.61095],[76.57404,14.60268],[76.57249,14.59403],[76.56746,14.58732],[76.55064,14.57888],[76.5497,14.57347],[76.5443,14.57035],[76.54215,14.5666],[76.5352,14.56484],[76.53527,14.56117],[76.51822,14.56248],[76.51004,14.56039],[76.51476,14.55111],[76.51678,14.54989],[76.52385,14.55314],[76.52699,14.54608],[76.53313,14.54266],[76.53265,14.53855],[76.52143,14.52434],[76.51368,14.52315],[76.50812,14.51629],[76.49539,14.51168],[76.48482,14.50453],[76.47325,14.50246],[76.46864,14.50543],[76.46137,14.50609],[76.4556,14.47157],[76.45581,14.46538],[76.45913,14.45718],[76.45965,14.45165],[76.43838,14.44791],[76.42349,14.44997],[76.42395,14.43852],[76.41619,14.43935],[76.40956,14.43755],[76.4059,14.43493],[76.39647,14.43439],[76.39534,14.42919],[76.3923,14.42869],[76.39323,14.42634],[76.38321,14.42698],[76.38387,14.42041],[76.37325,14.41828],[76.37001,14.42031],[76.35289,14.41938],[76.34945,14.41621],[76.34233,14.4169],[76.33921,14.41897],[76.33872,14.41431],[76.33262,14.40953],[76.31915,14.40814],[76.29307,14.40876],[76.28118,14.40417],[76.27413,14.40902],[76.27079,14.42031],[76.26615,14.42382],[76.26514,14.43704],[76.26128,14.44426],[76.24742,14.444],[76.23805,14.4504],[76.21848,14.44187],[76.2077,14.45739],[76.17335,14.46064],[76.172,14.448],[76.16272,14.44516],[76.1453,14.43093],[76.13624,14.42697],[76.14033,14.42072],[76.14312,14.41214],[76.14927,14.40773],[76.15095,14.39791],[76.15528,14.38686],[76.15539,14.37704],[76.15149,14.37743],[76.15075,14.36632],[76.15451,14.36279],[76.15492,14.36037],[76.15675,14.36036],[76.1549,14.35022],[76.15833,14.33188],[76.15655,14.32001],[76.15463,14.31819],[76.14288,14.32205],[76.12789,14.32368],[76.11612,14.32319],[76.10994,14.31728],[76.10873,14.31209],[76.10635,14.31028],[76.10642,14.30838],[76.11178,14.30235],[76.118,14.30001],[76.12007,14.29485],[76.12062,14.29097],[76.11704,14.27746],[76.1249,14.28249],[76.12989,14.27994],[76.13079,14.26838],[76.13454,14.26287],[76.13487,14.25604],[76.10519,14.24654],[76.10137,14.24605],[76.09611,14.24783],[76.08829,14.24537],[76.07898,14.24513],[76.07209,14.226],[76.06102,14.22248],[76.06398,14.21529],[76.06555,14.20625],[76.06322,14.20591],[76.06296,14.20345],[76.05776,14.20179],[76.05631,14.19457],[76.05753,14.18125],[76.06591,14.18126],[76.06429,14.17686],[76.06541,14.17567],[76.06518,14.17102],[76.06384,14.17127],[76.06329,14.15951],[76.04627,14.15494],[76.04638,14.14507],[76.0395,14.14238],[76.03552,14.13522],[76.03263,14.13386],[76.03345,14.12503],[76.03152,14.12214],[76.03188,14.1203],[76.02806,14.11972],[76.02496,14.11312],[76.02626,14.10385],[76.02528,14.10002],[76.03492,14.09951],[76.03416,14.09597],[76.03236,14.09587],[76.03321,14.09009],[76.03497,14.09006],[76.042,14.096],[76.04692,14.09743],[76.04987,14.09419],[76.05214,14.09396],[76.05455,14.08896],[76.05497,14.07488],[76.0565,14.07147],[76.05394,14.06108],[76.04963,14.05613],[76.04764,14.04717],[76.04783,14.0394],[76.05113,14.0342],[76.05082,14.0237],[76.04815,14.01373],[76.04621,14.01352],[76.04263,13.99084],[76.04324,13.98731],[76.04689,13.98317],[76.0496,13.98322],[76.05083,13.97859],[76.07219,13.98221],[76.06903,13.96742],[76.06932,13.95279],[76.0656,13.94151],[76.04962,13.94102],[76.04459,13.94237],[76.0351,13.9245],[76.02936,13.91843],[76.03082,13.90607],[76.02837,13.89866],[76.0333,13.8977],[76.04213,13.89935],[76.05042,13.89911],[76.05551,13.88078],[76.06623,13.87959],[76.07736,13.88022],[76.08667,13.87428],[76.09228,13.86671],[76.0986,13.8639],[76.10661,13.83077],[76.11334,13.81845],[76.1152,13.81206],[76.1295,13.81425],[76.13248,13.78658],[76.14696,13.75242],[76.14658,13.74542],[76.14891,13.73251],[76.16067,13.73056],[76.16999,13.72688],[76.17361,13.71675],[76.18294,13.71607],[76.19504,13.71132],[76.21966,13.71332],[76.22168,13.68213],[76.22487,13.67941],[76.23588,13.67785],[76.24085,13.67218],[76.24265,13.66667],[76.24904,13.66318],[76.25479,13.66197],[76.26278,13.65302],[76.26315,13.64884],[76.28152,13.64907],[76.28655,13.64661],[76.28651,13.64363],[76.28339,13.6385],[76.28008,13.63705],[76.28099,13.63228],[76.27858,13.62793],[76.2796,13.62393],[76.27575,13.62202],[76.27692,13.61631],[76.27545,13.61052],[76.27254,13.60757],[76.27312,13.60499],[76.27621,13.60412],[76.27773,13.6069],[76.28194,13.6068],[76.28202,13.60122],[76.28705,13.60101],[76.28768,13.59477],[76.28887,13.59424],[76.2925,13.59743],[76.29375,13.59584],[76.29214,13.59325],[76.29294,13.59046],[76.3003,13.58984],[76.30025,13.58886],[76.30399,13.58889],[76.308,13.59175],[76.33163,13.59438],[76.33316,13.59632],[76.34123,13.57612],[76.34764,13.57597],[76.37352,13.5931],[76.37822,13.58939],[76.38106,13.57785],[76.38271,13.57687],[76.39245,13.59054],[76.39765,13.59081],[76.39824,13.59461],[76.39946,13.59486],[76.40513,13.5906],[76.40986,13.57966],[76.41331,13.5782],[76.41718,13.57832],[76.42444,13.58138],[76.42735,13.59109],[76.43031,13.59313],[76.44102,13.59414],[76.44983,13.59072],[76.45512,13.59086],[76.45553,13.59552],[76.45819,13.59628],[76.46167,13.60015],[76.45893,13.60053],[76.45865,13.60279],[76.45705,13.60344],[76.45529,13.61144],[76.4607,13.61889],[76.48995,13.62323],[76.50008,13.62169],[76.49722,13.6271],[76.51699,13.63425],[76.51853,13.64111],[76.52719,13.64832],[76.53399,13.65086],[76.5343,13.65311],[76.52911,13.66046],[76.53028,13.6637],[76.52953,13.66605],[76.53403,13.66624],[76.53974,13.66314],[76.54951,13.67725],[76.55548,13.68261],[76.56415,13.68471],[76.56869,13.68867],[76.57335,13.68674],[76.57658,13.69011],[76.56938,13.71458],[76.57231,13.71391],[76.58574,13.71868],[76.59597,13.72011],[76.5993,13.72418],[76.6038,13.72567],[76.60945,13.72348],[76.61475,13.72715],[76.61365,13.72886],[76.62085,13.734],[76.62445,13.73405],[76.62982,13.71365],[76.63983,13.71482],[76.66178,13.72131],[76.67304,13.71865],[76.67249,13.70612],[76.68504,13.69045],[76.68977,13.72241],[76.68896,13.72739],[76.68445,13.72972],[76.68753,13.74597],[76.69092,13.75117],[76.69533,13.75435],[76.69527,13.7584],[76.69775,13.76037],[76.69392,13.76329],[76.69666,13.76557],[76.69804,13.77138],[76.70173,13.77474],[76.70582,13.77573],[76.70829,13.78191],[76.71367,13.78563],[76.71695,13.7942],[76.72374,13.79969],[76.72749,13.79691],[76.72713,13.79272],[76.73099,13.78463],[76.74897,13.78063],[76.75989,13.78033],[76.76453,13.782],[76.76676,13.79203],[76.76879,13.79513],[76.76848,13.80597],[76.76561,13.81214],[76.76395,13.82173],[76.76659,13.83584],[76.7623,13.83506],[76.75223,13.85014],[76.75133,13.85212],[76.75315,13.85382],[76.75281,13.85521],[76.74978,13.85386],[76.74679,13.85639],[76.73576,13.87011],[76.73148,13.88123],[76.72957,13.88068],[76.72311,13.89011],[76.72117,13.89458],[76.72286,13.89845],[76.73648,13.90351],[76.75246,13.90655],[76.74946,13.91614],[76.75203,13.91959],[76.76379,13.92041],[76.76467,13.92442],[76.77994,13.92427],[76.8022,13.91651],[76.81048,13.91533],[76.81537,13.91603],[76.81126,13.93165],[76.81135,13.93648],[76.81939,13.93657],[76.81944,13.93882],[76.82098,13.93972],[76.82189,13.95051],[76.8307,13.95474],[76.84202,13.96275],[76.84987,13.96357],[76.84858,13.9674],[76.84851,13.98043],[76.8397,13.98659],[76.83152,13.98905],[76.82344,13.99429],[76.82277,13.99848],[76.82494,14.00115],[76.83337,14.00319],[76.83611,14.00882],[76.83725,14.01817],[76.84788,14.01787],[76.86103,14.0147],[76.87277,14.00916],[76.87638,14.01939],[76.87987,14.01868],[76.88744,14.03967],[76.88863,14.04785],[76.89915,14.0575],[76.9101,14.06429],[76.91666,14.06049],[76.91636,14.05932],[76.92301,14.05701],[76.92474,14.0692],[76.92839,14.07779],[76.9484,14.09205],[76.95344,14.09921],[76.95253,14.10387],[76.94684,14.11298],[76.94426,14.12074],[76.93658,14.12428],[76.93587,14.12885],[76.93112,14.13102],[76.92498,14.13711],[76.91757,14.12884],[76.91284,14.12881],[76.9048,14.13364],[76.88952,14.13562],[76.88591,14.13824],[76.89052,14.14282],[76.89453,14.16781],[76.89837,14.16755],[76.89966,14.16923],[76.90054,14.16757],[76.90966,14.16796],[76.91975,14.16446],[76.92192,14.16942],[76.94237,14.17333],[76.94208,14.18067],[76.94467,14.18657],[76.94248,14.19109],[76.94271,14.1954],[76.94757,14.19818],[76.95114,14.19266],[76.95736,14.18811],[76.95976,14.18395],[76.95903,14.18262],[76.9606,14.18177],[76.97065,14.18241],[76.98377,14.17882],[76.99644,14.18027],[77.00546,14.18397],[77.02117,14.17764],[77.02276,14.17923],[77.02384,14.1863],[77.02146,14.18879],[77.01502,14.19341],[77.00922,14.19411],[77.0028,14.19796],[77.00608,14.20619],[77.00641,14.21506],[77.00562,14.22099],[77.00295,14.22156],[76.99929,14.2291],[77.00379,14.22956],[77.00566,14.23579],[76.99894,14.24087],[76.99194,14.24141],[76.9856,14.24733],[76.9762,14.24613],[76.96983,14.24337],[76.95983,14.24496],[76.95194,14.2419],[76.94646,14.24218],[76.93976,14.24486],[76.9358,14.25937],[76.9249,14.27378],[76.92818,14.2793],[76.93711,14.28034],[76.93877,14.28301],[76.94738,14.28617],[76.95672,14.29435],[76.94565,14.31318],[76.9272,14.31451],[76.90787,14.32295],[76.90339,14.32268],[76.89228,14.34126],[76.88822,14.34582],[76.88464,14.34754],[76.88232,14.35578],[76.88482,14.39571],[76.89863,14.39795],[76.9046,14.40392],[76.91583,14.42069],[76.93142,14.41052],[76.94271,14.39934],[76.94676,14.40615],[76.94779,14.41316],[76.94479,14.4509],[76.94596,14.45255],[76.95037,14.45237],[76.9568,14.45198],[76.9598,14.45021],[76.96833,14.46179],[76.9684,14.46511],[76.97167,14.46814],[76.97544,14.47786],[76.97481,14.48533],[76.95,14.48676],[76.94875,14.48914],[76.94339,14.48948],[76.92091,14.49052],[76.90069,14.48921],[76.88925,14.48317],[76.88651,14.48353],[76.88387,14.47927],[76.88427,14.47708],[76.86796,14.47404],[76.8651,14.47823],[76.86246,14.49276],[76.8592,14.49746],[76.8556,14.50959],[76.84923,14.51258],[76.8419,14.51937],[76.83549,14.5213],[76.83282,14.52911],[76.83101,14.53036],[76.82346,14.52682],[76.81941,14.52994],[76.81497,14.53019],[76.81254,14.53173],[76.80628,14.53106],[76.80282,14.5422],[76.79786,14.54917],[76.79136,14.55465],[76.78337,14.58044],[76.78184,14.5965],[76.78033,14.59704],[76.78023,14.59306],[76.76904,14.60088],[76.76499,14.60212],[76.76692,14.61827],[76.77253,14.63911],[76.77527,14.68096],[76.78622,14.69578],[76.78651,14.70843],[76.80294,14.74188],[76.79415,14.75127],[76.78953,14.76006],[76.78898,14.77228],[76.78269,14.78594],[76.78396,14.78697],[76.78846,14.78582],[76.78864,14.78697],[76.79383,14.7854],[76.80296,14.7856],[76.81766,14.7876],[76.82034,14.78888],[76.81908,14.79312],[76.83239,14.79291],[76.83257,14.79039],[76.83675,14.79077],[76.83737,14.81056],[76.85146,14.8086],[76.85398,14.80944],[76.85456,14.81809],[76.84601,14.82205],[76.84536,14.82548],[76.84671,14.82826],[76.8455,14.83405],[76.84179,14.83655],[76.85406,14.84323],[76.85541,14.84878],[76.85489,14.85892],[76.85719,14.86911],[76.85388,14.86918],[76.85339,14.88321],[76.85145,14.88335],[76.85247,14.88697],[76.84552,14.88718],[76.84548,14.88929],[76.84733,14.89598],[76.86384,14.89558],[76.86962,14.93771],[76.86609,14.95753],[76.86746,14.96982],[76.84194,14.96641],[76.83527,14.96003],[76.83411,14.95646],[76.8285,14.95646],[76.81828,14.96944],[76.79627,14.96917],[76.77761,14.97545],[76.76712,14.9749],[76.76057,14.98986],[76.75076,14.98317],[76.74461,14.98646],[76.73681,14.98672],[76.73406,14.98545],[76.73071,14.9945],[76.7275,14.99735],[76.72773,15.00463],[76.72815,15.00984],[76.73609,15.02313],[76.73271,15.03177],[76.72028,15.03382]]]}},{"type":"Feature","id":"KA-534","properties":{"districtCode":"KA-534","lgdCode":"534","districtName":"Dakshina Kannada","stateCode":"KA","stateLgdCode":"29","sourceName":"Dakshina Kannada"},"geometry":{"type":"Polygon","coordinates":[[[75.35337,13.184],[75.35199,13.18516],[75.34854,13.1815],[75.34128,13.18086],[75.33369,13.17342],[75.33306,13.16978],[75.32805,13.17086],[75.32526,13.16249],[75.32181,13.15819],[75.3238,13.14718],[75.31688,13.14445],[75.31644,13.1364],[75.31114,13.13193],[75.30021,13.13153],[75.29746,13.13273],[75.29426,13.1244],[75.28612,13.131],[75.28477,13.13492],[75.28126,13.13297],[75.27753,13.12682],[75.27334,13.12606],[75.2709,13.12709],[75.26839,13.12538],[75.26771,13.12723],[75.26128,13.1313],[75.2548,13.1311],[75.25224,13.12893],[75.24466,13.13729],[75.23371,13.13839],[75.22868,13.14662],[75.22446,13.14833],[75.21723,13.15655],[75.21154,13.15598],[75.20754,13.15322],[75.20951,13.15585],[75.21125,13.16462],[75.21058,13.16973],[75.2058,13.17728],[75.19988,13.17001],[75.19212,13.16355],[75.18029,13.15804],[75.18035,13.15441],[75.17659,13.14718],[75.17087,13.14484],[75.16767,13.13624],[75.16185,13.13195],[75.15884,13.13288],[75.15915,13.1314],[75.1574,13.12974],[75.15004,13.1247],[75.14485,13.1262],[75.1436,13.12856],[75.14468,13.13134],[75.1375,13.13176],[75.13642,13.13377],[75.1321,13.1328],[75.12874,13.13453],[75.12853,13.13194],[75.12227,13.13308],[75.12004,13.13091],[75.11512,13.13125],[75.11586,13.13348],[75.12016,13.13472],[75.12067,13.13621],[75.1107,13.14751],[75.11283,13.1491],[75.11288,13.15081],[75.10368,13.15108],[75.10093,13.15406],[75.10408,13.15595],[75.10368,13.15773],[75.09706,13.15595],[75.09991,13.16289],[75.09747,13.16487],[75.09197,13.16249],[75.08933,13.16457],[75.08689,13.1613],[75.08089,13.16179],[75.08058,13.15604],[75.08363,13.14593],[75.07641,13.14781],[75.07051,13.14324],[75.07123,13.1365],[75.05851,13.13153],[75.04773,13.13619],[75.04287,13.14023],[75.03664,13.14165],[75.0343,13.14145],[75.03186,13.13886],[75.02433,13.13866],[75.01518,13.13083],[75.01095,13.14064],[75.00291,13.15234],[74.99421,13.15728],[74.99153,13.15283],[74.9887,13.1523],[74.98542,13.14812],[74.97486,13.12937],[74.96359,13.12536],[74.96101,13.12677],[74.95977,13.12281],[74.95413,13.12325],[74.95444,13.12118],[74.95332,13.12104],[74.94833,13.12288],[74.94875,13.12406],[74.94017,13.13326],[74.93967,13.13432],[74.94399,13.13634],[74.94111,13.13802],[74.94084,13.14238],[74.94246,13.1419],[74.94273,13.14331],[74.93999,13.14555],[74.93563,13.14428],[74.93331,13.14971],[74.92,13.14296],[74.91608,13.13652],[74.91055,13.13291],[74.90821,13.12387],[74.91325,13.12079],[74.91374,13.11554],[74.91257,13.11246],[74.90911,13.11189],[74.90902,13.11092],[74.91203,13.1103],[74.91185,13.10805],[74.90466,13.10699],[74.87825,13.09531],[74.8742,13.09931],[74.87514,13.10567],[74.87015,13.11796],[74.86779,13.12185],[74.86354,13.12245],[74.86288,13.12693],[74.85981,13.12791],[74.84975,13.1263],[74.8463,13.12954],[74.84153,13.12726],[74.83877,13.1288],[74.8342,13.12773],[74.83248,13.12988],[74.82605,13.12955],[74.82266,13.12374],[74.81457,13.12232],[74.81248,13.11922],[74.81202,13.11526],[74.80961,13.11322],[74.8066,13.11591],[74.80181,13.11478],[74.79525,13.1176],[74.79208,13.11697],[74.79096,13.114],[74.7925,13.11089],[74.79524,13.10955],[74.79628,13.11158],[74.79848,13.10748],[74.79825,13.1043],[74.79178,13.09653],[74.7841,13.10026],[74.78249,13.10386],[74.77999,13.10429],[74.77748,13.10271],[74.7771,13.09945],[74.77961,13.09585],[74.78077,13.08927],[74.77731,13.08],[74.77955,13.07237],[74.77633,13.07152],[74.78167,13.04247],[74.78915,13.00399],[74.79354,12.99598],[74.81219,12.90005],[74.82443,12.84906],[74.83712,12.82398],[74.84676,12.79537],[74.85005,12.79261],[74.85547,12.78408],[74.86424,12.76131],[74.86543,12.76646],[74.8644,12.77089],[74.86784,12.76587],[74.86677,12.76473],[74.86721,12.76137],[74.87224,12.76106],[74.87414,12.75494],[74.87959,12.75531],[74.88231,12.75405],[74.89303,12.76243],[74.89958,12.76258],[74.90763,12.76896],[74.91698,12.77223],[74.93293,12.78054],[74.94173,12.77998],[74.95069,12.78429],[74.95819,12.78467],[74.95999,12.77889],[74.96293,12.77868],[74.96441,12.78163],[74.96633,12.78079],[74.96654,12.77648],[74.96836,12.77636],[74.97589,12.77913],[74.98193,12.77963],[74.98244,12.78231],[74.98428,12.78276],[74.98514,12.78155],[74.98731,12.78296],[74.99209,12.78821],[74.98741,12.79359],[74.98903,12.79546],[74.99122,12.79553],[74.99602,12.7893],[74.99875,12.78908],[74.99831,12.78594],[75.00243,12.78834],[75.00018,12.79022],[75.00316,12.79167],[75.00509,12.79031],[75.00297,12.78438],[75.00339,12.77798],[75.00621,12.77084],[75.00945,12.76751],[75.00606,12.76612],[75.00433,12.76043],[74.99868,12.75699],[74.9966,12.75208],[74.98768,12.74165],[74.98464,12.74308],[74.98403,12.73993],[74.98545,12.73889],[74.98327,12.7372],[74.98559,12.7336],[74.98724,12.73657],[74.98893,12.73629],[74.98881,12.73821],[74.99039,12.73746],[74.99002,12.73608],[74.99135,12.73695],[74.99047,12.73873],[74.99248,12.73989],[75,12.73205],[75.0134,12.72795],[75.00494,12.72028],[75.00096,12.71956],[75.00099,12.71639],[75.01504,12.71423],[75.01864,12.72111],[75.02658,12.71931],[75.0312,12.72094],[75.03358,12.72351],[75.03905,12.72382],[75.04268,12.72077],[75.04431,12.72311],[75.04792,12.7206],[75.05246,12.72008],[75.05034,12.71632],[75.05389,12.71112],[75.0543,12.70713],[75.05189,12.7069],[75.05023,12.70439],[75.05559,12.69346],[75.05385,12.69052],[75.05271,12.69247],[75.04855,12.69404],[75.04392,12.69264],[75.0405,12.68535],[75.043,12.68224],[75.04146,12.67873],[75.04257,12.67285],[75.04664,12.66757],[75.05397,12.67022],[75.05752,12.66605],[75.05845,12.67083],[75.05981,12.67177],[75.06525,12.66483],[75.06858,12.66467],[75.07415,12.67225],[75.08517,12.67476],[75.08744,12.6792],[75.0855,12.68247],[75.08558,12.69022],[75.0831,12.69333],[75.08508,12.69567],[75.08115,12.69738],[75.08095,12.69907],[75.08601,12.70403],[75.09232,12.69981],[75.10023,12.69966],[75.10625,12.69681],[75.10727,12.69105],[75.11062,12.69058],[75.11018,12.68845],[75.11259,12.68522],[75.11146,12.68182],[75.11739,12.68128],[75.12213,12.67891],[75.12312,12.68137],[75.12492,12.68148],[75.12841,12.67694],[75.13251,12.67614],[75.13467,12.67805],[75.13764,12.67676],[75.13982,12.68059],[75.14319,12.67839],[75.14639,12.68219],[75.152,12.68324],[75.14903,12.67616],[75.14988,12.67333],[75.16203,12.67196],[75.15212,12.65611],[75.15081,12.65006],[75.13851,12.64344],[75.1433,12.63966],[75.14444,12.64049],[75.15392,12.62497],[75.16068,12.62213],[75.16417,12.62407],[75.16996,12.62227],[75.1829,12.6328],[75.18555,12.63185],[75.18822,12.63314],[75.19316,12.6316],[75.19374,12.63031],[75.20174,12.63002],[75.20281,12.62759],[75.19877,12.61443],[75.19926,12.61207],[75.20095,12.60961],[75.20674,12.60801],[75.20775,12.60269],[75.20998,12.60023],[75.20786,12.59573],[75.20173,12.59336],[75.20114,12.58773],[75.20949,12.59107],[75.21262,12.57816],[75.21777,12.57636],[75.22032,12.5691],[75.22393,12.57036],[75.22919,12.56853],[75.2375,12.56976],[75.2371,12.57614],[75.23898,12.57802],[75.23867,12.58071],[75.24158,12.58003],[75.2497,12.58457],[75.25178,12.589],[75.25534,12.59138],[75.25684,12.59651],[75.26126,12.59817],[75.26349,12.60448],[75.266,12.60719],[75.26513,12.61117],[75.26716,12.61466],[75.27261,12.61556],[75.27635,12.61851],[75.2817,12.61644],[75.28598,12.61121],[75.28958,12.6104],[75.29156,12.60195],[75.29907,12.6059],[75.30189,12.60541],[75.31216,12.58972],[75.31418,12.59103],[75.32354,12.59093],[75.32701,12.59239],[75.328,12.58429],[75.32643,12.58139],[75.31869,12.57749],[75.31539,12.57254],[75.31312,12.5733],[75.31129,12.57695],[75.30804,12.57833],[75.29054,12.58261],[75.28619,12.57344],[75.28667,12.57176],[75.28467,12.56957],[75.27855,12.5716],[75.2748,12.56884],[75.27289,12.56897],[75.27006,12.55845],[75.27215,12.55484],[75.27056,12.54834],[75.27449,12.54022],[75.27396,12.5356],[75.27864,12.53146],[75.28031,12.52531],[75.29135,12.52685],[75.29554,12.52525],[75.29652,12.52319],[75.3041,12.52328],[75.30321,12.51426],[75.30456,12.50408],[75.31445,12.50292],[75.31503,12.49711],[75.32149,12.49777],[75.32451,12.49673],[75.333,12.49833],[75.33448,12.49549],[75.33353,12.49205],[75.33742,12.48852],[75.3361,12.47701],[75.33869,12.4716],[75.34154,12.46912],[75.3366,12.46408],[75.34611,12.46298],[75.35173,12.46488],[75.35849,12.464],[75.36082,12.46497],[75.36751,12.47533],[75.371,12.4748],[75.3726,12.47703],[75.3716,12.4869],[75.36864,12.48728],[75.36805,12.49121],[75.37779,12.4951],[75.38223,12.50202],[75.38741,12.5019],[75.39169,12.49936],[75.3946,12.50277],[75.39905,12.50352],[75.40008,12.5],[75.403,12.49774],[75.40806,12.49864],[75.41195,12.50201],[75.41613,12.50003],[75.41584,12.50521],[75.41684,12.50786],[75.41942,12.50935],[75.41668,12.51117],[75.41643,12.5153],[75.41806,12.51638],[75.42017,12.51527],[75.42426,12.51729],[75.42889,12.515],[75.43194,12.51777],[75.42946,12.52121],[75.43221,12.52379],[75.43435,12.53012],[75.43978,12.52851],[75.44209,12.52202],[75.44546,12.52076],[75.44569,12.51833],[75.44994,12.51859],[75.4532,12.51366],[75.45534,12.5129],[75.45681,12.51592],[75.45809,12.51588],[75.4587,12.51058],[75.4617,12.5083],[75.46131,12.50498],[75.47249,12.49946],[75.4686,12.49517],[75.46669,12.49027],[75.46198,12.48791],[75.46352,12.48544],[75.46143,12.48319],[75.4608,12.47694],[75.46463,12.47186],[75.47453,12.46608],[75.47542,12.46343],[75.47796,12.46621],[75.48195,12.46581],[75.48477,12.4622],[75.48716,12.46226],[75.48986,12.46009],[75.49248,12.46191],[75.49318,12.46497],[75.49165,12.46891],[75.49602,12.47857],[75.49332,12.48373],[75.50008,12.48704],[75.50559,12.48642],[75.51411,12.48934],[75.51796,12.48788],[75.52367,12.48983],[75.52589,12.49684],[75.52916,12.49947],[75.53105,12.49942],[75.5337,12.49499],[75.54036,12.49503],[75.54725,12.49199],[75.55184,12.49322],[75.55605,12.48944],[75.55965,12.48933],[75.56082,12.48738],[75.56591,12.48611],[75.5662,12.49202],[75.56482,12.49506],[75.55506,12.49834],[75.55617,12.50123],[75.56418,12.51065],[75.57089,12.51152],[75.57533,12.51488],[75.57765,12.51866],[75.58093,12.51932],[75.58013,12.52209],[75.58169,12.52326],[75.58269,12.53084],[75.59099,12.54008],[75.59298,12.53805],[75.59584,12.52764],[75.59968,12.52647],[75.60258,12.52272],[75.60574,12.52111],[75.6055,12.51267],[75.61476,12.51019],[75.62368,12.51627],[75.62676,12.52112],[75.6283,12.5191],[75.63232,12.52111],[75.63315,12.52809],[75.63788,12.53065],[75.64052,12.5365],[75.64428,12.53942],[75.65374,12.54072],[75.65747,12.54371],[75.66637,12.54638],[75.67056,12.55105],[75.67055,12.55874],[75.66871,12.56517],[75.66314,12.56956],[75.66845,12.57218],[75.66211,12.57786],[75.66199,12.58097],[75.6642,12.58556],[75.66154,12.59662],[75.6564,12.6027],[75.65392,12.6107],[75.6544,12.61833],[75.65308,12.6207],[75.64232,12.62625],[75.64197,12.63293],[75.64382,12.63927],[75.64328,12.64553],[75.64538,12.65771],[75.64805,12.66286],[75.64797,12.66573],[75.65275,12.67174],[75.65689,12.68253],[75.66695,12.69782],[75.65647,12.69704],[75.65313,12.69523],[75.64396,12.694],[75.63787,12.69531],[75.63506,12.69402],[75.63387,12.68982],[75.62903,12.701],[75.62934,12.70322],[75.62606,12.70514],[75.63333,12.70748],[75.63753,12.71326],[75.64925,12.71683],[75.65149,12.71932],[75.65242,12.72988],[75.65812,12.7418],[75.65609,12.74844],[75.65744,12.75204],[75.65513,12.74929],[75.64431,12.75881],[75.63832,12.76086],[75.64081,12.76562],[75.64117,12.76998],[75.63682,12.77021],[75.62938,12.77903],[75.62461,12.78009],[75.6212,12.77887],[75.6228,12.79162],[75.62089,12.7942],[75.61442,12.79722],[75.61827,12.81763],[75.61589,12.82279],[75.61487,12.83201],[75.6222,12.84696],[75.62132,12.85531],[75.61668,12.85556],[75.61275,12.86061],[75.60226,12.86495],[75.60109,12.87021],[75.6028,12.87554],[75.5939,12.87582],[75.58779,12.873],[75.5777,12.87213],[75.56849,12.86837],[75.56632,12.86596],[75.56361,12.86654],[75.56433,12.87548],[75.55996,12.87834],[75.5612,12.89347],[75.55816,12.8978],[75.55706,12.9055],[75.55454,12.90638],[75.55711,12.9114],[75.55468,12.93481],[75.55641,12.94266],[75.55041,12.94598],[75.54957,12.94947],[75.54377,12.95252],[75.54194,12.95595],[75.53406,12.95891],[75.52981,12.96773],[75.52477,12.96693],[75.52045,12.97758],[75.51516,12.97767],[75.51429,12.97893],[75.51638,12.98014],[75.51724,12.98446],[75.52512,12.99374],[75.52602,12.99654],[75.52459,13.00041],[75.53081,13.00221],[75.5325,13.00453],[75.53229,13.01791],[75.53106,13.02126],[75.52766,13.02515],[75.51967,13.02729],[75.51939,13.03191],[75.52523,13.03977],[75.52553,13.04955],[75.52506,13.05072],[75.52357,13.04919],[75.52106,13.05388],[75.51573,13.05634],[75.51768,13.05971],[75.5152,13.06601],[75.50963,13.0718],[75.50685,13.07233],[75.50435,13.07797],[75.50042,13.08196],[75.48608,13.09239],[75.4822,13.08793],[75.47942,13.08056],[75.47968,13.07722],[75.47451,13.07893],[75.47039,13.07763],[75.46805,13.08328],[75.4719,13.09014],[75.47085,13.09707],[75.46467,13.10153],[75.46229,13.10499],[75.45526,13.10869],[75.45509,13.11008],[75.44482,13.10469],[75.44276,13.11371],[75.43326,13.12034],[75.43372,13.12169],[75.42677,13.11181],[75.42468,13.10629],[75.42061,13.10796],[75.41451,13.10686],[75.41078,13.1109],[75.40713,13.11168],[75.41064,13.11811],[75.4108,13.12403],[75.40813,13.13586],[75.40983,13.14799],[75.40398,13.15942],[75.39892,13.16436],[75.39104,13.16807],[75.3831,13.17818],[75.37655,13.18175],[75.36877,13.18285],[75.36415,13.18021],[75.35836,13.18373],[75.35693,13.18275],[75.35627,13.18392],[75.35337,13.184]]]}},{"type":"Feature","id":"KA-535","properties":{"districtCode":"KA-535","lgdCode":"535","districtName":"Davanagere","stateCode":"KA","stateLgdCode":"29","sourceName":"Davanagere"},"geometry":{"type":"Polygon","coordinates":[[[76.04523,14.93061],[76.04406,14.93186],[76.03257,14.9245],[76.03028,14.91999],[76.02545,14.91595],[76.02571,14.91415],[76.02286,14.91019],[76.0141,14.90207],[76.01386,14.89687],[76.01266,14.89633],[76.0105,14.90523],[76.0057,14.90593],[76.00504,14.90192],[76.00119,14.90134],[75.99729,14.89812],[75.98452,14.90817],[75.98144,14.90224],[75.97709,14.89844],[75.96592,14.90847],[75.96533,14.90302],[75.96242,14.90434],[75.95928,14.90249],[75.94968,14.902],[75.9496,14.89997],[75.94004,14.90001],[75.93989,14.89639],[75.93718,14.89566],[75.93728,14.89347],[75.93483,14.89339],[75.93431,14.89203],[75.92821,14.89233],[75.9275,14.88959],[75.90696,14.88489],[75.90406,14.88399],[75.90149,14.88112],[75.89772,14.8808],[75.89759,14.87815],[75.8931,14.87759],[75.88857,14.87309],[75.88738,14.86861],[75.87317,14.868],[75.87112,14.86534],[75.86912,14.85436],[75.85799,14.85951],[75.85373,14.86359],[75.85422,14.87853],[75.85573,14.88182],[75.85391,14.88356],[75.84773,14.8844],[75.84735,14.88723],[75.84479,14.88985],[75.84092,14.88964],[75.83222,14.88347],[75.83036,14.88559],[75.82566,14.8992],[75.81603,14.89977],[75.81601,14.89602],[75.81308,14.89592],[75.81101,14.89225],[75.80928,14.88091],[75.80348,14.87627],[75.80169,14.86886],[75.81015,14.84623],[75.81029,14.84269],[75.80534,14.84129],[75.81111,14.82928],[75.818,14.8345],[75.83308,14.81309],[75.8348,14.8036],[75.8333,14.79545],[75.82315,14.77642],[75.8163,14.77552],[75.81384,14.77642],[75.79876,14.7689],[75.77649,14.78569],[75.77292,14.79162],[75.77151,14.78226],[75.75975,14.77526],[75.756,14.74051],[75.75622,14.73877],[75.75948,14.73743],[75.76377,14.73204],[75.76431,14.72331],[75.762,14.7199],[75.75394,14.71551],[75.7411,14.70082],[75.73796,14.69119],[75.73961,14.68522],[75.76352,14.67531],[75.77546,14.67606],[75.78925,14.68235],[75.79711,14.6825],[75.80039,14.67693],[75.7983,14.67132],[75.79885,14.66758],[75.81065,14.65464],[75.812,14.63727],[75.81129,14.62829],[75.80918,14.6183],[75.80588,14.61105],[75.80447,14.59841],[75.81872,14.57406],[75.82025,14.56702],[75.81886,14.5617],[75.81003,14.55176],[75.8026,14.54591],[75.79963,14.54119],[75.79734,14.53056],[75.79924,14.51074],[75.79735,14.50941],[75.79076,14.51045],[75.77907,14.51678],[75.77295,14.5184],[75.75751,14.51444],[75.75195,14.51134],[75.74713,14.50443],[75.73519,14.49497],[75.72492,14.47912],[75.71555,14.47227],[75.70798,14.47507],[75.7027,14.48844],[75.70018,14.49114],[75.69633,14.49241],[75.68973,14.49184],[75.67994,14.47875],[75.67317,14.46375],[75.6616,14.45183],[75.65956,14.4543],[75.66124,14.45916],[75.65819,14.45922],[75.65475,14.46368],[75.63683,14.46558],[75.63038,14.44474],[75.63652,14.44099],[75.63459,14.43293],[75.64285,14.43125],[75.6402,14.41172],[75.63513,14.39061],[75.63115,14.38344],[75.63127,14.37831],[75.62615,14.37231],[75.62287,14.34418],[75.62373,14.33864],[75.62687,14.33234],[75.63222,14.32798],[75.63423,14.3241],[75.63526,14.31969],[75.63404,14.31494],[75.61086,14.31587],[75.60958,14.30801],[75.60342,14.29297],[75.60051,14.29272],[75.59096,14.28763],[75.58769,14.28936],[75.58242,14.27824],[75.57603,14.27702],[75.5609,14.27762],[75.55655,14.2749],[75.55162,14.27424],[75.54539,14.27652],[75.52989,14.2774],[75.52925,14.26571],[75.52698,14.25832],[75.52919,14.22998],[75.52873,14.22856],[75.52668,14.22842],[75.52763,14.21691],[75.5289,14.21498],[75.52676,14.2028],[75.52086,14.2025],[75.50728,14.21912],[75.47622,14.21492],[75.47434,14.21418],[75.47254,14.21064],[75.46171,14.20921],[75.45609,14.20679],[75.45292,14.20469],[75.46171,14.19967],[75.47044,14.18888],[75.4842,14.17623],[75.46114,14.17466],[75.44373,14.16345],[75.43342,14.1529],[75.42427,14.1495],[75.42058,14.14101],[75.41541,14.1412],[75.40135,14.1262],[75.39896,14.11812],[75.39879,14.11686],[75.40607,14.11371],[75.42304,14.10816],[75.4329,14.10646],[75.43859,14.10374],[75.44847,14.09538],[75.46476,14.10234],[75.47074,14.1032],[75.47987,14.10023],[75.49051,14.10475],[75.49278,14.0995],[75.51001,14.10106],[75.52361,14.09445],[75.52903,14.0946],[75.53128,14.09751],[75.53392,14.09017],[75.53877,14.08612],[75.53968,14.08069],[75.54323,14.07805],[75.54817,14.07696],[75.55365,14.07876],[75.56432,14.06927],[75.57027,14.06545],[75.57709,14.0633],[75.58522,14.05786],[75.5913,14.06392],[75.59547,14.06128],[75.60089,14.06084],[75.60358,14.05654],[75.6111,14.06139],[75.61753,14.07659],[75.63071,14.0735],[75.63429,14.07984],[75.64241,14.07947],[75.64364,14.07857],[75.64362,14.07396],[75.65963,14.0675],[75.66438,14.06628],[75.66723,14.06748],[75.67299,14.06495],[75.70195,14.07289],[75.72548,14.07578],[75.72654,14.07655],[75.72114,14.08339],[75.73819,14.0874],[75.73879,14.10108],[75.75312,14.10175],[75.75597,14.11028],[75.76816,14.1094],[75.76852,14.10359],[75.80585,14.09814],[75.81411,14.10563],[75.81395,14.09458],[75.82022,14.08345],[75.82104,14.07947],[75.81988,14.07078],[75.82095,14.06501],[75.81392,14.04878],[75.8039,14.04367],[75.80099,14.04369],[75.79876,14.03326],[75.80341,14.02607],[75.80791,14.02621],[75.81082,14.02363],[75.82386,14.01894],[75.82805,13.99259],[75.83085,13.98671],[75.82914,13.97165],[75.84521,13.94203],[75.85965,13.91036],[75.85976,13.88659],[75.85531,13.87265],[75.86286,13.87265],[75.86572,13.85982],[75.87135,13.85109],[75.87053,13.83552],[75.87876,13.81011],[75.8895,13.80967],[75.89549,13.80621],[75.90367,13.80882],[75.90818,13.80731],[75.92026,13.80705],[75.92757,13.81387],[75.93159,13.81477],[75.93558,13.81261],[75.94552,13.8142],[75.94733,13.81792],[75.9523,13.81598],[75.9531,13.81808],[75.94962,13.82024],[75.9503,13.82667],[75.94811,13.82849],[75.94974,13.83383],[75.95209,13.83667],[75.95435,13.8368],[75.95717,13.8408],[75.95971,13.84158],[75.95938,13.84305],[75.96246,13.84443],[75.96239,13.84562],[75.96513,13.8467],[75.97019,13.85635],[75.97506,13.85233],[75.9752,13.85068],[75.98037,13.84781],[75.98485,13.85008],[75.98882,13.84849],[75.99482,13.853],[76.00808,13.86855],[76.01083,13.86594],[76.01577,13.87193],[76.01857,13.86378],[76.02236,13.86346],[76.02577,13.86789],[76.03008,13.86844],[76.03058,13.86962],[76.02773,13.87337],[76.03238,13.87976],[76.0333,13.8977],[76.02837,13.89866],[76.03082,13.90607],[76.02936,13.91843],[76.0351,13.9245],[76.04459,13.94237],[76.04962,13.94102],[76.0656,13.94151],[76.06932,13.95279],[76.06903,13.96742],[76.07219,13.98221],[76.05076,13.97861],[76.0496,13.98322],[76.04689,13.98317],[76.04324,13.98731],[76.04263,13.99084],[76.04621,14.01352],[76.04815,14.01373],[76.05082,14.0237],[76.05113,14.0342],[76.04783,14.0394],[76.04764,14.04717],[76.04963,14.05613],[76.05394,14.06108],[76.05634,14.07049],[76.05497,14.07488],[76.05455,14.08896],[76.05214,14.09396],[76.04987,14.09419],[76.04692,14.09743],[76.042,14.096],[76.03497,14.09006],[76.03321,14.09009],[76.03236,14.09587],[76.03416,14.09597],[76.03492,14.09951],[76.02528,14.10002],[76.02626,14.10385],[76.02496,14.11312],[76.02806,14.11972],[76.03188,14.1203],[76.03152,14.12214],[76.03345,14.12503],[76.03263,14.13386],[76.03552,14.13522],[76.0395,14.14238],[76.04638,14.14507],[76.04627,14.15494],[76.06329,14.15951],[76.06384,14.17127],[76.06518,14.17102],[76.06541,14.17567],[76.06429,14.17686],[76.06591,14.18126],[76.05753,14.18125],[76.05631,14.19457],[76.05776,14.20179],[76.06296,14.20345],[76.06322,14.20591],[76.06555,14.20625],[76.06398,14.21529],[76.06102,14.22248],[76.07209,14.226],[76.07898,14.24513],[76.08829,14.24537],[76.09611,14.24783],[76.10137,14.24605],[76.10519,14.24654],[76.13487,14.25604],[76.13454,14.26287],[76.13079,14.26838],[76.12989,14.27994],[76.1249,14.28249],[76.11704,14.27746],[76.12062,14.29097],[76.12007,14.29485],[76.118,14.30001],[76.11178,14.30235],[76.10642,14.30838],[76.10635,14.31028],[76.10873,14.31209],[76.10994,14.31728],[76.11612,14.32319],[76.12789,14.32368],[76.14288,14.32205],[76.15463,14.31819],[76.15655,14.32001],[76.15833,14.33188],[76.1549,14.35022],[76.15675,14.36036],[76.15492,14.36037],[76.15451,14.36279],[76.15075,14.36632],[76.15149,14.37743],[76.15539,14.37704],[76.15528,14.38686],[76.15095,14.39791],[76.14927,14.40773],[76.14312,14.41214],[76.14033,14.42072],[76.13624,14.42697],[76.1453,14.43093],[76.16272,14.44516],[76.172,14.448],[76.17335,14.46064],[76.2077,14.45739],[76.21848,14.44187],[76.23805,14.4504],[76.24742,14.444],[76.26128,14.44426],[76.26514,14.43704],[76.26615,14.42382],[76.27079,14.42031],[76.27413,14.40902],[76.28118,14.40417],[76.29307,14.40876],[76.31915,14.40814],[76.33262,14.40953],[76.33872,14.41431],[76.33921,14.41897],[76.34233,14.4169],[76.34945,14.41621],[76.35289,14.41938],[76.37001,14.42031],[76.37325,14.41828],[76.38315,14.42016],[76.38436,14.422],[76.38321,14.42698],[76.39323,14.42634],[76.3923,14.42869],[76.39534,14.42919],[76.39647,14.43439],[76.4059,14.43493],[76.40956,14.43755],[76.41619,14.43935],[76.42395,14.43852],[76.42349,14.44997],[76.43838,14.44791],[76.45965,14.45165],[76.45913,14.45718],[76.45581,14.46538],[76.4556,14.47157],[76.46137,14.50609],[76.46864,14.50543],[76.47325,14.50246],[76.48482,14.50453],[76.49539,14.51168],[76.50812,14.51629],[76.51368,14.52315],[76.52143,14.52434],[76.53363,14.5408],[76.53286,14.5434],[76.52699,14.54608],[76.52385,14.55314],[76.51678,14.54989],[76.51476,14.55111],[76.50918,14.56231],[76.50507,14.56537],[76.46464,14.57421],[76.46228,14.57625],[76.44392,14.58031],[76.43255,14.58007],[76.4236,14.58165],[76.42482,14.58657],[76.42838,14.59055],[76.42953,14.59861],[76.43223,14.60473],[76.43214,14.61831],[76.42167,14.62479],[76.41477,14.62303],[76.40314,14.62361],[76.40189,14.62739],[76.39361,14.62688],[76.38987,14.64861],[76.37453,14.64656],[76.37457,14.65377],[76.37931,14.66202],[76.374,14.66397],[76.34294,14.66572],[76.33814,14.68567],[76.33525,14.68777],[76.32214,14.69241],[76.31618,14.69261],[76.31444,14.69184],[76.31233,14.68722],[76.30158,14.68999],[76.28894,14.68516],[76.27948,14.68464],[76.27332,14.68829],[76.27232,14.69573],[76.2579,14.69604],[76.25689,14.70072],[76.24901,14.6975],[76.24649,14.69453],[76.23925,14.67853],[76.2305,14.64931],[76.22392,14.6551],[76.20443,14.67788],[76.19354,14.68198],[76.19343,14.69797],[76.18369,14.7003],[76.18713,14.72251],[76.19713,14.72499],[76.19861,14.73912],[76.20094,14.73914],[76.20058,14.75323],[76.19862,14.75324],[76.196,14.75648],[76.19233,14.76834],[76.18612,14.76699],[76.18681,14.76509],[76.1809,14.76406],[76.17991,14.76874],[76.16895,14.78515],[76.14936,14.7839],[76.14697,14.78949],[76.1429,14.79321],[76.1436,14.81382],[76.1464,14.82348],[76.15334,14.82134],[76.15521,14.82783],[76.15765,14.82912],[76.16047,14.82828],[76.16057,14.82992],[76.17613,14.82203],[76.18565,14.82027],[76.19431,14.82082],[76.19157,14.8315],[76.19069,14.84648],[76.1744,14.84844],[76.15933,14.84716],[76.15797,14.85193],[76.15929,14.85218],[76.15935,14.85387],[76.15861,14.85567],[76.15615,14.85555],[76.15461,14.85743],[76.15471,14.86121],[76.13053,14.86076],[76.13059,14.86823],[76.12888,14.86912],[76.09416,14.86968],[76.08774,14.87257],[76.07272,14.86884],[76.07175,14.87348],[76.06666,14.88119],[76.06624,14.88396],[76.06977,14.89066],[76.08243,14.90443],[76.08466,14.91335],[76.06971,14.90892],[76.0688,14.91046],[76.0661,14.91008],[76.06508,14.91355],[76.06212,14.91585],[76.05128,14.91616],[76.04798,14.92451],[76.04894,14.92479],[76.04766,14.93028],[76.04523,14.93061]]]}},{"type":"Feature","id":"KA-536","properties":{"districtCode":"KA-536","lgdCode":"536","districtName":"Dharwad","stateCode":"KA","stateLgdCode":"29","sourceName":"Dharwad"},"geometry":{"type":"Polygon","coordinates":[[[75.49315,15.68505],[75.4876,15.70254],[75.46851,15.70076],[75.47283,15.68659],[75.47008,15.68415],[75.46206,15.68178],[75.45385,15.68201],[75.4505,15.67803],[75.44942,15.67834],[75.44938,15.68133],[75.44758,15.68227],[75.44132,15.67229],[75.42887,15.66915],[75.42514,15.67045],[75.42391,15.66893],[75.42436,15.66246],[75.41694,15.66091],[75.41305,15.65537],[75.41123,15.65547],[75.41104,15.65767],[75.4088,15.65765],[75.40768,15.65594],[75.38109,15.66513],[75.36244,15.66867],[75.35945,15.64557],[75.33565,15.64873],[75.33699,15.67382],[75.33172,15.67426],[75.31306,15.68005],[75.304,15.68675],[75.2968,15.68938],[75.29556,15.6919],[75.28332,15.69083],[75.28074,15.69013],[75.2779,15.68712],[75.27261,15.66286],[75.2737,15.6487],[75.24911,15.64698],[75.23628,15.67901],[75.21787,15.67695],[75.21775,15.68157],[75.20263,15.68155],[75.20272,15.64906],[75.18724,15.64896],[75.18565,15.65599],[75.18395,15.65763],[75.18101,15.65675],[75.17782,15.65925],[75.17135,15.66055],[75.16642,15.65925],[75.16286,15.66096],[75.15283,15.65941],[75.15195,15.66106],[75.14931,15.65843],[75.14712,15.65992],[75.14134,15.65868],[75.13585,15.66045],[75.13235,15.66011],[75.1303,15.66349],[75.12677,15.66568],[75.12628,15.66425],[75.12386,15.66549],[75.12386,15.66799],[75.10821,15.67198],[75.1061,15.66023],[75.10143,15.66078],[75.09768,15.62933],[75.0918,15.60788],[75.08999,15.61221],[75.08719,15.6124],[75.08487,15.61658],[75.08242,15.61731],[75.08065,15.6229],[75.06394,15.62569],[75.06431,15.6279],[75.06209,15.63002],[75.05634,15.63248],[75.06319,15.66927],[75.0589,15.67736],[75.05978,15.68208],[75.04975,15.68246],[75.04672,15.67063],[75.02828,15.6698],[75.02801,15.6518],[75.0236,15.6518],[75.02191,15.65034],[75.01936,15.64392],[74.99208,15.64998],[74.99126,15.65153],[74.97801,15.64913],[74.96632,15.65432],[74.96311,15.64348],[74.96507,15.62719],[74.95243,15.62691],[74.94448,15.62396],[74.93271,15.62357],[74.9281,15.62418],[74.91183,15.63166],[74.90038,15.63163],[74.88734,15.62967],[74.88358,15.6247],[74.87767,15.62272],[74.87888,15.61793],[74.87372,15.61759],[74.85539,15.61151],[74.84021,15.60855],[74.83825,15.61236],[74.82975,15.60979],[74.82857,15.6077],[74.82989,15.59029],[74.83223,15.59091],[74.83532,15.58659],[74.83801,15.57707],[74.8409,15.57474],[74.82244,15.56848],[74.82345,15.56603],[74.81986,15.5653],[74.82028,15.56229],[74.80752,15.55423],[74.80592,15.55115],[74.7979,15.54851],[74.80486,15.53275],[74.81146,15.52183],[74.81125,15.51431],[74.80945,15.51262],[74.81386,15.50496],[74.80345,15.50298],[74.80226,15.50101],[74.80583,15.49801],[74.80416,15.49696],[74.79984,15.49914],[74.80007,15.49672],[74.798,15.49775],[74.79991,15.49425],[74.79589,15.49117],[74.79587,15.48751],[74.78694,15.48612],[74.78644,15.48369],[74.78897,15.4817],[74.7886,15.47396],[74.77831,15.45931],[74.77096,15.46909],[74.7646,15.47391],[74.76108,15.47047],[74.7539,15.48476],[74.75539,15.48777],[74.75338,15.48731],[74.74859,15.4962],[74.73811,15.49013],[74.72731,15.48888],[74.73104,15.47733],[74.72889,15.47672],[74.7319,15.4709],[74.73719,15.46588],[74.74354,15.4667],[74.74295,15.46417],[74.74443,15.46347],[74.74199,15.46221],[74.7435,15.46127],[74.74232,15.45132],[74.74126,15.4505],[74.74034,15.45144],[74.74009,15.44863],[74.73781,15.44835],[74.74024,15.4473],[74.73895,15.44546],[74.73268,15.44246],[74.73079,15.44014],[74.7307,15.43549],[74.73213,15.43369],[74.72961,15.43043],[74.7307,15.42986],[74.73057,15.42631],[74.73305,15.42317],[74.73801,15.42219],[74.73999,15.41945],[74.74136,15.41231],[74.75427,15.41096],[74.76667,15.41721],[74.76847,15.41615],[74.76833,15.41123],[74.77067,15.40785],[74.76558,15.40238],[74.76523,15.39961],[74.76926,15.40099],[74.78238,15.39432],[74.78663,15.38474],[74.794,15.37843],[74.79706,15.37714],[74.8022,15.37797],[74.82096,15.38509],[74.8309,15.3728],[74.82436,15.37476],[74.81914,15.37036],[74.82596,15.34457],[74.8284,15.34064],[74.83584,15.33456],[74.83806,15.33647],[74.84513,15.33563],[74.84736,15.33749],[74.84742,15.34049],[74.85363,15.34119],[74.86071,15.32724],[74.8762,15.31665],[74.87457,15.31509],[74.87748,15.31289],[74.87836,15.31],[74.87368,15.29848],[74.88193,15.29876],[74.88541,15.30144],[74.88886,15.30705],[74.89356,15.30048],[74.89645,15.30167],[74.90094,15.29181],[74.90822,15.26856],[74.91023,15.25103],[74.88767,15.23425],[74.88732,15.22884],[74.87544,15.21681],[74.87307,15.21635],[74.87533,15.2069],[74.87329,15.20475],[74.87737,15.19317],[74.87338,15.19229],[74.86526,15.18697],[74.86622,15.18565],[74.8648,15.18496],[74.86542,15.18264],[74.86274,15.18195],[74.86242,15.17812],[74.85108,15.17158],[74.84864,15.16721],[74.84841,15.16291],[74.84085,15.15664],[74.84191,15.15549],[74.83958,15.15253],[74.835,15.15029],[74.83743,15.1439],[74.82927,15.13963],[74.83119,15.13844],[74.83147,15.13183],[74.83545,15.13108],[74.84075,15.12721],[74.8433,15.1219],[74.84687,15.12307],[74.85125,15.12087],[74.8539,15.11107],[74.8593,15.10272],[74.86423,15.10368],[74.86879,15.10216],[74.87414,15.10277],[74.88009,15.10006],[74.8891,15.0999],[74.89198,15.09697],[74.89322,15.09357],[74.88947,15.08881],[74.88383,15.08819],[74.88011,15.08475],[74.87846,15.07377],[74.88719,15.06559],[74.88615,15.06341],[74.88978,15.05342],[74.88795,15.05024],[74.89093,15.04476],[74.90056,15.04927],[74.90814,15.05084],[74.9107,15.04114],[74.91706,15.03878],[74.9187,15.04421],[74.92213,15.04514],[74.92393,15.04844],[74.92807,15.0501],[74.92986,15.04934],[74.9317,15.05206],[74.94056,15.05194],[74.94163,15.05615],[74.93913,15.05707],[74.94062,15.06644],[74.94426,15.06417],[74.95084,15.06747],[74.95761,15.06483],[74.96366,15.06938],[74.97446,15.07054],[74.97931,15.06899],[74.98624,15.07121],[74.98602,15.07287],[74.99404,15.07349],[74.99841,15.07007],[75.00264,15.07123],[75.0028,15.07006],[75.005,15.06997],[75.00843,15.07138],[75.00916,15.06962],[75.01293,15.06828],[75.01423,15.07053],[75.01748,15.07077],[75.01832,15.07258],[75.02009,15.07021],[75.02227,15.07025],[75.02554,15.07323],[75.02595,15.07221],[75.02765,15.07382],[75.03025,15.07313],[75.03045,15.07474],[75.03259,15.07457],[75.03357,15.07849],[75.04375,15.07915],[75.04732,15.08174],[75.05399,15.08288],[75.05528,15.07376],[75.05821,15.0723],[75.07095,15.07034],[75.08139,15.07431],[75.0825,15.0854],[75.08102,15.08759],[75.07974,15.10425],[75.07744,15.11032],[75.09529,15.1102],[75.09528,15.11393],[75.11347,15.11716],[75.11418,15.12099],[75.11144,15.12635],[75.1084,15.12997],[75.10529,15.13039],[75.10446,15.13382],[75.10665,15.13842],[75.10362,15.1403],[75.10422,15.14127],[75.10935,15.13881],[75.11689,15.14084],[75.12166,15.14028],[75.12565,15.14502],[75.13176,15.14479],[75.13427,15.14871],[75.13477,15.15683],[75.13705,15.15781],[75.13668,15.16074],[75.14098,15.16141],[75.14057,15.15927],[75.14509,15.15431],[75.14663,15.15006],[75.14887,15.15038],[75.15286,15.14563],[75.15156,15.14556],[75.15252,15.14333],[75.148,15.13966],[75.14546,15.13411],[75.1416,15.13321],[75.13776,15.12995],[75.13883,15.12554],[75.13746,15.12015],[75.13307,15.11897],[75.13321,15.1166],[75.135,15.1166],[75.13527,15.11295],[75.13749,15.11207],[75.13622,15.11034],[75.13778,15.10595],[75.13912,15.10433],[75.14163,15.10448],[75.14404,15.10492],[75.14392,15.10664],[75.15317,15.10724],[75.15311,15.1087],[75.15867,15.10965],[75.15819,15.10149],[75.18611,15.10426],[75.18822,15.09788],[75.19849,15.10135],[75.20355,15.10029],[75.22485,15.10125],[75.22582,15.10743],[75.23838,15.10894],[75.23986,15.10714],[75.25116,15.10762],[75.25302,15.09807],[75.25841,15.09848],[75.26053,15.11828],[75.26987,15.11762],[75.27272,15.12213],[75.27972,15.12464],[75.28797,15.13051],[75.2871,15.13688],[75.30977,15.13826],[75.30708,15.15512],[75.32593,15.15739],[75.33639,15.16177],[75.33703,15.11218],[75.33984,15.10667],[75.34919,15.103],[75.35056,15.10103],[75.35002,15.09468],[75.33919,15.09154],[75.33979,15.08843],[75.33295,15.08667],[75.33967,15.06972],[75.34834,15.06444],[75.35717,15.06519],[75.36296,15.05856],[75.36684,15.05136],[75.36925,15.05012],[75.37522,15.05028],[75.39918,15.05994],[75.41664,15.0595],[75.41852,15.06587],[75.41664,15.08487],[75.42045,15.08644],[75.42061,15.09055],[75.42448,15.09227],[75.42245,15.0985],[75.43262,15.1046],[75.4335,15.10941],[75.42998,15.1164],[75.42913,15.1263],[75.41194,15.14599],[75.41004,15.16136],[75.406,15.16165],[75.40563,15.16437],[75.40347,15.16462],[75.40313,15.1716],[75.40109,15.17155],[75.40171,15.16562],[75.39577,15.16554],[75.39521,15.17209],[75.40073,15.17315],[75.39777,15.18756],[75.39885,15.20126],[75.43287,15.19889],[75.43315,15.20999],[75.44912,15.2081],[75.44594,15.21829],[75.4402,15.22723],[75.42269,15.22595],[75.422,15.23524],[75.41583,15.23459],[75.41471,15.25261],[75.4171,15.2567],[75.41648,15.26246],[75.40642,15.26413],[75.40471,15.26313],[75.40545,15.26103],[75.40283,15.26029],[75.40198,15.27332],[75.41676,15.27492],[75.41608,15.27918],[75.40607,15.27764],[75.40607,15.28412],[75.41028,15.28506],[75.41237,15.29974],[75.42641,15.30029],[75.42652,15.30173],[75.43333,15.30211],[75.4497,15.30184],[75.44846,15.32764],[75.45273,15.3401],[75.45397,15.34165],[75.45767,15.34209],[75.45416,15.36087],[75.44899,15.35948],[75.44457,15.38609],[75.46893,15.38586],[75.46975,15.39748],[75.47527,15.39577],[75.48175,15.39316],[75.48027,15.38768],[75.48169,15.37858],[75.48488,15.37781],[75.48619,15.37315],[75.48977,15.37304],[75.49057,15.36823],[75.49239,15.36872],[75.49165,15.37852],[75.49416,15.38775],[75.49895,15.42382],[75.49276,15.44861],[75.49305,15.46598],[75.49511,15.4698],[75.48703,15.48927],[75.47178,15.49271],[75.47575,15.51258],[75.47502,15.51657],[75.47662,15.52159],[75.48146,15.52576],[75.48173,15.5317],[75.49338,15.53194],[75.50533,15.52972],[75.52948,15.53787],[75.52794,15.55822],[75.52861,15.56575],[75.53024,15.56575],[75.5344,15.59158],[75.53704,15.59153],[75.54068,15.60002],[75.53983,15.60068],[75.54173,15.60155],[75.54377,15.61213],[75.54926,15.61444],[75.54984,15.62799],[75.55437,15.64727],[75.5453,15.64895],[75.51971,15.64658],[75.50255,15.64739],[75.49974,15.66551],[75.49743,15.66941],[75.49315,15.68505]]]}},{"type":"Feature","id":"KA-537","properties":{"districtCode":"KA-537","lgdCode":"537","districtName":"Gadag","stateCode":"KA","stateLgdCode":"29","sourceName":"Gadag"},"geometry":{"type":"Polygon","coordinates":[[[75.46145,15.88675],[75.4489,15.88608],[75.44938,15.88427],[75.45387,15.88096],[75.4511,15.86282],[75.45728,15.86152],[75.45783,15.81846],[75.45466,15.81846],[75.45267,15.81085],[75.45082,15.81136],[75.44718,15.79376],[75.44013,15.79531],[75.43716,15.77871],[75.41417,15.78477],[75.42438,15.82272],[75.42456,15.84193],[75.4108,15.84149],[75.40752,15.83973],[75.40417,15.84166],[75.39034,15.8378],[75.37491,15.84534],[75.36676,15.81686],[75.36469,15.8049],[75.34114,15.80476],[75.33927,15.82763],[75.32988,15.82401],[75.33283,15.81635],[75.32487,15.81121],[75.32145,15.81028],[75.32103,15.81238],[75.30364,15.81257],[75.30412,15.78597],[75.30608,15.76596],[75.31831,15.76455],[75.31835,15.74493],[75.31416,15.73004],[75.29964,15.7276],[75.29311,15.72821],[75.29378,15.74103],[75.27456,15.74039],[75.27416,15.73553],[75.27362,15.72259],[75.27709,15.72207],[75.27888,15.68846],[75.28332,15.69083],[75.29556,15.6919],[75.2968,15.68938],[75.304,15.68675],[75.31306,15.68005],[75.33172,15.67426],[75.33699,15.67382],[75.33565,15.64873],[75.35945,15.64557],[75.36244,15.66867],[75.38109,15.66513],[75.40768,15.65594],[75.4088,15.65765],[75.41104,15.65767],[75.41123,15.65547],[75.41305,15.65537],[75.41694,15.66091],[75.42436,15.66246],[75.42391,15.66893],[75.42514,15.67045],[75.42887,15.66915],[75.44132,15.67229],[75.44758,15.68227],[75.44938,15.68133],[75.44942,15.67834],[75.4505,15.67803],[75.45385,15.68201],[75.46206,15.68178],[75.47008,15.68415],[75.47283,15.68659],[75.46851,15.70076],[75.4876,15.70254],[75.49743,15.66941],[75.49974,15.66551],[75.50255,15.64739],[75.51971,15.64658],[75.5453,15.64895],[75.55437,15.64727],[75.54984,15.62799],[75.54926,15.61444],[75.54377,15.61213],[75.54173,15.60155],[75.53983,15.60068],[75.54068,15.60002],[75.53704,15.59153],[75.5344,15.59158],[75.53024,15.56575],[75.52861,15.56575],[75.52794,15.55822],[75.52948,15.53787],[75.50533,15.52972],[75.49338,15.53194],[75.48173,15.5317],[75.48146,15.52576],[75.47662,15.52159],[75.47502,15.51657],[75.47575,15.51258],[75.47178,15.49271],[75.48703,15.48927],[75.49511,15.4698],[75.49305,15.46598],[75.49276,15.44861],[75.49895,15.42382],[75.49416,15.38775],[75.49165,15.37852],[75.49239,15.36872],[75.49057,15.36823],[75.48977,15.37304],[75.48619,15.37315],[75.48488,15.37781],[75.48169,15.37858],[75.48027,15.38768],[75.48175,15.39316],[75.47527,15.39577],[75.46975,15.39748],[75.46893,15.38586],[75.44457,15.38609],[75.44899,15.35948],[75.45416,15.36087],[75.45767,15.34209],[75.45397,15.34165],[75.45273,15.3401],[75.44846,15.32764],[75.4497,15.30184],[75.43333,15.30211],[75.42652,15.30173],[75.42641,15.30029],[75.41237,15.29974],[75.41028,15.28506],[75.40607,15.28412],[75.40607,15.27764],[75.41608,15.27918],[75.41676,15.27492],[75.40198,15.27332],[75.40283,15.26029],[75.40545,15.26103],[75.40471,15.26313],[75.40642,15.26413],[75.41648,15.26246],[75.4171,15.2567],[75.41471,15.25261],[75.41583,15.23459],[75.422,15.23524],[75.42269,15.22595],[75.4402,15.22723],[75.44594,15.21829],[75.44912,15.2081],[75.43315,15.20999],[75.43287,15.19889],[75.39885,15.20126],[75.39777,15.18756],[75.40073,15.17315],[75.39521,15.17209],[75.39577,15.16554],[75.40171,15.16562],[75.40109,15.17155],[75.40313,15.1716],[75.40347,15.16462],[75.40563,15.16437],[75.406,15.16165],[75.41004,15.16136],[75.41194,15.14599],[75.42913,15.1263],[75.42998,15.1164],[75.4335,15.10941],[75.43262,15.1046],[75.42245,15.0985],[75.42448,15.09227],[75.42061,15.09055],[75.42045,15.08644],[75.41664,15.08487],[75.41852,15.06587],[75.4171,15.06149],[75.42505,15.0602],[75.42706,15.06151],[75.44867,15.0607],[75.45203,15.0499],[75.45575,15.05134],[75.46025,15.04994],[75.46106,15.04393],[75.46856,15.04712],[75.47758,15.04391],[75.49514,15.04709],[75.50718,15.04454],[75.52104,15.03322],[75.53285,15.03454],[75.5382,15.02742],[75.53978,15.02222],[75.53848,15.01775],[75.54276,15.01355],[75.54302,14.99948],[75.54048,14.98499],[75.54133,14.97869],[75.56549,14.97925],[75.56575,14.97644],[75.56377,14.97337],[75.56523,14.97137],[75.58369,14.96842],[75.58919,14.95938],[75.59788,14.95478],[75.60216,14.95439],[75.60339,14.95613],[75.6062,14.95604],[75.61071,14.95843],[75.60829,14.96644],[75.60892,14.97299],[75.61807,14.97384],[75.6175,14.98056],[75.62933,14.98358],[75.63182,14.99143],[75.65109,14.99104],[75.66858,14.98665],[75.67432,14.98175],[75.68942,14.97483],[75.69424,14.96909],[75.70108,14.94844],[75.72134,14.95116],[75.73377,14.94505],[75.73933,14.94409],[75.74331,14.94614],[75.74906,14.95231],[75.7607,14.96839],[75.77917,14.97718],[75.78035,14.98097],[75.78016,14.99164],[75.78483,15.00234],[75.79845,15.01367],[75.80768,15.0245],[75.81342,15.02728],[75.82902,15.02745],[75.83325,15.02866],[75.83562,15.0316],[75.83851,15.04162],[75.84613,15.0449],[75.85021,15.04409],[75.85954,15.03638],[75.87393,15.0353],[75.8778,15.03997],[75.88043,15.04794],[75.88367,15.05231],[75.8888,15.05469],[75.90285,15.05632],[75.90668,15.05975],[75.9094,15.07166],[75.9088,15.07672],[75.90278,15.08581],[75.89136,15.09357],[75.88854,15.09688],[75.88489,15.1056],[75.88571,15.10977],[75.88828,15.11257],[75.90092,15.12153],[75.90228,15.13166],[75.90681,15.13386],[75.91588,15.13539],[75.9242,15.14125],[75.92807,15.14191],[75.93652,15.14194],[75.94714,15.13749],[75.95165,15.13766],[75.94822,15.17307],[75.94,15.17534],[75.92471,15.18267],[75.92621,15.19536],[75.92445,15.20586],[75.91171,15.2405],[75.90324,15.23941],[75.90287,15.24328],[75.89999,15.24529],[75.89868,15.25724],[75.89475,15.27333],[75.89921,15.2766],[75.89393,15.28038],[75.88868,15.2904],[75.89016,15.2949],[75.88879,15.2973],[75.88997,15.29929],[75.8899,15.31148],[75.89328,15.31857],[75.89121,15.32559],[75.89236,15.3279],[75.89094,15.33641],[75.889,15.33704],[75.88737,15.35317],[75.90278,15.35439],[75.90121,15.37568],[75.90399,15.4029],[75.88439,15.40881],[75.86576,15.40782],[75.86535,15.42374],[75.85892,15.4239],[75.85893,15.44416],[75.85255,15.44351],[75.84774,15.44455],[75.83987,15.44273],[75.83616,15.44751],[75.82743,15.44935],[75.81923,15.45621],[75.81871,15.46858],[75.81289,15.46754],[75.81154,15.47533],[75.81051,15.47539],[75.80956,15.4867],[75.81574,15.48691],[75.81487,15.49548],[75.82403,15.49571],[75.8191,15.50786],[75.83134,15.50675],[75.83278,15.51007],[75.84946,15.51232],[75.85049,15.5158],[75.86024,15.51376],[75.8677,15.56072],[75.86842,15.58234],[75.86682,15.59602],[75.87876,15.59913],[75.87913,15.59652],[75.88241,15.59704],[75.88215,15.60032],[75.89455,15.6033],[75.89459,15.60697],[75.8975,15.60708],[75.89933,15.62003],[75.89837,15.62484],[75.89395,15.6254],[75.89469,15.63241],[75.88575,15.63373],[75.88851,15.65027],[75.88746,15.66827],[75.88357,15.6716],[75.87104,15.67261],[75.87101,15.7144],[75.88694,15.71685],[75.89105,15.7284],[75.8887,15.72867],[75.88308,15.73749],[75.89271,15.73841],[75.89739,15.75046],[75.90211,15.74874],[75.91057,15.74443],[75.91037,15.7317],[75.92142,15.72611],[75.91521,15.70438],[75.91542,15.6977],[75.92588,15.69232],[75.94033,15.69322],[75.94009,15.6824],[75.9436,15.67636],[75.96127,15.67588],[75.96732,15.67872],[75.96624,15.66965],[75.96758,15.66912],[75.96799,15.66424],[75.9767,15.66245],[75.98122,15.66366],[76.01121,15.66236],[76.01613,15.67312],[76.01644,15.67847],[76.01416,15.68018],[75.995,15.6779],[75.99009,15.66983],[75.98629,15.66954],[75.98334,15.66724],[75.98427,15.68114],[75.98825,15.68817],[75.98369,15.68979],[75.98443,15.69377],[75.99282,15.70618],[75.99957,15.70839],[76.0042,15.71161],[76.0049,15.71553],[76.01902,15.71499],[76.02319,15.70927],[76.03021,15.71491],[76.03996,15.71696],[76.04167,15.71845],[76.04506,15.72546],[76.04349,15.73654],[76.03728,15.73689],[76.04001,15.74764],[76.03991,15.75384],[76.03473,15.75464],[76.03478,15.75661],[76.03685,15.75749],[76.03778,15.76107],[76.04043,15.76316],[76.03888,15.7708],[76.03386,15.77018],[76.02897,15.77311],[76.01988,15.77569],[76.01893,15.77893],[76.01236,15.77961],[76.00984,15.78394],[75.99454,15.78071],[75.99059,15.78679],[75.98834,15.80156],[75.98445,15.80242],[75.9762,15.80026],[75.96741,15.79426],[75.96381,15.7946],[75.96095,15.78383],[75.93848,15.79078],[75.92895,15.79093],[75.90777,15.80883],[75.90058,15.81094],[75.87195,15.82914],[75.8478,15.83869],[75.83794,15.83829],[75.82949,15.83985],[75.82099,15.84548],[75.82074,15.84978],[75.81367,15.84688],[75.80606,15.84859],[75.80564,15.85105],[75.80818,15.85154],[75.80909,15.85469],[75.80435,15.85528],[75.79992,15.85765],[75.79763,15.84781],[75.7947,15.8492],[75.78711,15.84909],[75.78039,15.85271],[75.77675,15.84915],[75.77614,15.83443],[75.77439,15.82729],[75.77743,15.82728],[75.7796,15.81716],[75.74904,15.81494],[75.74479,15.81276],[75.73692,15.81342],[75.73682,15.81628],[75.72192,15.81792],[75.71386,15.82764],[75.70665,15.82914],[75.70357,15.82655],[75.69595,15.82469],[75.69116,15.82712],[75.68786,15.83076],[75.68275,15.82992],[75.6802,15.82184],[75.6771,15.8209],[75.67526,15.82146],[75.67434,15.82367],[75.67542,15.83151],[75.67215,15.83626],[75.66269,15.8378],[75.66002,15.83432],[75.66156,15.82874],[75.65681,15.82658],[75.65134,15.83035],[75.64281,15.83196],[75.64415,15.84016],[75.64243,15.84134],[75.63703,15.84085],[75.63537,15.83343],[75.63121,15.83081],[75.63087,15.83388],[75.62132,15.83404],[75.61774,15.83559],[75.61656,15.82118],[75.61395,15.82119],[75.61246,15.82424],[75.60541,15.82713],[75.60898,15.83061],[75.6,15.82681],[75.59213,15.82968],[75.58711,15.83333],[75.57687,15.82478],[75.57551,15.8263],[75.57673,15.83058],[75.56596,15.82964],[75.5657,15.83096],[75.56828,15.83136],[75.56813,15.8339],[75.57128,15.83374],[75.56835,15.83777],[75.56646,15.83833],[75.56346,15.83605],[75.56302,15.83041],[75.55744,15.8288],[75.55265,15.82474],[75.55024,15.82632],[75.55061,15.8279],[75.5564,15.83252],[75.54696,15.83645],[75.54357,15.83598],[75.54335,15.83449],[75.54189,15.83499],[75.53899,15.83313],[75.53829,15.83484],[75.52989,15.83487],[75.53258,15.83995],[75.53143,15.84203],[75.52886,15.8427],[75.5237,15.83972],[75.52106,15.84114],[75.51941,15.84384],[75.51982,15.84603],[75.5159,15.84772],[75.51234,15.85133],[75.51434,15.85153],[75.51566,15.85412],[75.52057,15.85286],[75.51963,15.85771],[75.50785,15.86018],[75.50699,15.85551],[75.50233,15.85832],[75.5052,15.86179],[75.49742,15.87018],[75.49784,15.87229],[75.49172,15.87295],[75.48704,15.87684],[75.48255,15.87488],[75.48023,15.87766],[75.47776,15.87543],[75.48022,15.87121],[75.47882,15.87107],[75.47658,15.87325],[75.47405,15.87332],[75.47377,15.87529],[75.47567,15.87631],[75.46561,15.87724],[75.46663,15.88043],[75.46542,15.88136],[75.46367,15.88181],[75.46296,15.87912],[75.45977,15.88012],[75.45871,15.88454],[75.46167,15.88579],[75.46145,15.88675]]]}},{"type":"Feature","id":"KA-539","properties":{"districtCode":"KA-539","lgdCode":"539","districtName":"Hassan","stateCode":"KA","stateLgdCode":"29","sourceName":"Hassan"},"geometry":{"type":"Polygon","coordinates":[[[76.38466,13.53625],[76.37658,13.5415],[76.37017,13.54794],[76.36387,13.54713],[76.36268,13.53051],[76.3532,13.52729],[76.35317,13.52584],[76.34845,13.52553],[76.3483,13.51718],[76.34573,13.51385],[76.34235,13.51373],[76.32973,13.52215],[76.32315,13.53051],[76.32146,13.5373],[76.31825,13.53661],[76.31745,13.53978],[76.31595,13.53974],[76.31555,13.53167],[76.31126,13.52994],[76.31204,13.52542],[76.30664,13.52598],[76.30594,13.52417],[76.30333,13.52459],[76.29999,13.52206],[76.29577,13.52439],[76.29544,13.52705],[76.29316,13.52714],[76.28986,13.50484],[76.26206,13.50521],[76.26008,13.51142],[76.25014,13.50903],[76.23389,13.50752],[76.2343,13.50171],[76.23831,13.4948],[76.23701,13.49088],[76.23098,13.48732],[76.22915,13.48403],[76.23408,13.48344],[76.23113,13.46789],[76.20863,13.4666],[76.19798,13.46891],[76.19986,13.46055],[76.19967,13.45034],[76.19636,13.45035],[76.18727,13.45265],[76.1923,13.4611],[76.19341,13.46891],[76.18812,13.4703],[76.16219,13.4697],[76.15783,13.45998],[76.15175,13.45727],[76.14697,13.44807],[76.14454,13.44773],[76.13723,13.44228],[76.14068,13.43706],[76.13867,13.42724],[76.14073,13.42037],[76.13931,13.41893],[76.13871,13.41276],[76.14024,13.4093],[76.13945,13.4066],[76.12938,13.40391],[76.12885,13.40036],[76.11984,13.40158],[76.11123,13.40062],[76.1105,13.39587],[76.09962,13.3925],[76.08994,13.39368],[76.08705,13.37847],[76.08889,13.37151],[76.082,13.37154],[76.07901,13.37395],[76.05585,13.38085],[76.04162,13.37436],[76.03761,13.36691],[76.03723,13.35925],[76.03452,13.35144],[76.03189,13.34578],[76.02876,13.34564],[76.03474,13.33653],[76.0327,13.33615],[76.03322,13.33235],[76.02848,13.33301],[76.02696,13.32694],[76.02695,13.32134],[76.02981,13.32405],[76.0322,13.32086],[76.03706,13.32044],[76.03909,13.32273],[76.04292,13.32375],[76.0416,13.31927],[76.03853,13.32006],[76.03718,13.31859],[76.03893,13.31721],[76.03993,13.30978],[76.03704,13.30937],[76.03848,13.30587],[76.03594,13.30472],[76.03686,13.30345],[76.03532,13.30048],[76.03731,13.29994],[76.03714,13.2949],[76.03882,13.29458],[76.03932,13.29269],[76.03849,13.29066],[76.03995,13.28409],[76.03817,13.28007],[76.04244,13.28],[76.04266,13.27673],[76.04432,13.27502],[76.04167,13.27035],[76.04178,13.26624],[76.03898,13.26608],[76.04037,13.2635],[76.03834,13.26014],[76.03838,13.25092],[76.03641,13.24856],[76.01635,13.25088],[76.01799,13.25641],[76.01485,13.26122],[75.99008,13.25813],[75.98795,13.25957],[75.98817,13.26264],[75.98557,13.26232],[75.98537,13.26461],[75.98391,13.26457],[75.97209,13.26087],[75.9559,13.26109],[75.93989,13.2586],[75.93607,13.25616],[75.9184,13.25737],[75.9161,13.26306],[75.90339,13.2579],[75.89939,13.26631],[75.89254,13.26481],[75.88407,13.26049],[75.87676,13.2603],[75.87501,13.25272],[75.87168,13.24801],[75.86154,13.24002],[75.86318,13.24259],[75.86,13.24372],[75.86003,13.25316],[75.85675,13.25307],[75.85467,13.2551],[75.85762,13.25588],[75.85731,13.25829],[75.85111,13.25806],[75.84257,13.25434],[75.84261,13.25226],[75.83892,13.25191],[75.83564,13.25199],[75.83563,13.25393],[75.82452,13.25301],[75.81817,13.25894],[75.81602,13.25891],[75.80879,13.25449],[75.80761,13.24698],[75.81006,13.24258],[75.81248,13.23075],[75.81004,13.23094],[75.81022,13.22029],[75.8057,13.21592],[75.79882,13.21648],[75.79663,13.2147],[75.78951,13.21466],[75.77897,13.20994],[75.77582,13.21611],[75.77425,13.21591],[75.77394,13.21351],[75.77,13.21373],[75.76603,13.21213],[75.76234,13.21456],[75.76159,13.21698],[75.75835,13.21742],[75.7536,13.21353],[75.75063,13.20642],[75.74288,13.20746],[75.7368,13.19778],[75.73243,13.18608],[75.72874,13.18316],[75.73019,13.16439],[75.73216,13.16118],[75.73461,13.16037],[75.73453,13.15532],[75.7408,13.14914],[75.74492,13.15069],[75.75184,13.14566],[75.75046,13.14306],[75.7537,13.13604],[75.74646,13.1282],[75.73533,13.12349],[75.73676,13.1156],[75.7387,13.11421],[75.73832,13.11011],[75.7351,13.11015],[75.73143,13.10655],[75.72828,13.10561],[75.72707,13.09939],[75.72794,13.09531],[75.73396,13.09127],[75.7425,13.06944],[75.74044,13.06105],[75.74246,13.05672],[75.74033,13.04748],[75.74167,13.04164],[75.74016,13.04112],[75.74022,13.02999],[75.73203,13.02666],[75.7279,13.02346],[75.72368,13.02756],[75.72476,13.03144],[75.71653,13.03094],[75.7148,13.03447],[75.71287,13.03406],[75.7104,13.03817],[75.70512,13.03576],[75.69644,13.03682],[75.69467,13.04603],[75.69067,13.0443],[75.69033,13.04074],[75.68843,13.03931],[75.68887,13.03529],[75.69056,13.03367],[75.68807,13.03296],[75.68418,13.03579],[75.6836,13.03205],[75.68127,13.03069],[75.67922,13.03192],[75.67113,13.0298],[75.66492,13.03185],[75.66145,13.02635],[75.65676,13.02513],[75.65563,13.0225],[75.65456,13.02937],[75.64834,13.02917],[75.64605,13.03241],[75.64267,13.03132],[75.64302,13.02727],[75.63995,13.02466],[75.64034,13.0187],[75.63838,13.0179],[75.63758,13.01119],[75.63141,13.01164],[75.62552,13.00418],[75.61956,12.99102],[75.60884,12.98113],[75.60908,12.97797],[75.60412,12.97349],[75.60183,12.96512],[75.60292,12.9584],[75.59544,12.94377],[75.58663,12.94202],[75.57222,12.93473],[75.57123,12.93029],[75.55674,12.9128],[75.55457,12.90729],[75.55501,12.90538],[75.55706,12.9055],[75.55816,12.8978],[75.5612,12.89347],[75.55996,12.87834],[75.56433,12.87548],[75.56378,12.86634],[75.56632,12.86596],[75.56849,12.86837],[75.5777,12.87213],[75.58779,12.873],[75.5939,12.87582],[75.6028,12.87554],[75.60109,12.87021],[75.60226,12.86495],[75.61275,12.86061],[75.61668,12.85556],[75.62132,12.85531],[75.6222,12.84696],[75.61487,12.83201],[75.61589,12.82279],[75.61827,12.81763],[75.61442,12.79722],[75.62089,12.7942],[75.6228,12.79162],[75.6212,12.77887],[75.62461,12.78009],[75.62938,12.77903],[75.63682,12.77021],[75.64117,12.76998],[75.64081,12.76562],[75.6381,12.76116],[75.64431,12.75881],[75.65513,12.74929],[75.65744,12.75204],[75.65609,12.74844],[75.65827,12.74282],[75.65242,12.72988],[75.65203,12.72046],[75.65056,12.71794],[75.63753,12.71326],[75.63333,12.70748],[75.62606,12.70514],[75.62934,12.70322],[75.62903,12.701],[75.63352,12.69],[75.63474,12.69048],[75.63506,12.69402],[75.63787,12.69531],[75.64396,12.694],[75.65313,12.69523],[75.65647,12.69704],[75.66652,12.69814],[75.66804,12.69726],[75.67549,12.70052],[75.68707,12.70071],[75.69512,12.70253],[75.7067,12.70717],[75.71154,12.70539],[75.71292,12.70769],[75.71464,12.70474],[75.71754,12.70454],[75.71732,12.70128],[75.72135,12.69627],[75.73131,12.69786],[75.73895,12.68934],[75.74114,12.68375],[75.74556,12.67966],[75.76076,12.67406],[75.76838,12.68166],[75.77307,12.67937],[75.77436,12.68499],[75.77721,12.6888],[75.77999,12.68731],[75.7842,12.68936],[75.79163,12.68839],[75.80769,12.7017],[75.81908,12.6912],[75.82079,12.68598],[75.83293,12.67151],[75.84246,12.66928],[75.84421,12.67193],[75.84701,12.67278],[75.85253,12.66931],[75.86233,12.67162],[75.86727,12.67482],[75.87791,12.67175],[75.88675,12.67655],[75.88753,12.67871],[75.88675,12.68004],[75.88822,12.6854],[75.88708,12.68852],[75.88984,12.69202],[75.88465,12.70082],[75.88656,12.70501],[75.88512,12.70459],[75.88534,12.7077],[75.88397,12.7082],[75.8786,12.70879],[75.87725,12.70769],[75.87249,12.70909],[75.86989,12.71533],[75.86239,12.71757],[75.85491,12.72352],[75.85172,12.73013],[75.85522,12.73651],[75.854,12.74537],[75.84945,12.74982],[75.85238,12.75356],[75.86002,12.75718],[75.85823,12.76184],[75.85828,12.76964],[75.86498,12.76858],[75.8722,12.77056],[75.87485,12.76984],[75.87543,12.77128],[75.87293,12.77285],[75.87308,12.77434],[75.87824,12.77669],[75.87328,12.77725],[75.86393,12.79644],[75.86598,12.80275],[75.86399,12.80559],[75.865,12.81071],[75.86377,12.81865],[75.86944,12.82256],[75.87679,12.82358],[75.87752,12.82644],[75.87561,12.82884],[75.87574,12.83159],[75.87952,12.83418],[75.8948,12.82817],[75.90007,12.82779],[75.90334,12.81914],[75.91126,12.81523],[75.91844,12.81963],[75.91712,12.82648],[75.91982,12.82826],[75.92271,12.82469],[75.92777,12.8217],[75.92779,12.81896],[75.92503,12.81419],[75.93016,12.80791],[75.94623,12.80793],[75.94847,12.8053],[75.94938,12.80048],[75.96506,12.80515],[75.96913,12.80498],[75.96694,12.79773],[75.97114,12.78626],[75.97077,12.78395],[75.96643,12.7818],[75.9633,12.78284],[75.9578,12.78198],[75.95514,12.77591],[75.95462,12.76858],[75.94719,12.76533],[75.94072,12.76756],[75.9358,12.76743],[75.93298,12.764],[75.9376,12.74937],[75.93412,12.73641],[75.93452,12.73374],[75.9396,12.72662],[75.94191,12.72019],[75.94474,12.7179],[75.9498,12.71738],[75.96524,12.71095],[75.96251,12.70617],[75.96455,12.70125],[75.95871,12.68994],[75.95963,12.68326],[75.95415,12.67674],[75.94573,12.67816],[75.93991,12.67641],[75.94165,12.67118],[75.94662,12.66774],[75.94792,12.66394],[75.94456,12.66203],[75.93891,12.65298],[75.9378,12.64355],[75.94028,12.64289],[75.94351,12.63649],[75.94106,12.6332],[75.93561,12.63002],[75.93914,12.62848],[75.94466,12.62948],[75.94961,12.62476],[75.94697,12.61419],[75.94161,12.61198],[75.93951,12.60868],[75.94096,12.60429],[75.94863,12.59568],[75.95549,12.57541],[75.96261,12.56118],[75.96978,12.56087],[75.97547,12.56347],[75.96876,12.57667],[75.97393,12.57652],[75.98184,12.57334],[75.98852,12.5741],[75.98768,12.58129],[75.99168,12.58541],[75.99008,12.58817],[75.99221,12.58875],[75.99454,12.58877],[75.99722,12.58066],[75.99909,12.58053],[76.0025,12.57525],[76.00643,12.57437],[76.00991,12.5715],[76.01231,12.57315],[76.01393,12.5695],[76.01752,12.57194],[76.01906,12.57159],[76.02173,12.57687],[76.02967,12.57512],[76.03148,12.57633],[76.03363,12.57573],[76.03422,12.57346],[76.04556,12.57696],[76.04939,12.56337],[76.0487,12.55951],[76.05207,12.5542],[76.05413,12.55363],[76.0565,12.5559],[76.06754,12.55727],[76.07058,12.55585],[76.07105,12.54922],[76.07448,12.55007],[76.07492,12.54802],[76.08549,12.54372],[76.0871,12.54613],[76.08961,12.54419],[76.09065,12.54564],[76.09095,12.54282],[76.08844,12.54206],[76.08616,12.5388],[76.08858,12.53833],[76.09025,12.53538],[76.0924,12.53562],[76.09314,12.53335],[76.09726,12.53256],[76.09796,12.52894],[76.09941,12.52807],[76.10325,12.52908],[76.10161,12.52585],[76.10317,12.52191],[76.10456,12.52235],[76.10607,12.51734],[76.11002,12.51799],[76.11189,12.51244],[76.11532,12.51282],[76.11532,12.5166],[76.11891,12.51876],[76.11418,12.52695],[76.11685,12.52884],[76.13335,12.52874],[76.13442,12.53698],[76.13863,12.53824],[76.14089,12.53662],[76.14261,12.54522],[76.15132,12.54715],[76.14968,12.54927],[76.15319,12.55737],[76.15773,12.56279],[76.15242,12.56592],[76.14807,12.56622],[76.14927,12.57463],[76.15237,12.57957],[76.15908,12.57862],[76.16853,12.58043],[76.18207,12.57495],[76.18213,12.57665],[76.1837,12.57736],[76.1965,12.5773],[76.19213,12.58746],[76.19199,12.59411],[76.20058,12.60539],[76.20098,12.6103],[76.20544,12.61688],[76.21229,12.61663],[76.21543,12.62166],[76.21591,12.6248],[76.21345,12.62791],[76.20573,12.62896],[76.20936,12.63678],[76.21913,12.64427],[76.2319,12.64354],[76.23976,12.63804],[76.24569,12.63695],[76.24674,12.63591],[76.24578,12.62593],[76.25333,12.62376],[76.25455,12.62028],[76.25667,12.62042],[76.25747,12.62219],[76.26493,12.61929],[76.26733,12.6232],[76.26542,12.62885],[76.27982,12.63371],[76.27956,12.63114],[76.28214,12.62978],[76.27929,12.62543],[76.28027,12.61665],[76.28642,12.61553],[76.29059,12.61656],[76.29255,12.62629],[76.30034,12.62915],[76.30147,12.62193],[76.30426,12.62184],[76.30517,12.62508],[76.30977,12.62247],[76.30632,12.61039],[76.32128,12.61219],[76.32769,12.61138],[76.32842,12.62665],[76.32379,12.63264],[76.32349,12.63506],[76.33242,12.64467],[76.3381,12.64645],[76.33809,12.65322],[76.34198,12.65568],[76.34191,12.65935],[76.34749,12.66795],[76.35288,12.66796],[76.35217,12.67246],[76.35345,12.67237],[76.35374,12.68521],[76.36003,12.68687],[76.35919,12.69222],[76.36184,12.69301],[76.36136,12.69697],[76.36278,12.70131],[76.36152,12.71183],[76.35493,12.71088],[76.35024,12.71342],[76.34597,12.71932],[76.34375,12.72869],[76.34131,12.73204],[76.34567,12.73754],[76.34408,12.7423],[76.34812,12.74445],[76.35123,12.74254],[76.35528,12.74384],[76.35709,12.75003],[76.35284,12.75123],[76.34288,12.76053],[76.34268,12.76607],[76.34828,12.76931],[76.34993,12.77197],[76.34765,12.77923],[76.3496,12.78558],[76.34833,12.78689],[76.33847,12.78595],[76.33441,12.78768],[76.32963,12.80276],[76.33018,12.80899],[76.33182,12.81195],[76.34379,12.81176],[76.34901,12.80929],[76.36829,12.80904],[76.37082,12.81427],[76.36696,12.8243],[76.36945,12.82864],[76.37479,12.83153],[76.37745,12.82808],[76.38288,12.83111],[76.38771,12.84146],[76.38549,12.84351],[76.38617,12.84512],[76.39053,12.8445],[76.39694,12.8475],[76.40238,12.84571],[76.40414,12.8466],[76.40853,12.84402],[76.4072,12.865],[76.41357,12.86443],[76.41564,12.86329],[76.41764,12.8582],[76.42532,12.85792],[76.42655,12.85037],[76.42516,12.8454],[76.42127,12.84532],[76.42014,12.84171],[76.42532,12.82498],[76.44593,12.82333],[76.44608,12.81889],[76.44742,12.81893],[76.45088,12.81186],[76.45673,12.80836],[76.45798,12.80447],[76.46246,12.80296],[76.46429,12.80602],[76.46951,12.8024],[76.46907,12.79969],[76.47139,12.79873],[76.47129,12.79743],[76.46933,12.79727],[76.46832,12.7935],[76.46592,12.79327],[76.46175,12.78919],[76.45757,12.78884],[76.45504,12.78102],[76.4585,12.77736],[76.46527,12.77687],[76.46981,12.77297],[76.47479,12.77169],[76.47812,12.7728],[76.47817,12.78063],[76.48961,12.78576],[76.49164,12.77969],[76.49011,12.77306],[76.49285,12.76723],[76.4994,12.77231],[76.49978,12.7803],[76.49437,12.78267],[76.49059,12.78857],[76.49436,12.8027],[76.49389,12.80547],[76.49011,12.80643],[76.49307,12.8116],[76.5029,12.82195],[76.51002,12.82216],[76.5146,12.82549],[76.51828,12.82634],[76.51749,12.83376],[76.52053,12.84136],[76.52953,12.84109],[76.53552,12.84425],[76.54096,12.84129],[76.54663,12.84018],[76.55407,12.84533],[76.57229,12.84488],[76.57772,12.84693],[76.57719,12.86105],[76.5752,12.86592],[76.57999,12.87152],[76.57911,12.87314],[76.5832,12.87299],[76.59649,12.88094],[76.59104,12.89085],[76.59581,12.89933],[76.59826,12.90072],[76.59955,12.90467],[76.59624,12.9172],[76.59653,12.92115],[76.59924,12.92364],[76.60314,12.92295],[76.606,12.93858],[76.61621,12.93711],[76.61803,12.94556],[76.61745,12.95509],[76.61198,12.95891],[76.61182,12.96529],[76.62215,12.96581],[76.62925,12.97279],[76.63142,12.9727],[76.63119,12.98157],[76.63357,12.98126],[76.63228,12.99336],[76.62983,12.99429],[76.63224,13.00417],[76.61915,13.00879],[76.61285,13.00584],[76.60617,13.01282],[76.60423,13.01718],[76.60888,13.03105],[76.6073,13.03359],[76.60811,13.03764],[76.60207,13.04017],[76.60534,13.05321],[76.60599,13.05481],[76.6198,13.05404],[76.61786,13.06379],[76.6075,13.07108],[76.59932,13.07428],[76.59238,13.07485],[76.58572,13.07039],[76.56656,13.07561],[76.53607,13.07718],[76.52766,13.07895],[76.52282,13.07879],[76.5219,13.07351],[76.51582,13.06877],[76.49571,13.08668],[76.49472,13.0946],[76.49059,13.09482],[76.48082,13.09135],[76.47229,13.09308],[76.47277,13.0965],[76.46856,13.12021],[76.46954,13.1399],[76.47316,13.14986],[76.45505,13.1499],[76.45423,13.15552],[76.45149,13.15551],[76.45134,13.15926],[76.44874,13.16021],[76.44859,13.16239],[76.44512,13.16463],[76.44495,13.16978],[76.42887,13.17304],[76.42557,13.18341],[76.4147,13.18713],[76.4124,13.19182],[76.4056,13.1927],[76.39435,13.19055],[76.39376,13.19788],[76.37077,13.20037],[76.3699,13.21221],[76.3764,13.21581],[76.38004,13.22255],[76.37989,13.23154],[76.36454,13.23399],[76.364,13.2436],[76.36197,13.24904],[76.3562,13.24913],[76.35867,13.26062],[76.35524,13.26427],[76.35731,13.27558],[76.35696,13.28727],[76.34983,13.29445],[76.34761,13.30122],[76.34888,13.31707],[76.35225,13.33052],[76.34854,13.33657],[76.34704,13.34292],[76.34701,13.35998],[76.36217,13.36356],[76.38143,13.36414],[76.38342,13.36739],[76.38196,13.36889],[76.38267,13.37235],[76.38576,13.37086],[76.39226,13.37943],[76.3922,13.3882],[76.38944,13.3961],[76.39694,13.40224],[76.39621,13.40657],[76.40061,13.42277],[76.40446,13.42637],[76.40442,13.42959],[76.41969,13.44841],[76.40912,13.45624],[76.40705,13.4592],[76.41179,13.47727],[76.41517,13.47884],[76.40819,13.4829],[76.40523,13.49065],[76.39875,13.49128],[76.39506,13.49568],[76.39764,13.50596],[76.40867,13.50537],[76.41012,13.50774],[76.41521,13.50904],[76.41987,13.51985],[76.42727,13.52563],[76.40053,13.52637],[76.39776,13.52841],[76.39564,13.53599],[76.38771,13.5342],[76.38466,13.53625]]]}},{"type":"Feature","id":"KA-540","properties":{"districtCode":"KA-540","lgdCode":"540","districtName":"Haveri","stateCode":"KA","stateLgdCode":"29","sourceName":"Haveri"},"geometry":{"type":"Polygon","coordinates":[[[75.33662,15.15739],[75.33639,15.16177],[75.32593,15.15739],[75.30708,15.15512],[75.30977,15.13826],[75.2871,15.13688],[75.28797,15.13051],[75.27972,15.12464],[75.27272,15.12213],[75.26987,15.11762],[75.26053,15.11828],[75.25841,15.09848],[75.25302,15.09807],[75.25116,15.10762],[75.23986,15.10714],[75.23886,15.10894],[75.22582,15.10743],[75.22485,15.10125],[75.20355,15.10029],[75.19849,15.10135],[75.18822,15.09788],[75.18611,15.10426],[75.15819,15.10149],[75.15867,15.10965],[75.15311,15.1087],[75.15317,15.10724],[75.14392,15.10664],[75.14404,15.10492],[75.13912,15.10433],[75.13622,15.11034],[75.13749,15.11207],[75.13527,15.11295],[75.135,15.1166],[75.13321,15.1166],[75.13307,15.11897],[75.13746,15.12015],[75.13883,15.12554],[75.13776,15.12995],[75.1416,15.13321],[75.14546,15.13411],[75.148,15.13966],[75.15252,15.14333],[75.15156,15.14556],[75.15286,15.14563],[75.14887,15.15038],[75.14663,15.15006],[75.14509,15.15431],[75.14057,15.15927],[75.14098,15.16141],[75.13668,15.16074],[75.13705,15.15781],[75.13477,15.15683],[75.13427,15.14871],[75.13176,15.14479],[75.12565,15.14502],[75.12166,15.14028],[75.11689,15.14084],[75.10935,15.13881],[75.10422,15.14127],[75.10362,15.1403],[75.10665,15.13842],[75.10446,15.13382],[75.10529,15.13039],[75.1084,15.12997],[75.11144,15.12635],[75.11418,15.12099],[75.11347,15.11716],[75.09528,15.11393],[75.09529,15.1102],[75.07744,15.11032],[75.07974,15.10425],[75.08102,15.08759],[75.0825,15.0854],[75.08204,15.07461],[75.07409,15.05241],[75.0739,15.04092],[75.07714,15.03725],[75.06927,15.01517],[75.07617,14.97381],[75.08134,14.96915],[75.08383,14.95643],[75.09892,14.95633],[75.09447,14.95133],[75.09802,14.94717],[75.0973,14.94274],[75.10292,14.93424],[75.10119,14.93162],[75.10126,14.92684],[75.08225,14.92594],[75.08475,14.92145],[75.07777,14.923],[75.06735,14.91868],[75.06972,14.90176],[75.07141,14.90051],[75.07016,14.89008],[75.0715,14.8716],[75.07439,14.86893],[75.07167,14.86778],[75.07393,14.85584],[75.06923,14.8411],[75.06782,14.84086],[75.06795,14.83708],[75.07158,14.8335],[75.07383,14.8258],[75.09035,14.82021],[75.09163,14.81114],[75.07487,14.80857],[75.06548,14.81044],[75.05542,14.81469],[75.05581,14.80499],[75.06849,14.79842],[75.0687,14.78704],[75.06675,14.78609],[75.06991,14.78297],[75.06564,14.7821],[75.06319,14.77914],[75.06294,14.77643],[75.05528,14.77584],[75.05307,14.77699],[75.05052,14.77562],[75.05012,14.7735],[75.0411,14.77402],[75.04021,14.76692],[75.04326,14.75577],[75.04693,14.7526],[75.04714,14.74447],[75.04345,14.74283],[75.0444,14.7392],[75.03781,14.73833],[75.03826,14.72788],[75.03295,14.72764],[75.03038,14.72993],[75.02847,14.72578],[75.02254,14.72558],[75.02212,14.72397],[75.02065,14.72451],[75.01853,14.72193],[75.01522,14.72071],[75.01665,14.71087],[75.01736,14.70989],[75.02253,14.71021],[75.02468,14.70779],[75.03215,14.70792],[75.03197,14.69563],[75.03596,14.67559],[75.03045,14.67234],[75.03098,14.66493],[75.03523,14.65798],[75.03867,14.65862],[75.04053,14.66073],[75.04346,14.65823],[75.04502,14.65432],[75.05084,14.6495],[75.06488,14.65189],[75.07258,14.65521],[75.08231,14.65281],[75.09923,14.65276],[75.10298,14.64512],[75.11452,14.64156],[75.12419,14.63115],[75.13091,14.63121],[75.13727,14.63354],[75.14249,14.63377],[75.14406,14.62035],[75.15275,14.62615],[75.1559,14.62323],[75.15823,14.61812],[75.16019,14.61728],[75.16278,14.61805],[75.16475,14.62079],[75.1651,14.62491],[75.1635,14.6289],[75.16537,14.63331],[75.16989,14.6352],[75.17192,14.63433],[75.18192,14.62463],[75.18777,14.62253],[75.19649,14.62359],[75.20239,14.62773],[75.2033,14.62992],[75.20018,14.63442],[75.20071,14.63794],[75.20549,14.63764],[75.20748,14.63579],[75.20517,14.6341],[75.20812,14.63344],[75.20662,14.62981],[75.20861,14.6291],[75.20736,14.62718],[75.20977,14.6278],[75.21056,14.62329],[75.21041,14.61991],[75.2057,14.60947],[75.2051,14.59745],[75.19863,14.59626],[75.19321,14.59921],[75.18738,14.59945],[75.1817,14.59772],[75.18409,14.58583],[75.19772,14.5827],[75.19732,14.57736],[75.20752,14.57208],[75.21033,14.57266],[75.21355,14.57717],[75.21916,14.5802],[75.22155,14.58487],[75.22737,14.58377],[75.23055,14.5797],[75.22512,14.56767],[75.22842,14.56114],[75.23424,14.55679],[75.23889,14.55721],[75.24043,14.55489],[75.24346,14.56015],[75.24207,14.56805],[75.24464,14.5687],[75.24352,14.57795],[75.24913,14.5807],[75.26544,14.57975],[75.26771,14.57489],[75.27442,14.56996],[75.27548,14.56702],[75.27434,14.56544],[75.28176,14.56032],[75.28559,14.56049],[75.29097,14.55271],[75.29157,14.54825],[75.29379,14.54801],[75.2931,14.54349],[75.29719,14.54047],[75.29534,14.54029],[75.29586,14.53793],[75.29009,14.53157],[75.28721,14.53237],[75.28453,14.52957],[75.27826,14.53413],[75.26777,14.52775],[75.26905,14.52443],[75.26747,14.51488],[75.27501,14.51087],[75.28312,14.51448],[75.286,14.51454],[75.28681,14.51159],[75.29737,14.51101],[75.31957,14.51344],[75.3242,14.50885],[75.32519,14.50208],[75.32943,14.4945],[75.34609,14.48527],[75.34069,14.47489],[75.33991,14.46874],[75.34192,14.46374],[75.34518,14.46234],[75.3472,14.45742],[75.34242,14.45169],[75.34164,14.43967],[75.33898,14.43763],[75.34013,14.43575],[75.35533,14.43161],[75.35608,14.42831],[75.35852,14.43133],[75.35762,14.43645],[75.36257,14.44171],[75.36458,14.44164],[75.37046,14.43758],[75.38205,14.43353],[75.37791,14.40779],[75.36512,14.41087],[75.35937,14.40926],[75.356,14.40588],[75.35304,14.39439],[75.34857,14.38796],[75.36179,14.38136],[75.36871,14.37299],[75.37366,14.37024],[75.38291,14.36988],[75.38962,14.36636],[75.39739,14.36612],[75.40155,14.35925],[75.40662,14.35682],[75.41023,14.35243],[75.41737,14.35256],[75.42927,14.34906],[75.43357,14.34309],[75.44182,14.33975],[75.44375,14.33627],[75.45062,14.33259],[75.4543,14.32857],[75.46907,14.32262],[75.47733,14.31743],[75.48004,14.331],[75.47655,14.34382],[75.48052,14.34433],[75.48115,14.33957],[75.48865,14.33869],[75.48977,14.34733],[75.50097,14.34433],[75.50159,14.32454],[75.50494,14.31756],[75.50269,14.30782],[75.51761,14.30139],[75.52058,14.29871],[75.5214,14.29419],[75.5244,14.29193],[75.5341,14.28952],[75.53565,14.27744],[75.54539,14.27652],[75.55162,14.27424],[75.55655,14.2749],[75.5609,14.27762],[75.57453,14.27698],[75.58205,14.27813],[75.58769,14.28936],[75.59096,14.28763],[75.60051,14.29272],[75.60342,14.29297],[75.60958,14.30801],[75.61086,14.31587],[75.63404,14.31494],[75.63491,14.31719],[75.63344,14.32593],[75.62687,14.33234],[75.62373,14.33864],[75.62287,14.34418],[75.62615,14.37231],[75.63127,14.37831],[75.63115,14.38344],[75.63513,14.39061],[75.6402,14.41172],[75.64285,14.43125],[75.63459,14.43293],[75.63652,14.44099],[75.63038,14.44474],[75.63683,14.46558],[75.65475,14.46368],[75.65819,14.45922],[75.66124,14.45916],[75.65956,14.4543],[75.6616,14.45183],[75.67317,14.46375],[75.67994,14.47875],[75.68973,14.49184],[75.69633,14.49241],[75.70018,14.49114],[75.7027,14.48844],[75.70798,14.47507],[75.71555,14.47227],[75.72492,14.47912],[75.73519,14.49497],[75.74713,14.50443],[75.75195,14.51134],[75.75751,14.51444],[75.77295,14.5184],[75.77907,14.51678],[75.79076,14.51045],[75.79735,14.50941],[75.79924,14.51074],[75.79734,14.53056],[75.79963,14.54119],[75.8026,14.54591],[75.81003,14.55176],[75.81886,14.5617],[75.82025,14.56702],[75.81872,14.57406],[75.80447,14.59841],[75.80588,14.61105],[75.80918,14.6183],[75.81129,14.62829],[75.81081,14.65408],[75.79885,14.66758],[75.7983,14.67132],[75.80039,14.67693],[75.79711,14.6825],[75.78925,14.68235],[75.77546,14.67606],[75.76352,14.67531],[75.7497,14.68016],[75.74303,14.68456],[75.73924,14.68552],[75.73796,14.69119],[75.7411,14.70082],[75.75394,14.71551],[75.762,14.7199],[75.76385,14.72228],[75.76454,14.72824],[75.76206,14.73483],[75.75948,14.73743],[75.75565,14.73871],[75.74251,14.73101],[75.72764,14.72597],[75.71781,14.71954],[75.71318,14.71978],[75.70626,14.7233],[75.70312,14.72688],[75.70243,14.73161],[75.72062,14.75108],[75.72191,14.75511],[75.72238,14.77194],[75.71337,14.77884],[75.69175,14.78226],[75.67768,14.79796],[75.66594,14.79973],[75.66393,14.80245],[75.66389,14.80703],[75.67082,14.81728],[75.6758,14.8334],[75.69028,14.85684],[75.69369,14.85886],[75.69517,14.85216],[75.70095,14.85223],[75.70254,14.85384],[75.71252,14.8527],[75.72114,14.86078],[75.72155,14.8642],[75.73268,14.86359],[75.7343,14.88293],[75.73624,14.88344],[75.73907,14.8873],[75.72891,14.89463],[75.7281,14.89748],[75.69619,14.89205],[75.68431,14.92416],[75.68214,14.93546],[75.68288,14.94008],[75.6854,14.9428],[75.70108,14.94844],[75.69424,14.96909],[75.69137,14.97311],[75.67432,14.98175],[75.66685,14.98731],[75.65109,14.99104],[75.63182,14.99143],[75.62933,14.98358],[75.6175,14.98056],[75.61807,14.97384],[75.60892,14.97299],[75.60829,14.96644],[75.61071,14.95843],[75.6062,14.95604],[75.60339,14.95613],[75.60216,14.95439],[75.59788,14.95478],[75.58919,14.95938],[75.58369,14.96842],[75.56523,14.97137],[75.56377,14.97337],[75.56575,14.97644],[75.56549,14.97925],[75.54133,14.97869],[75.54048,14.98499],[75.54302,14.99948],[75.54276,15.01355],[75.53848,15.01775],[75.53978,15.02222],[75.5382,15.02742],[75.53285,15.03454],[75.52104,15.03322],[75.50718,15.04454],[75.49514,15.04709],[75.47758,15.04391],[75.46856,15.04712],[75.46106,15.04393],[75.46025,15.04994],[75.45575,15.05134],[75.45203,15.0499],[75.44867,15.0607],[75.42706,15.06151],[75.42505,15.0602],[75.4171,15.06149],[75.41664,15.0595],[75.39918,15.05994],[75.37522,15.05028],[75.36775,15.05034],[75.35717,15.06519],[75.34929,15.06421],[75.34046,15.06897],[75.33393,15.08179],[75.33295,15.08667],[75.33979,15.08843],[75.33919,15.09154],[75.35002,15.09468],[75.35056,15.10015],[75.3499,15.1026],[75.33984,15.10667],[75.33703,15.11218],[75.33662,15.15739]]]}},{"type":"Feature","id":"KA-538","properties":{"districtCode":"KA-538","lgdCode":"538","districtName":"Kalaburagi","stateCode":"KA","stateLgdCode":"29","sourceName":"Kalaburagi"},"geometry":{"type":"MultiPolygon","coordinates":[[[[76.70143,17.70933],[76.69254,17.70672],[76.69214,17.70078],[76.69418,17.69568],[76.70436,17.69353],[76.71103,17.69448],[76.7135,17.698],[76.71335,17.70013],[76.7088,17.70071],[76.70492,17.70289],[76.70087,17.70675],[76.70143,17.70933]]],[[[76.62433,17.75939],[76.61533,17.7704],[76.61104,17.76936],[76.60696,17.75936],[76.6053,17.75864],[76.6011,17.74035],[76.59979,17.73271],[76.60108,17.72586],[76.59438,17.72245],[76.58834,17.70758],[76.58024,17.70522],[76.5703,17.70541],[76.5678,17.74248],[76.56396,17.75083],[76.57271,17.76054],[76.56126,17.76462],[76.54663,17.7607],[76.54306,17.76163],[76.53069,17.75826],[76.52316,17.75976],[76.52736,17.73784],[76.5239,17.71515],[76.51173,17.71797],[76.50069,17.71842],[76.48723,17.71476],[76.48449,17.67851],[76.48502,17.67098],[76.48975,17.6605],[76.48667,17.65841],[76.45892,17.65812],[76.45286,17.65579],[76.45448,17.64979],[76.44184,17.64931],[76.445,17.64095],[76.43539,17.64626],[76.42919,17.64495],[76.42724,17.63959],[76.42849,17.63379],[76.42679,17.62581],[76.41929,17.60623],[76.41968,17.60371],[76.39305,17.60315],[76.39186,17.60065],[76.3817,17.60225],[76.37764,17.59787],[76.35003,17.5941],[76.33674,17.5973],[76.33156,17.59598],[76.33129,17.59742],[76.33313,17.56499],[76.33503,17.56518],[76.33853,17.5568],[76.34069,17.54247],[76.34875,17.53943],[76.36274,17.53737],[76.36722,17.51945],[76.36607,17.51568],[76.3646,17.51497],[76.34657,17.51258],[76.34333,17.50066],[76.34576,17.49253],[76.36231,17.49592],[76.37469,17.49565],[76.37552,17.49022],[76.36824,17.4832],[76.35036,17.47418],[76.33321,17.47176],[76.33069,17.47019],[76.33095,17.45567],[76.33343,17.45548],[76.33326,17.4339],[76.35348,17.4373],[76.37151,17.43642],[76.37,17.41694],[76.37107,17.41343],[76.36343,17.37767],[76.38298,17.37397],[76.40912,17.37139],[76.41219,17.35107],[76.40316,17.34997],[76.39661,17.3471],[76.3851,17.32376],[76.38316,17.31453],[76.35401,17.31432],[76.35429,17.3244],[76.34703,17.3442],[76.3453,17.35445],[76.33803,17.35411],[76.3292,17.35081],[76.31434,17.34839],[76.31203,17.34601],[76.31886,17.33814],[76.31766,17.33238],[76.27636,17.33457],[76.27201,17.36059],[76.27004,17.36051],[76.26702,17.36348],[76.26504,17.36171],[76.25073,17.36043],[76.24905,17.36659],[76.25043,17.36968],[76.24458,17.37154],[76.24413,17.37879],[76.24209,17.37884],[76.22853,17.37584],[76.22944,17.36521],[76.21236,17.36199],[76.19639,17.36367],[76.18042,17.35839],[76.17031,17.35262],[76.17264,17.33629],[76.17658,17.32461],[76.17926,17.31857],[76.18325,17.31943],[76.18327,17.31513],[76.18187,17.3142],[76.18107,17.30905],[76.17631,17.30079],[76.16508,17.30333],[76.16262,17.34522],[76.14105,17.35349],[76.133,17.35832],[76.12165,17.36735],[76.11955,17.37044],[76.11299,17.36752],[76.09974,17.36465],[76.08938,17.35313],[76.09347,17.34935],[76.08812,17.34217],[76.08722,17.33618],[76.07913,17.3316],[76.0734,17.33651],[76.07214,17.33531],[76.07301,17.33028],[76.06611,17.3161],[76.06499,17.31139],[76.06666,17.3087],[76.07638,17.30312],[76.08861,17.29931],[76.0994,17.29104],[76.09865,17.28325],[76.09136,17.27721],[76.08686,17.26849],[76.08612,17.26178],[76.08839,17.25697],[76.09196,17.25534],[76.11365,17.25239],[76.12752,17.24499],[76.16643,17.21061],[76.17693,17.19395],[76.18316,17.19102],[76.18814,17.18638],[76.20313,17.18342],[76.21687,17.18688],[76.22052,17.18543],[76.22371,17.17477],[76.23182,17.16846],[76.23612,17.16318],[76.2398,17.15355],[76.2426,17.15079],[76.25403,17.14873],[76.26375,17.15101],[76.27162,17.16343],[76.27684,17.16746],[76.29003,17.1678],[76.30621,17.17081],[76.33321,17.17078],[76.3466,17.18099],[76.35233,17.18751],[76.35631,17.18873],[76.36052,17.18673],[76.36463,17.18139],[76.36894,17.16674],[76.36674,17.15593],[76.3597,17.14528],[76.35999,17.14025],[76.36371,17.13765],[76.36747,17.13767],[76.38351,17.14659],[76.38919,17.1464],[76.39458,17.14298],[76.39508,17.13788],[76.3912,17.13082],[76.38355,17.12749],[76.36741,17.12384],[76.36372,17.12088],[76.36226,17.11604],[76.36302,17.11095],[76.36612,17.10725],[76.38413,17.10263],[76.39035,17.09712],[76.39139,17.09169],[76.38798,17.07258],[76.39402,17.06972],[76.39817,17.07005],[76.4007,17.07227],[76.40482,17.08173],[76.41007,17.08916],[76.41941,17.09524],[76.42941,17.09965],[76.43109,17.05342],[76.42734,17.05354],[76.43064,17.03895],[76.43115,17.02987],[76.43726,17.02669],[76.43644,17.02532],[76.43315,17.02549],[76.43926,17.00679],[76.44043,16.99677],[76.43664,16.98173],[76.42886,16.98023],[76.42876,16.97852],[76.42496,16.97802],[76.40037,16.97708],[76.40237,16.96253],[76.40227,16.94216],[76.39905,16.93533],[76.42086,16.92742],[76.42785,16.9274],[76.43144,16.93601],[76.43376,16.9383],[76.4341,16.94325],[76.44756,16.9406],[76.45178,16.92781],[76.45848,16.92791],[76.4649,16.91386],[76.46528,16.90273],[76.46275,16.90063],[76.44321,16.89775],[76.43361,16.89762],[76.4346,16.88939],[76.43316,16.88181],[76.43665,16.88134],[76.43806,16.868],[76.45854,16.86691],[76.45845,16.86029],[76.46135,16.85938],[76.46197,16.84929],[76.46718,16.84972],[76.47066,16.84706],[76.47098,16.83879],[76.46348,16.83852],[76.45997,16.83304],[76.4295,16.83736],[76.42911,16.85075],[76.40404,16.85403],[76.40427,16.85853],[76.3949,16.85853],[76.38875,16.85632],[76.37428,16.85883],[76.36717,16.84897],[76.36087,16.84438],[76.36066,16.84275],[76.35883,16.84261],[76.3543,16.83255],[76.3524,16.81975],[76.37825,16.818],[76.37852,16.817],[76.38738,16.8173],[76.41373,16.81343],[76.41019,16.79884],[76.40083,16.80111],[76.39637,16.80592],[76.39142,16.80271],[76.3809,16.80104],[76.37735,16.80169],[76.37721,16.79345],[76.37366,16.78459],[76.37092,16.76859],[76.38255,16.76961],[76.41157,16.76818],[76.41123,16.76483],[76.4183,16.7645],[76.41851,16.7689],[76.42641,16.76588],[76.43608,16.76454],[76.43703,16.76158],[76.44,16.76073],[76.44265,16.75755],[76.43844,16.75332],[76.44002,16.75096],[76.44041,16.74203],[76.42888,16.73785],[76.42889,16.73355],[76.42316,16.72957],[76.42263,16.71687],[76.44102,16.71368],[76.44394,16.71538],[76.44634,16.72268],[76.45086,16.72378],[76.4594,16.72329],[76.4608,16.71114],[76.47369,16.71052],[76.48133,16.71216],[76.5029,16.72298],[76.50212,16.73375],[76.50331,16.74117],[76.50641,16.74443],[76.51021,16.74476],[76.5164,16.75107],[76.54724,16.7479],[76.54844,16.75111],[76.55286,16.75121],[76.55355,16.75311],[76.56952,16.75341],[76.57726,16.75796],[76.58047,16.75844],[76.58126,16.76553],[76.60095,16.76717],[76.62355,16.76553],[76.623,16.74249],[76.63547,16.7458],[76.63543,16.73507],[76.64404,16.73335],[76.65873,16.72508],[76.65779,16.73199],[76.65475,16.73769],[76.65271,16.75097],[76.65315,16.755],[76.66079,16.76701],[76.67554,16.76516],[76.67936,16.78472],[76.69761,16.78645],[76.69948,16.79064],[76.70206,16.78946],[76.70204,16.79298],[76.70448,16.79179],[76.70938,16.79249],[76.70923,16.78055],[76.7194,16.77793],[76.72475,16.78474],[76.72781,16.78077],[76.7349,16.77874],[76.73643,16.77354],[76.72904,16.77233],[76.72888,16.75388],[76.73483,16.75129],[76.74502,16.75164],[76.74755,16.75538],[76.74514,16.77886],[76.74471,16.81585],[76.74807,16.82027],[76.75462,16.82035],[76.75426,16.82337],[76.75806,16.82896],[76.75867,16.83576],[76.7634,16.84054],[76.75999,16.84141],[76.75993,16.84413],[76.78891,16.83729],[76.79106,16.84998],[76.80198,16.84918],[76.80479,16.85026],[76.81071,16.85618],[76.81122,16.85867],[76.81315,16.85855],[76.81638,16.8737],[76.82535,16.87235],[76.82883,16.87302],[76.83098,16.86912],[76.83387,16.86768],[76.83813,16.86856],[76.84132,16.86645],[76.84316,16.87055],[76.84949,16.87649],[76.85293,16.87672],[76.85343,16.87891],[76.85458,16.87883],[76.85683,16.8912],[76.87021,16.89261],[76.8705,16.89588],[76.89306,16.89503],[76.90146,16.89256],[76.90152,16.8782],[76.90677,16.87723],[76.90627,16.87591],[76.91347,16.87543],[76.9157,16.8718],[76.92063,16.87001],[76.91438,16.86071],[76.90558,16.85857],[76.90167,16.85468],[76.90372,16.83038],[76.90674,16.82194],[76.91073,16.81659],[76.91543,16.81595],[76.91953,16.81788],[76.92248,16.82654],[76.92669,16.83045],[76.94437,16.83107],[76.9512,16.82768],[76.95748,16.8217],[76.98268,16.8096],[76.99062,16.81222],[76.99286,16.83299],[76.99406,16.83307],[76.99515,16.83731],[76.98323,16.83988],[76.9834,16.84233],[76.98075,16.84712],[76.98088,16.84965],[76.97943,16.84954],[76.97838,16.85462],[76.97987,16.86143],[77.00078,16.85978],[77.00696,16.85785],[77.01969,16.86744],[77.03028,16.86761],[77.03022,16.86909],[77.04139,16.86997],[77.04277,16.88073],[77.04094,16.88073],[77.04024,16.88319],[77.03388,16.88381],[77.03385,16.89333],[77.02799,16.89355],[77.02782,16.89505],[77.0176,16.89862],[77.02001,16.91578],[77.01953,16.92744],[77.02345,16.92484],[77.03087,16.92524],[77.0411,16.92303],[77.04446,16.92618],[77.04672,16.93236],[77.05192,16.93624],[77.05233,16.93788],[77.05693,16.93936],[77.05836,16.94658],[77.06067,16.94443],[77.06289,16.94536],[77.06567,16.94933],[77.06385,16.95399],[77.07258,16.95272],[77.0707,16.94318],[77.07144,16.93969],[77.07358,16.93981],[77.07581,16.9427],[77.0789,16.94193],[77.0839,16.93621],[77.08614,16.93683],[77.08517,16.93492],[77.0886,16.92924],[77.08714,16.92629],[77.08874,16.91838],[77.09307,16.90659],[77.09471,16.90621],[77.10459,16.90502],[77.11059,16.90568],[77.11836,16.90994],[77.11915,16.91254],[77.12557,16.91795],[77.13834,16.91495],[77.16021,16.91557],[77.16152,16.9308],[77.16564,16.93892],[77.18402,16.94245],[77.19608,16.92675],[77.19924,16.93051],[77.19938,16.93379],[77.20479,16.93804],[77.20847,16.93764],[77.20813,16.94041],[77.21137,16.94492],[77.22649,16.94142],[77.23164,16.94282],[77.23267,16.93905],[77.23695,16.93995],[77.24192,16.9431],[77.24484,16.94037],[77.2462,16.9329],[77.25504,16.9323],[77.26302,16.92825],[77.27385,16.93027],[77.27776,16.93263],[77.28906,16.93351],[77.28948,16.93723],[77.29497,16.9324],[77.31075,16.92911],[77.31137,16.92741],[77.31282,16.93061],[77.31706,16.93218],[77.31867,16.93644],[77.33601,16.92986],[77.33962,16.93057],[77.34172,16.93418],[77.34836,16.91201],[77.35083,16.91057],[77.35162,16.908],[77.35509,16.90862],[77.36065,16.90528],[77.36578,16.90459],[77.36608,16.90268],[77.37028,16.9004],[77.37139,16.89766],[77.3729,16.89914],[77.37666,16.89792],[77.37655,16.8946],[77.38211,16.8958],[77.38404,16.89413],[77.38466,16.89848],[77.38906,16.89638],[77.38923,16.89344],[77.38796,16.89223],[77.38943,16.89117],[77.3917,16.8969],[77.39394,16.89743],[77.3936,16.89981],[77.39537,16.90086],[77.39575,16.90332],[77.39764,16.90224],[77.40187,16.90306],[77.40086,16.90224],[77.40264,16.8998],[77.40514,16.89972],[77.40408,16.90204],[77.40646,16.90188],[77.4056,16.89881],[77.40178,16.89668],[77.40143,16.8832],[77.40327,16.88415],[77.40946,16.87823],[77.41112,16.87469],[77.41319,16.87715],[77.41475,16.87618],[77.41845,16.8814],[77.42504,16.88513],[77.45589,16.88534],[77.45834,16.89409],[77.45646,16.89992],[77.45791,16.90951],[77.4547,16.91037],[77.45402,16.9139],[77.45842,16.91491],[77.4592,16.91731],[77.46652,16.91511],[77.46944,16.9192],[77.46941,16.92806],[77.4642,16.92985],[77.46829,16.93959],[77.46804,16.94154],[77.46484,16.94418],[77.46721,16.94985],[77.46523,16.95661],[77.46595,16.95893],[77.47215,16.95714],[77.4783,16.96837],[77.48134,16.97043],[77.48289,16.98565],[77.47906,16.9945],[77.47952,16.99602],[77.48656,17.00321],[77.49187,17.00366],[77.49783,17.00933],[77.5022,17.00937],[77.50253,17.0141],[77.50062,17.01929],[77.4977,17.02162],[77.49495,17.02709],[77.49665,17.04272],[77.48787,17.04762],[77.48766,17.04953],[77.48984,17.05054],[77.48345,17.05891],[77.47898,17.07263],[77.48194,17.07585],[77.48098,17.07923],[77.47656,17.07943],[77.46725,17.08633],[77.46285,17.09408],[77.46469,17.10776],[77.46362,17.11],[77.45919,17.1091],[77.45563,17.11145],[77.45428,17.11485],[77.44955,17.11502],[77.4458,17.11796],[77.43849,17.11685],[77.436,17.11498],[77.40666,17.12451],[77.40382,17.13292],[77.38454,17.14003],[77.37792,17.13994],[77.37899,17.14783],[77.37817,17.15266],[77.3669,17.15441],[77.36592,17.15597],[77.36682,17.15898],[77.36372,17.15878],[77.36261,17.16448],[77.36677,17.1693],[77.3662,17.17221],[77.37001,17.17579],[77.3719,17.18113],[77.36946,17.18632],[77.37335,17.19087],[77.37396,17.19455],[77.37227,17.19556],[77.38174,17.19765],[77.39023,17.19638],[77.39389,17.1944],[77.39641,17.20753],[77.39839,17.21031],[77.40375,17.20989],[77.40198,17.21412],[77.38876,17.21532],[77.38296,17.21798],[77.38019,17.22253],[77.40495,17.23653],[77.40827,17.24121],[77.41039,17.24041],[77.41145,17.23767],[77.42042,17.23762],[77.42254,17.25076],[77.42633,17.25646],[77.43578,17.26018],[77.444,17.27055],[77.45081,17.27053],[77.45356,17.2761],[77.45854,17.279],[77.45488,17.28724],[77.43793,17.29192],[77.44051,17.3013],[77.44298,17.30122],[77.4456,17.30774],[77.44765,17.3075],[77.44884,17.30962],[77.45219,17.31755],[77.45245,17.32747],[77.45601,17.33124],[77.45706,17.34741],[77.45487,17.35178],[77.45168,17.35268],[77.45106,17.35938],[77.45286,17.36739],[77.45223,17.37189],[77.45361,17.37399],[77.4791,17.37072],[77.476,17.36841],[77.47653,17.36371],[77.47443,17.36151],[77.47874,17.35743],[77.48382,17.355],[77.4882,17.35873],[77.50263,17.35707],[77.51148,17.36058],[77.51576,17.36038],[77.52482,17.3647],[77.5298,17.37071],[77.53032,17.37469],[77.53271,17.3762],[77.53315,17.3805],[77.53005,17.38013],[77.52622,17.38193],[77.52429,17.388],[77.53723,17.40225],[77.53784,17.40609],[77.53607,17.40798],[77.52983,17.40818],[77.51417,17.41418],[77.513,17.43087],[77.5326,17.44238],[77.5373,17.44375],[77.55269,17.43705],[77.56151,17.43761],[77.57586,17.43071],[77.57619,17.45617],[77.58424,17.4545],[77.587,17.45195],[77.60292,17.44415],[77.61427,17.44595],[77.613,17.46683],[77.61523,17.47289],[77.61734,17.47388],[77.63824,17.47352],[77.64051,17.47646],[77.64479,17.47757],[77.64766,17.48717],[77.64788,17.49608],[77.64995,17.49989],[77.65713,17.50658],[77.65333,17.49389],[77.65232,17.48273],[77.65544,17.48308],[77.65736,17.48092],[77.67053,17.47789],[77.67663,17.47838],[77.6884,17.4752],[77.68963,17.48281],[77.68801,17.48943],[77.69252,17.49893],[77.6888,17.51094],[77.68772,17.51182],[77.68342,17.50818],[77.67749,17.50998],[77.67545,17.50862],[77.66864,17.51161],[77.66654,17.51713],[77.66201,17.52282],[77.64527,17.52238],[77.637,17.52571],[77.62796,17.52363],[77.62339,17.52563],[77.62097,17.5304],[77.61936,17.52887],[77.61206,17.53476],[77.60738,17.53225],[77.60301,17.53584],[77.5969,17.5343],[77.59562,17.53659],[77.59558,17.54487],[77.59723,17.55373],[77.5938,17.56451],[77.58907,17.5647],[77.5881,17.56],[77.58197,17.55988],[77.56737,17.55636],[77.56085,17.55257],[77.55424,17.55385],[77.55056,17.55173],[77.54512,17.56439],[77.53744,17.57544],[77.52838,17.57537],[77.51649,17.55915],[77.51544,17.55242],[77.5069,17.54228],[77.50003,17.54672],[77.50043,17.55619],[77.49618,17.55961],[77.49407,17.56836],[77.47805,17.5668],[77.47623,17.57061],[77.47425,17.57201],[77.47082,17.57186],[77.47059,17.57339],[77.46181,17.58075],[77.45858,17.57997],[77.45562,17.58233],[77.43055,17.58595],[77.41165,17.58439],[77.40387,17.58512],[77.40115,17.58392],[77.39135,17.58616],[77.38446,17.58308],[77.37877,17.58388],[77.37922,17.595],[77.35961,17.60019],[77.35183,17.60006],[77.34039,17.5879],[77.32988,17.59195],[77.311,17.59468],[77.30029,17.59772],[77.29848,17.60362],[77.29956,17.60685],[77.29461,17.60897],[77.29509,17.61509],[77.29363,17.6155],[77.29149,17.61119],[77.28837,17.61455],[77.28508,17.61553],[77.28718,17.61759],[77.28476,17.61922],[77.28288,17.61979],[77.2821,17.61789],[77.27954,17.61756],[77.27676,17.62113],[77.27646,17.62568],[77.27436,17.62698],[77.26421,17.62569],[77.25824,17.62332],[77.23759,17.6315],[77.23342,17.6303],[77.23009,17.63246],[77.22787,17.63169],[77.22771,17.63028],[77.22196,17.63237],[77.21862,17.62913],[77.21561,17.63079],[77.21438,17.62928],[77.21033,17.62952],[77.20732,17.62675],[77.20341,17.6301],[77.20083,17.63063],[77.20042,17.63225],[77.19751,17.63201],[77.19585,17.63121],[77.1942,17.61551],[77.18888,17.61538],[77.18754,17.61858],[77.18277,17.61813],[77.17853,17.62213],[77.17312,17.62408],[77.17129,17.62778],[77.16271,17.62927],[77.15517,17.6289],[77.15322,17.6316],[77.14997,17.63241],[77.15151,17.63707],[77.15034,17.64257],[77.14824,17.6433],[77.14782,17.64584],[77.14368,17.64765],[77.14475,17.65572],[77.1365,17.65856],[77.13682,17.66213],[77.13271,17.66224],[77.13168,17.66811],[77.13246,17.68245],[77.12829,17.68239],[77.12703,17.68645],[77.12388,17.68698],[77.11915,17.68552],[77.11667,17.68728],[77.1145,17.67797],[77.10628,17.67402],[77.10458,17.669],[77.08978,17.66773],[77.08941,17.66915],[77.08531,17.65902],[77.08137,17.66229],[77.07368,17.66156],[77.05814,17.67313],[77.0534,17.67114],[77.04631,17.67074],[77.04321,17.66737],[77.04092,17.67166],[77.03529,17.66937],[77.03477,17.67297],[77.03672,17.67505],[77.03398,17.67684],[77.03416,17.68064],[77.03149,17.68153],[77.01757,17.67786],[77.01765,17.67935],[77.01007,17.68462],[77.00865,17.68735],[77.00626,17.68771],[77.00056,17.696],[76.99721,17.69503],[76.99588,17.69646],[76.99089,17.696],[76.98967,17.69404],[76.98097,17.69154],[76.9771,17.67992],[76.97783,17.66492],[76.988,17.6619],[76.98713,17.65806],[76.98321,17.65581],[76.98238,17.65277],[76.97672,17.64816],[76.97139,17.64721],[76.96492,17.64093],[76.96188,17.63962],[76.95699,17.63415],[76.95874,17.62719],[76.95808,17.62096],[76.95133,17.62438],[76.95038,17.6199],[76.94597,17.61699],[76.94039,17.60889],[76.92769,17.61188],[76.921,17.61073],[76.92191,17.61313],[76.91784,17.62356],[76.92519,17.62596],[76.92864,17.63234],[76.9289,17.63754],[76.9148,17.63921],[76.91074,17.63796],[76.90781,17.63509],[76.90338,17.64149],[76.89882,17.64467],[76.88326,17.64292],[76.86401,17.64637],[76.85243,17.6446],[76.84185,17.65371],[76.83756,17.65127],[76.83678,17.6494],[76.82761,17.65015],[76.82312,17.65188],[76.81949,17.65031],[76.81376,17.65083],[76.80787,17.64901],[76.80733,17.65068],[76.80197,17.65018],[76.79291,17.65318],[76.78823,17.64796],[76.78873,17.64319],[76.78467,17.63914],[76.78444,17.63645],[76.77846,17.63597],[76.77191,17.64018],[76.77014,17.6463],[76.77375,17.65776],[76.77347,17.66677],[76.76351,17.66568],[76.74654,17.66678],[76.74183,17.66485],[76.73273,17.66563],[76.73183,17.65882],[76.72029,17.65386],[76.71435,17.63881],[76.70776,17.64006],[76.69875,17.64218],[76.69771,17.64516],[76.69912,17.64757],[76.70827,17.65183],[76.71065,17.65429],[76.71235,17.65688],[76.71099,17.66126],[76.70784,17.66277],[76.69454,17.66184],[76.695,17.67729],[76.69097,17.68126],[76.68738,17.68005],[76.68436,17.68589],[76.67972,17.68635],[76.677,17.68902],[76.67261,17.69054],[76.66419,17.68756],[76.65932,17.7096],[76.65279,17.72213],[76.63326,17.72822],[76.6281,17.75065],[76.63189,17.75464],[76.62433,17.75939]]]]}},{"type":"Feature","id":"KA-541","properties":{"districtCode":"KA-541","lgdCode":"541","districtName":"Kodagu","stateCode":"KA","stateLgdCode":"29","sourceName":"Kodagu"},"geometry":{"type":"Polygon","coordinates":[[[75.89523,12.82804],[75.88676,12.83223],[75.87855,12.83391],[75.87563,12.83115],[75.87752,12.82644],[75.87679,12.82358],[75.86944,12.82256],[75.8638,12.81876],[75.865,12.81071],[75.86399,12.80559],[75.86598,12.80275],[75.86393,12.79644],[75.87328,12.77725],[75.87824,12.77669],[75.87308,12.77434],[75.87293,12.77285],[75.87543,12.77128],[75.87485,12.76984],[75.8722,12.77056],[75.86498,12.76858],[75.85828,12.76964],[75.85823,12.76184],[75.86002,12.75718],[75.85238,12.75356],[75.84945,12.74982],[75.854,12.74537],[75.85522,12.73651],[75.85172,12.73013],[75.85491,12.72352],[75.86239,12.71757],[75.86989,12.71533],[75.87249,12.70909],[75.87725,12.70769],[75.8786,12.70879],[75.88534,12.7077],[75.88512,12.70459],[75.88656,12.70501],[75.88465,12.70082],[75.88984,12.69202],[75.88708,12.68852],[75.88825,12.68483],[75.88675,12.67655],[75.87791,12.67175],[75.86727,12.67482],[75.86233,12.67162],[75.85253,12.66931],[75.84701,12.67278],[75.84421,12.67193],[75.84246,12.66928],[75.83455,12.6709],[75.83066,12.67319],[75.82079,12.68598],[75.81908,12.6912],[75.80769,12.7017],[75.79163,12.68839],[75.7842,12.68936],[75.77999,12.68731],[75.77721,12.6888],[75.77436,12.68499],[75.77307,12.67937],[75.76838,12.68166],[75.76076,12.67406],[75.74556,12.67966],[75.74114,12.68375],[75.73895,12.68934],[75.73131,12.69786],[75.72135,12.69627],[75.71732,12.70128],[75.71754,12.70454],[75.71464,12.70474],[75.71324,12.70761],[75.71154,12.70539],[75.7067,12.70717],[75.69512,12.70253],[75.68707,12.70071],[75.67549,12.70052],[75.66845,12.69735],[75.66695,12.69782],[75.65689,12.68253],[75.65275,12.67174],[75.64797,12.66573],[75.64805,12.66286],[75.64538,12.65771],[75.64328,12.64553],[75.64382,12.63927],[75.64197,12.63293],[75.64232,12.62625],[75.65402,12.61937],[75.65392,12.6107],[75.6564,12.6027],[75.66154,12.59662],[75.6642,12.58556],[75.66199,12.58097],[75.66211,12.57786],[75.66845,12.57218],[75.66314,12.56956],[75.66871,12.56517],[75.67055,12.55874],[75.67064,12.55135],[75.66802,12.54783],[75.65747,12.54371],[75.65374,12.54072],[75.64428,12.53942],[75.64052,12.5365],[75.63788,12.53065],[75.63315,12.52809],[75.63232,12.52111],[75.6283,12.5191],[75.62676,12.52112],[75.62368,12.51627],[75.61476,12.51019],[75.6055,12.51267],[75.60574,12.52111],[75.60258,12.52272],[75.59968,12.52647],[75.59584,12.52764],[75.59298,12.53805],[75.59099,12.54008],[75.58269,12.53084],[75.58169,12.52326],[75.58013,12.52209],[75.58093,12.51932],[75.57765,12.51866],[75.57533,12.51488],[75.57089,12.51152],[75.56418,12.51065],[75.55617,12.50123],[75.55506,12.49834],[75.56482,12.49506],[75.5662,12.49202],[75.56591,12.48611],[75.56082,12.48738],[75.55965,12.48933],[75.55605,12.48944],[75.55184,12.49322],[75.54725,12.49199],[75.54036,12.49503],[75.5337,12.49499],[75.53105,12.49942],[75.52916,12.49947],[75.52589,12.49684],[75.52367,12.48983],[75.51796,12.48788],[75.51411,12.48934],[75.50559,12.48642],[75.50008,12.48704],[75.49332,12.48373],[75.49602,12.47857],[75.49165,12.46891],[75.49318,12.46497],[75.49248,12.46191],[75.48986,12.46009],[75.48716,12.46226],[75.48477,12.4622],[75.48195,12.46581],[75.47796,12.46621],[75.47542,12.46343],[75.47453,12.46608],[75.46463,12.47186],[75.4608,12.47694],[75.46143,12.48319],[75.46352,12.48544],[75.46198,12.48791],[75.46669,12.49027],[75.4686,12.49517],[75.47249,12.49946],[75.46131,12.50498],[75.4617,12.5083],[75.4587,12.51058],[75.45809,12.51588],[75.45681,12.51592],[75.45534,12.5129],[75.4532,12.51366],[75.44994,12.51859],[75.44569,12.51833],[75.44546,12.52076],[75.44209,12.52202],[75.43978,12.52851],[75.43435,12.53012],[75.43221,12.52379],[75.42946,12.52121],[75.43194,12.51777],[75.42889,12.515],[75.42426,12.51729],[75.42017,12.51527],[75.41806,12.51638],[75.41643,12.5153],[75.41668,12.51117],[75.41942,12.50935],[75.41684,12.50786],[75.4158,12.50498],[75.41609,12.5001],[75.41866,12.49554],[75.41725,12.49363],[75.42058,12.48852],[75.4203,12.47976],[75.42482,12.47426],[75.42487,12.46892],[75.42326,12.46678],[75.41572,12.46598],[75.41565,12.46216],[75.41332,12.45857],[75.40398,12.45494],[75.39962,12.45493],[75.3934,12.45137],[75.39221,12.45512],[75.38989,12.45536],[75.38629,12.45828],[75.38187,12.45663],[75.37422,12.45973],[75.37126,12.45656],[75.36579,12.45774],[75.37029,12.44887],[75.36885,12.44217],[75.37149,12.43772],[75.36908,12.42946],[75.36999,12.42566],[75.36617,12.41183],[75.37086,12.40876],[75.37261,12.40025],[75.37773,12.39842],[75.37924,12.39236],[75.38394,12.39091],[75.38649,12.39237],[75.39229,12.38999],[75.39857,12.38143],[75.4004,12.38074],[75.40154,12.38252],[75.40553,12.37906],[75.41312,12.38029],[75.42193,12.37266],[75.41964,12.35694],[75.41544,12.34961],[75.41168,12.34914],[75.4104,12.34719],[75.41539,12.34006],[75.41619,12.32993],[75.41864,12.32917],[75.42028,12.31899],[75.42716,12.31072],[75.43109,12.31059],[75.43215,12.30899],[75.42829,12.30699],[75.42776,12.30405],[75.42411,12.30292],[75.42515,12.30057],[75.41927,12.29513],[75.41373,12.29236],[75.41392,12.29067],[75.4211,12.29171],[75.42284,12.2951],[75.4266,12.29561],[75.42738,12.29781],[75.43009,12.29901],[75.43302,12.29734],[75.43635,12.29845],[75.4412,12.2966],[75.44573,12.29763],[75.4599,12.29404],[75.46374,12.2983],[75.47015,12.30071],[75.47547,12.29596],[75.4794,12.29541],[75.48101,12.29217],[75.48663,12.2886],[75.48692,12.28428],[75.49387,12.27279],[75.5054,12.27074],[75.50654,12.26749],[75.50583,12.26458],[75.51178,12.25958],[75.51159,12.25306],[75.5198,12.24621],[75.51861,12.24351],[75.52111,12.23613],[75.5241,12.23539],[75.52833,12.23159],[75.52691,12.22569],[75.53969,12.21681],[75.53703,12.20808],[75.53194,12.20567],[75.53261,12.20145],[75.53416,12.20293],[75.53649,12.20128],[75.5398,12.20273],[75.54118,12.19755],[75.54625,12.19794],[75.54859,12.19263],[75.55262,12.19285],[75.55497,12.18318],[75.55851,12.18207],[75.55935,12.1775],[75.56159,12.17505],[75.56978,12.17285],[75.5772,12.15775],[75.58331,12.15912],[75.58375,12.15699],[75.59046,12.15249],[75.59293,12.14778],[75.5959,12.15432],[75.60197,12.15364],[75.60691,12.15549],[75.61125,12.15262],[75.61496,12.1556],[75.61903,12.15652],[75.62645,12.15295],[75.63133,12.14878],[75.63605,12.14917],[75.63919,12.14336],[75.63826,12.13895],[75.64205,12.1398],[75.64319,12.13865],[75.6445,12.13375],[75.64408,12.12552],[75.64753,12.12192],[75.64778,12.11761],[75.64658,12.1158],[75.64875,12.11293],[75.64908,12.10933],[75.65276,12.11005],[75.653,12.10791],[75.66198,12.09918],[75.66742,12.09731],[75.67687,12.0982],[75.67988,12.10273],[75.68364,12.10449],[75.68718,12.11025],[75.69554,12.11049],[75.70326,12.10817],[75.70213,12.09229],[75.71307,12.09048],[75.71793,12.08558],[75.71769,12.08229],[75.71545,12.08166],[75.71629,12.07937],[75.71473,12.07044],[75.72002,12.07086],[75.72485,12.07318],[75.72774,12.07255],[75.73611,12.07895],[75.74358,12.08017],[75.74712,12.07819],[75.74913,12.08191],[75.75348,12.08413],[75.76282,12.08325],[75.76763,12.08448],[75.77331,12.0827],[75.78036,12.08251],[75.78542,12.08426],[75.79019,12.08199],[75.79539,12.08195],[75.79721,12.07991],[75.80255,12.07856],[75.80383,12.07516],[75.79867,12.06327],[75.79866,12.05604],[75.79437,12.05604],[75.79396,12.05503],[75.79787,12.05129],[75.79966,12.04738],[75.80107,12.03701],[75.81102,12.02857],[75.80993,12.02271],[75.81547,12.02051],[75.82286,12.01337],[75.82325,12.0098],[75.82038,12.00252],[75.82523,12.00273],[75.82563,11.99187],[75.82726,11.98768],[75.83003,11.984],[75.83704,11.98093],[75.83971,11.98267],[75.84293,11.98073],[75.84691,11.98201],[75.84955,11.97804],[75.848,11.97495],[75.85011,11.97474],[75.853,11.97159],[75.85461,11.96411],[75.85886,11.95942],[75.86643,11.95738],[75.87045,11.95258],[75.87254,11.9533],[75.88068,11.94971],[75.88602,11.95203],[75.89307,11.94889],[75.89703,11.94547],[75.89873,11.94666],[75.91399,11.94692],[75.91747,11.94488],[75.92719,11.94337],[75.93078,11.9397],[75.93571,11.94006],[75.93741,11.9421],[75.95174,11.94064],[75.95637,11.9419],[75.9764,11.93371],[75.97927,11.93476],[75.98347,11.93272],[75.99042,11.93471],[75.99391,11.93227],[76.0032,11.93139],[76.00738,11.93902],[76.01312,11.94172],[76.01649,11.9411],[76.02238,11.94397],[76.02676,11.94308],[76.02997,11.94015],[76.03372,11.9403],[76.03907,11.94509],[76.04233,11.94602],[76.04482,11.95054],[76.05204,11.95161],[76.05796,11.95778],[76.06742,11.96333],[76.0701,11.96708],[76.07729,11.96874],[76.08943,11.96735],[76.09351,11.96849],[76.10477,11.97569],[76.1141,11.97935],[76.11693,11.98269],[76.12451,11.98306],[76.12829,11.98568],[76.12923,11.98847],[76.13664,11.99658],[76.13956,12.00442],[76.14758,12.00981],[76.14896,12.0161],[76.15085,12.01837],[76.16585,12.02634],[76.16835,12.02621],[76.18278,12.03234],[76.18926,12.05004],[76.18303,12.06337],[76.17869,12.06821],[76.17578,12.07611],[76.17496,12.08231],[76.17659,12.09937],[76.17189,12.10625],[76.17094,12.11874],[76.16472,12.12596],[76.16155,12.13363],[76.15001,12.14386],[76.14842,12.14867],[76.1442,12.15454],[76.1415,12.16757],[76.13716,12.17381],[76.13315,12.19155],[76.12925,12.19484],[76.11875,12.19066],[76.10187,12.19721],[76.09519,12.2076],[76.09318,12.21366],[76.08402,12.22032],[76.0745,12.2341],[76.07381,12.24009],[76.06224,12.24905],[76.05187,12.24638],[76.05093,12.24847],[76.04025,12.25261],[76.0254,12.25126],[76.02468,12.24882],[76.02064,12.25378],[76.0151,12.26667],[76.01477,12.2711],[76.01746,12.27226],[76.01465,12.28389],[76.01452,12.29225],[76.00466,12.30537],[75.99909,12.30739],[75.99713,12.3163],[75.99473,12.31738],[75.99445,12.32055],[76.00128,12.32898],[76.00109,12.33055],[75.99636,12.3315],[75.9932,12.33609],[75.98172,12.34245],[75.97508,12.34223],[75.97047,12.34557],[75.96049,12.34387],[75.95685,12.35007],[75.95374,12.35187],[75.93761,12.37236],[75.93232,12.38229],[75.91618,12.3883],[75.91313,12.38558],[75.90868,12.39816],[75.90922,12.40185],[75.91135,12.40716],[75.9153,12.40953],[75.9234,12.42335],[75.92217,12.42953],[75.92616,12.43678],[75.93063,12.44063],[75.93492,12.44086],[75.94561,12.44898],[75.96043,12.45145],[75.96566,12.44739],[75.96776,12.44725],[75.97167,12.4503],[75.96889,12.45364],[75.96689,12.46138],[75.96725,12.46579],[75.97161,12.47083],[75.96798,12.47111],[75.96405,12.47427],[75.96376,12.47563],[75.96665,12.47822],[75.96643,12.48313],[75.96464,12.4846],[75.96056,12.48434],[75.95815,12.49055],[75.96196,12.49783],[75.96112,12.50054],[75.96222,12.50645],[75.96413,12.50927],[75.97253,12.51185],[75.97535,12.51977],[75.98096,12.52092],[75.9862,12.51973],[75.99394,12.5221],[75.99344,12.52964],[75.9834,12.54043],[75.98465,12.54436],[75.98667,12.54505],[75.99492,12.54104],[75.9989,12.54742],[75.998,12.55135],[75.99087,12.55613],[75.99126,12.56145],[75.99645,12.56263],[76.00761,12.55529],[76.01246,12.5542],[76.01184,12.56077],[76.01881,12.56691],[76.01906,12.57159],[76.01752,12.57194],[76.01393,12.5695],[76.01231,12.57315],[76.00991,12.5715],[76.00643,12.57437],[76.00356,12.57448],[75.99909,12.58053],[75.99722,12.58066],[75.99454,12.58877],[75.99221,12.58875],[75.99008,12.58817],[75.99168,12.58541],[75.98768,12.58129],[75.98852,12.5741],[75.98184,12.57334],[75.97393,12.57652],[75.96876,12.57667],[75.97547,12.56347],[75.96978,12.56087],[75.96261,12.56118],[75.95549,12.57541],[75.94863,12.59568],[75.94096,12.60429],[75.93951,12.60868],[75.94161,12.61198],[75.94697,12.61419],[75.94983,12.62334],[75.94466,12.62948],[75.93914,12.62848],[75.93561,12.63002],[75.94106,12.6332],[75.94351,12.63649],[75.94028,12.64289],[75.9378,12.64355],[75.93891,12.65298],[75.94456,12.66203],[75.94792,12.66394],[75.94662,12.66774],[75.94165,12.67118],[75.93977,12.67599],[75.94573,12.67816],[75.95415,12.67674],[75.95963,12.68326],[75.95871,12.68994],[75.96455,12.70125],[75.96251,12.70617],[75.96524,12.71095],[75.9498,12.71738],[75.94474,12.7179],[75.94191,12.72019],[75.9396,12.72662],[75.93452,12.73374],[75.93412,12.73641],[75.9376,12.74937],[75.93298,12.764],[75.9358,12.76743],[75.94072,12.76756],[75.94719,12.76533],[75.95462,12.76858],[75.95514,12.77591],[75.9578,12.78198],[75.9633,12.78284],[75.96643,12.7818],[75.97077,12.78395],[75.97114,12.78626],[75.96694,12.79773],[75.96913,12.80498],[75.96506,12.80515],[75.94919,12.80053],[75.94847,12.8053],[75.94623,12.80793],[75.9299,12.80811],[75.92503,12.81419],[75.92779,12.81896],[75.92777,12.8217],[75.92271,12.82469],[75.91982,12.82826],[75.91712,12.82648],[75.91844,12.81963],[75.91126,12.81523],[75.90334,12.81914],[75.90007,12.82779],[75.89523,12.82804]]]}},{"type":"Feature","id":"KA-542","properties":{"districtCode":"KA-542","lgdCode":"542","districtName":"Kolar","stateCode":"KA","stateLgdCode":"29","sourceName":"Kolar"},"geometry":{"type":"Polygon","coordinates":[[[78.23973,13.59739],[78.23634,13.59858],[78.23439,13.59712],[78.23509,13.59106],[78.23258,13.58598],[78.22821,13.58654],[78.22209,13.58956],[78.21975,13.59258],[78.21621,13.59062],[78.21408,13.58323],[78.20784,13.57699],[78.20292,13.56878],[78.19619,13.56626],[78.20134,13.56389],[78.19377,13.54855],[78.19448,13.54655],[78.19847,13.54467],[78.20115,13.54131],[78.20145,13.53318],[78.20365,13.52777],[78.20278,13.52334],[78.19909,13.52089],[78.19041,13.5207],[78.18777,13.51359],[78.1924,13.51204],[78.19816,13.51259],[78.20069,13.4841],[78.20306,13.48078],[78.20811,13.47811],[78.21039,13.47104],[78.20605,13.46473],[78.20586,13.4588],[78.202,13.45064],[78.19341,13.4471],[78.19433,13.43844],[78.18864,13.44248],[78.18551,13.43893],[78.18469,13.43519],[78.18629,13.43472],[78.18285,13.43342],[78.18255,13.42063],[78.16893,13.41357],[78.16082,13.41528],[78.15265,13.4096],[78.14734,13.40959],[78.13573,13.40525],[78.1298,13.3939],[78.12833,13.38671],[78.12461,13.386],[78.12239,13.3752],[78.1288,13.37342],[78.14263,13.37587],[78.14565,13.37377],[78.14796,13.36749],[78.14556,13.3614],[78.14936,13.36103],[78.15009,13.35794],[78.15034,13.35062],[78.13186,13.35246],[78.13084,13.34603],[78.13152,13.34131],[78.13341,13.33879],[78.13407,13.33122],[78.13159,13.33227],[78.13084,13.32843],[78.11011,13.32454],[78.10897,13.32326],[78.11486,13.31777],[78.12175,13.3155],[78.12319,13.30842],[78.13055,13.30734],[78.13647,13.30435],[78.13639,13.29681],[78.13382,13.28764],[78.12747,13.29026],[78.12666,13.29191],[78.12166,13.29273],[78.11742,13.29846],[78.1075,13.30429],[78.10246,13.30369],[78.09711,13.30815],[78.09274,13.30847],[78.09197,13.31023],[78.0902,13.30781],[78.08987,13.30392],[78.08678,13.30219],[78.07726,13.30094],[78.07564,13.30241],[78.06058,13.299],[78.05906,13.29277],[78.05596,13.29433],[78.05211,13.29341],[78.04691,13.27829],[78.0357,13.28086],[78.02991,13.28371],[78.02513,13.28364],[78.02376,13.28242],[78.01552,13.2829],[78.01381,13.28574],[78.01367,13.28997],[78.01171,13.29066],[78.01128,13.30145],[77.99884,13.30506],[77.99403,13.30491],[77.98903,13.30415],[77.98813,13.30125],[77.98519,13.29917],[77.98455,13.28607],[77.97493,13.28555],[77.96894,13.28238],[77.96123,13.28424],[77.95774,13.28192],[77.9567,13.27708],[77.95941,13.27599],[77.95948,13.2722],[77.95618,13.26969],[77.94629,13.27125],[77.94478,13.26931],[77.94154,13.26895],[77.94147,13.26756],[77.93822,13.26795],[77.93821,13.26403],[77.9414,13.25847],[77.93775,13.25123],[77.9345,13.24915],[77.93495,13.24606],[77.94559,13.24366],[77.94855,13.24999],[77.95567,13.24863],[77.96492,13.24405],[77.96499,13.23746],[77.96333,13.23882],[77.96385,13.23277],[77.94656,13.21922],[77.94523,13.21418],[77.95136,13.21498],[77.95127,13.21936],[77.95795,13.21869],[77.95473,13.20566],[77.95634,13.2044],[77.95512,13.20087],[77.96055,13.20015],[77.9595,13.19579],[77.96099,13.19496],[77.96245,13.18954],[77.96383,13.18934],[77.96287,13.18669],[77.96156,13.18656],[77.96087,13.18186],[77.9583,13.18175],[77.95704,13.17634],[77.95534,13.17643],[77.95424,13.17007],[77.95552,13.16944],[77.95534,13.16307],[77.95304,13.16057],[77.95877,13.15738],[77.95735,13.15212],[77.95941,13.15151],[77.95544,13.14011],[77.95772,13.13033],[77.95619,13.12629],[77.94857,13.12762],[77.94575,13.12359],[77.93927,13.12514],[77.93658,13.11419],[77.93734,13.10814],[77.9255,13.11068],[77.92523,13.11228],[77.92307,13.11253],[77.92364,13.11593],[77.91541,13.11904],[77.91412,13.11106],[77.90134,13.10239],[77.90154,13.09979],[77.9111,13.09601],[77.91607,13.0876],[77.91674,13.08623],[77.91332,13.08084],[77.9174,13.08077],[77.91838,13.07926],[77.92704,13.08266],[77.92623,13.07587],[77.93183,13.07395],[77.93602,13.07557],[77.93875,13.07863],[77.93955,13.08355],[77.94155,13.07677],[77.94145,13.06879],[77.93737,13.06597],[77.9282,13.06845],[77.92477,13.06319],[77.92163,13.06114],[77.92161,13.05653],[77.91998,13.05534],[77.91897,13.0509],[77.91529,13.05084],[77.91366,13.04845],[77.90532,13.04897],[77.8939,13.0538],[77.89222,13.0522],[77.89143,13.0471],[77.89309,13.04624],[77.88881,13.04543],[77.88716,13.03708],[77.8933,13.03503],[77.88988,13.02375],[77.88676,13.01996],[77.88754,13.01724],[77.88587,13.00857],[77.87938,13.00518],[77.87406,12.99765],[77.87287,12.99454],[77.87372,12.98708],[77.87097,12.98512],[77.87194,12.98145],[77.87079,12.97656],[77.87231,12.97515],[77.87142,12.9729],[77.8647,12.97365],[77.8653,12.96614],[77.87156,12.95984],[77.86711,12.95093],[77.87371,12.94519],[77.87074,12.93714],[77.86918,12.93382],[77.85918,12.93567],[77.85429,12.93247],[77.85102,12.93208],[77.84736,12.92629],[77.84103,12.92483],[77.83954,12.9218],[77.84219,12.91404],[77.84457,12.91635],[77.85353,12.91537],[77.85681,12.91649],[77.86189,12.91427],[77.85228,12.89091],[77.85568,12.87625],[77.86643,12.8761],[77.86765,12.86807],[77.87594,12.8668],[77.87727,12.86862],[77.88254,12.86856],[77.88475,12.87022],[77.89034,12.86966],[77.89492,12.87857],[77.90841,12.87881],[77.90876,12.88484],[77.92187,12.88474],[77.92509,12.89009],[77.92932,12.89092],[77.93601,12.88724],[77.93463,12.88066],[77.92714,12.88152],[77.92772,12.87492],[77.94163,12.87273],[77.94121,12.86822],[77.93662,12.86684],[77.93559,12.86275],[77.93135,12.86181],[77.92281,12.85556],[77.92424,12.85112],[77.91725,12.83885],[77.91807,12.83135],[77.92056,12.82816],[77.92651,12.83028],[77.92852,12.82678],[77.93434,12.8231],[77.94068,12.82334],[77.94217,12.83121],[77.94661,12.83871],[77.94058,12.84525],[77.93999,12.85314],[77.94365,12.85782],[77.95234,12.85712],[77.95278,12.85013],[77.963,12.85018],[77.96535,12.84818],[77.96257,12.83737],[77.96432,12.83284],[77.9727,12.83282],[77.97405,12.83483],[77.98039,12.83506],[77.97927,12.82704],[77.9868,12.82182],[77.98978,12.82155],[77.98852,12.80819],[77.9952,12.80586],[77.99669,12.80787],[78.00646,12.80858],[78.00975,12.80574],[78.01531,12.81379],[78.01277,12.81882],[78.0058,12.82217],[78.00392,12.8256],[78.01062,12.83091],[78.01466,12.82982],[78.0183,12.83105],[78.01915,12.84394],[78.02433,12.84174],[78.02899,12.84519],[78.0297,12.84891],[78.02407,12.85251],[78.02387,12.8565],[78.03065,12.85802],[78.03073,12.85245],[78.05047,12.84874],[78.05143,12.85243],[78.05333,12.85385],[78.05905,12.85117],[78.06021,12.84383],[78.06687,12.84196],[78.0712,12.8424],[78.07652,12.83965],[78.07726,12.8381],[78.07508,12.8362],[78.07386,12.83051],[78.0862,12.83194],[78.08813,12.82787],[78.08753,12.82488],[78.09017,12.8235],[78.09016,12.81736],[78.10473,12.80908],[78.10936,12.80449],[78.12036,12.80171],[78.12188,12.79925],[78.12499,12.79819],[78.12595,12.79168],[78.12985,12.78753],[78.13126,12.7838],[78.13424,12.78197],[78.13572,12.78309],[78.1363,12.78185],[78.14515,12.78093],[78.16766,12.77008],[78.17163,12.77379],[78.1774,12.77595],[78.18239,12.77425],[78.18426,12.77622],[78.18896,12.77191],[78.19208,12.77428],[78.19516,12.77384],[78.20289,12.77101],[78.21286,12.76503],[78.21819,12.76638],[78.22389,12.76588],[78.23095,12.76066],[78.23898,12.76838],[78.24564,12.78826],[78.24656,12.80166],[78.25056,12.81221],[78.25234,12.82894],[78.2522,12.86055],[78.25366,12.8622],[78.25814,12.8604],[78.26527,12.86201],[78.2684,12.86769],[78.27171,12.86696],[78.2821,12.85931],[78.31245,12.85852],[78.31559,12.86755],[78.31363,12.87645],[78.33102,12.87558],[78.33224,12.8807],[78.33708,12.88236],[78.33799,12.88621],[78.33452,12.88921],[78.33179,12.88884],[78.33088,12.88536],[78.32918,12.88459],[78.32169,12.88556],[78.32033,12.88726],[78.32407,12.89291],[78.3225,12.89749],[78.32353,12.90178],[78.32631,12.9045],[78.33106,12.90187],[78.33973,12.90318],[78.34407,12.9085],[78.34197,12.9119],[78.3466,12.91404],[78.34905,12.92899],[78.35385,12.93025],[78.34971,12.93571],[78.35588,12.94074],[78.35637,12.93887],[78.36026,12.93693],[78.37267,12.92126],[78.37672,12.91794],[78.37825,12.91385],[78.38563,12.91144],[78.38576,12.90937],[78.3887,12.90686],[78.3964,12.90731],[78.39867,12.91731],[78.4089,12.90927],[78.41221,12.90323],[78.42865,12.90208],[78.43039,12.90479],[78.4337,12.90454],[78.4359,12.90945],[78.43495,12.91184],[78.43884,12.91366],[78.44558,12.9118],[78.44649,12.90819],[78.44396,12.903],[78.44923,12.89824],[78.44724,12.89221],[78.44882,12.8901],[78.45589,12.88747],[78.46411,12.8777],[78.46205,12.87106],[78.46477,12.86676],[78.46946,12.88964],[78.4667,12.90541],[78.45925,12.90873],[78.4523,12.91767],[78.44453,12.91963],[78.43802,12.92901],[78.42818,12.93209],[78.42282,12.92335],[78.41882,12.92172],[78.41789,12.92789],[78.41574,12.92968],[78.4152,12.93336],[78.41309,12.9334],[78.41355,12.93932],[78.41116,12.94527],[78.41376,12.94835],[78.42038,12.94774],[78.4215,12.95463],[78.41927,12.95868],[78.42916,12.95746],[78.4297,12.95913],[78.43458,12.96079],[78.43797,12.96399],[78.43272,12.9678],[78.43255,12.9695],[78.43474,12.97144],[78.43248,12.97796],[78.43533,12.98104],[78.45269,12.97677],[78.45972,12.97725],[78.46746,12.97502],[78.46858,12.98272],[78.47481,12.99144],[78.47187,12.99262],[78.47014,12.99671],[78.4677,12.99854],[78.46826,13.00462],[78.46361,13.00532],[78.46454,13.01179],[78.46345,13.01634],[78.46482,13.02042],[78.46141,13.02569],[78.4622,13.04321],[78.4648,13.04466],[78.47312,13.04292],[78.47796,13.05009],[78.47849,13.05454],[78.48736,13.05236],[78.49806,13.0612],[78.51425,13.06186],[78.51568,13.06551],[78.51512,13.06997],[78.51077,13.07803],[78.50862,13.07902],[78.50947,13.0915],[78.51607,13.09655],[78.52339,13.09469],[78.52285,13.09772],[78.52448,13.1012],[78.53246,13.10567],[78.53851,13.10573],[78.53745,13.10861],[78.52683,13.11222],[78.52527,13.11445],[78.52262,13.11496],[78.52303,13.11841],[78.51853,13.11982],[78.51893,13.12511],[78.51705,13.13159],[78.52151,13.13181],[78.52156,13.13013],[78.52334,13.13045],[78.52608,13.13407],[78.52667,13.13894],[78.53126,13.14137],[78.54465,13.142],[78.54836,13.14854],[78.54087,13.15348],[78.5414,13.15574],[78.55011,13.16419],[78.5682,13.16176],[78.56873,13.16562],[78.57337,13.1689],[78.57649,13.16712],[78.57723,13.16814],[78.57977,13.16736],[78.57648,13.17455],[78.57606,13.18669],[78.5673,13.19326],[78.56646,13.19182],[78.55582,13.18864],[78.54976,13.18969],[78.55006,13.20018],[78.56053,13.19877],[78.56779,13.20152],[78.57112,13.21204],[78.57626,13.21151],[78.5787,13.21299],[78.57855,13.21802],[78.5664,13.22085],[78.56873,13.2374],[78.57194,13.24259],[78.5705,13.24259],[78.57014,13.2471],[78.57906,13.25366],[78.58491,13.26156],[78.5877,13.27297],[78.58736,13.28064],[78.57865,13.28035],[78.57634,13.28499],[78.57755,13.29528],[78.5715,13.30337],[78.56954,13.30922],[78.56555,13.312],[78.56321,13.30939],[78.56492,13.30691],[78.56499,13.29546],[78.56164,13.28851],[78.55411,13.28317],[78.54533,13.28789],[78.53932,13.28787],[78.53639,13.27241],[78.53209,13.26828],[78.53218,13.26694],[78.52667,13.26842],[78.52651,13.27162],[78.52196,13.273],[78.52165,13.27616],[78.51979,13.27711],[78.51993,13.28277],[78.51335,13.28523],[78.514,13.29059],[78.50485,13.29137],[78.49878,13.29956],[78.49674,13.29861],[78.47931,13.30129],[78.48124,13.31018],[78.48363,13.31304],[78.4834,13.32117],[78.4769,13.32264],[78.47015,13.31983],[78.46948,13.31709],[78.46666,13.31512],[78.45772,13.31384],[78.45263,13.31008],[78.44421,13.30811],[78.44001,13.32181],[78.44124,13.3249],[78.44038,13.32843],[78.42795,13.33129],[78.42176,13.32827],[78.41888,13.32057],[78.4011,13.31547],[78.39927,13.32069],[78.39216,13.3253],[78.38713,13.33179],[78.37715,13.33197],[78.37825,13.33719],[78.38303,13.34359],[78.38768,13.3428],[78.38842,13.3391],[78.38487,13.33489],[78.39302,13.33376],[78.40729,13.33752],[78.40868,13.34288],[78.4084,13.34569],[78.39321,13.35074],[78.39486,13.35433],[78.37764,13.36315],[78.3761,13.36113],[78.37083,13.36151],[78.36967,13.35826],[78.36581,13.35865],[78.36508,13.3618],[78.36906,13.37319],[78.37236,13.37846],[78.37878,13.38365],[78.38168,13.39698],[78.38106,13.40882],[78.37922,13.41483],[78.38075,13.41887],[78.37744,13.42403],[78.37751,13.43188],[78.3756,13.43738],[78.3764,13.43945],[78.37897,13.44007],[78.37836,13.44372],[78.37573,13.44389],[78.37285,13.45214],[78.37456,13.46195],[78.37236,13.46335],[78.37082,13.46952],[78.37879,13.48204],[78.37805,13.50017],[78.37485,13.5027],[78.37685,13.50524],[78.37532,13.50895],[78.38552,13.51556],[78.38411,13.5249],[78.39364,13.54063],[78.39313,13.55256],[78.40667,13.57686],[78.40155,13.5785],[78.402,13.58797],[78.39617,13.58817],[78.39346,13.59066],[78.38429,13.59186],[78.36531,13.58951],[78.36493,13.58808],[78.36124,13.58899],[78.34863,13.58687],[78.34657,13.5905],[78.32617,13.59484],[78.31496,13.59142],[78.30773,13.59222],[78.27048,13.58815],[78.2586,13.58301],[78.25804,13.58569],[78.24929,13.59088],[78.24369,13.59684],[78.24211,13.59565],[78.23973,13.59739]]]}},{"type":"Feature","id":"KA-543","properties":{"districtCode":"KA-543","lgdCode":"543","districtName":"Koppal","stateCode":"KA","stateLgdCode":"29","sourceName":"Koppal"},"geometry":{"type":"Polygon","coordinates":[[[76.05797,16.01159],[76.05663,16.01181],[76.0566,16.00561],[76.05238,16.00575],[76.05212,16.00328],[76.02161,16.00918],[76.01768,16.00339],[76.01298,16.0035],[76.01214,16.00213],[75.98964,16.00524],[75.98968,15.9993],[75.98706,15.99595],[75.97371,15.98694],[75.97584,15.96145],[75.97432,15.95242],[75.97765,15.95152],[75.97629,15.94305],[75.97675,15.92995],[75.97413,15.92252],[75.9767,15.90043],[75.97529,15.89669],[75.97876,15.88167],[75.97904,15.87333],[75.97819,15.86877],[75.97364,15.86145],[75.96634,15.85919],[75.96342,15.86545],[75.94441,15.86693],[75.9415,15.8745],[75.92829,15.87564],[75.92871,15.88246],[75.92589,15.88659],[75.92707,15.89501],[75.91404,15.91241],[75.90169,15.92353],[75.90278,15.91819],[75.8915,15.91626],[75.88325,15.92384],[75.87852,15.93144],[75.87663,15.93211],[75.8673,15.93199],[75.85319,15.93557],[75.8471,15.93433],[75.84331,15.93101],[75.83953,15.93094],[75.83651,15.92565],[75.83067,15.9251],[75.82824,15.92709],[75.82574,15.9271],[75.8108,15.92532],[75.8114,15.92366],[75.79074,15.92303],[75.78852,15.92502],[75.77616,15.91825],[75.77524,15.91412],[75.77886,15.9075],[75.77798,15.90461],[75.77417,15.90418],[75.77353,15.90258],[75.77831,15.90015],[75.77907,15.8974],[75.79787,15.89672],[75.81033,15.8937],[75.81187,15.89992],[75.82733,15.90035],[75.8296,15.89644],[75.82971,15.88677],[75.83232,15.88681],[75.83523,15.8823],[75.83375,15.87813],[75.83183,15.87814],[75.83289,15.87582],[75.82801,15.86652],[75.83198,15.86494],[75.83822,15.86497],[75.84006,15.87182],[75.84873,15.87193],[75.84829,15.86277],[75.84996,15.86046],[75.84627,15.83942],[75.87195,15.82914],[75.90058,15.81094],[75.90777,15.80883],[75.92895,15.79093],[75.93848,15.79078],[75.96095,15.78383],[75.96381,15.7946],[75.96741,15.79426],[75.9762,15.80026],[75.98445,15.80242],[75.98834,15.80156],[75.99059,15.78679],[75.99454,15.78071],[76.00984,15.78394],[76.01236,15.77961],[76.01893,15.77893],[76.01988,15.77569],[76.02897,15.77311],[76.03362,15.77025],[76.03886,15.77083],[76.03948,15.76836],[76.04043,15.76316],[76.03778,15.76107],[76.03685,15.75749],[76.03478,15.75661],[76.03473,15.75464],[76.03991,15.75384],[76.04001,15.74764],[76.03728,15.73689],[76.04349,15.73654],[76.04506,15.72546],[76.04156,15.7183],[76.03021,15.71491],[76.02319,15.70927],[76.01902,15.71499],[76.0049,15.71553],[76.0042,15.71161],[75.99957,15.70839],[75.99282,15.70618],[75.98443,15.69377],[75.98369,15.68979],[75.98825,15.68817],[75.98427,15.68114],[75.98334,15.66724],[75.98629,15.66954],[75.99009,15.66983],[75.995,15.6779],[76.01416,15.68018],[76.01644,15.67847],[76.01613,15.67312],[76.01121,15.66236],[75.98122,15.66366],[75.9767,15.66245],[75.96799,15.66424],[75.96758,15.66912],[75.96624,15.66965],[75.967,15.67888],[75.96127,15.67588],[75.9436,15.67636],[75.94009,15.6824],[75.94033,15.69322],[75.92588,15.69232],[75.91542,15.6977],[75.91521,15.70438],[75.92142,15.72611],[75.91037,15.7317],[75.91057,15.74443],[75.89739,15.75046],[75.89271,15.73841],[75.88308,15.73749],[75.8887,15.72867],[75.89105,15.7284],[75.88694,15.71685],[75.87101,15.7144],[75.87104,15.67261],[75.88357,15.6716],[75.88746,15.66827],[75.88851,15.65027],[75.88575,15.63373],[75.89469,15.63241],[75.89395,15.6254],[75.89837,15.62484],[75.89933,15.62003],[75.8975,15.60708],[75.89459,15.60697],[75.89455,15.6033],[75.88215,15.60032],[75.88241,15.59704],[75.87913,15.59652],[75.87876,15.59913],[75.86682,15.59602],[75.86842,15.58234],[75.8677,15.56072],[75.86024,15.51376],[75.85049,15.5158],[75.84946,15.51232],[75.83278,15.51007],[75.83134,15.50675],[75.8191,15.50786],[75.82403,15.49571],[75.81487,15.49548],[75.81574,15.48691],[75.80956,15.4867],[75.81051,15.47539],[75.81154,15.47533],[75.81289,15.46754],[75.81871,15.46858],[75.81923,15.45621],[75.82376,15.45173],[75.82998,15.44818],[75.83652,15.44732],[75.83987,15.44273],[75.84774,15.44455],[75.85255,15.44351],[75.85893,15.44416],[75.85892,15.4239],[75.86535,15.42374],[75.86576,15.40782],[75.88439,15.40881],[75.90399,15.4029],[75.90121,15.37568],[75.90278,15.35439],[75.88737,15.35317],[75.889,15.33704],[75.89094,15.33641],[75.89236,15.3279],[75.89121,15.32559],[75.89328,15.31857],[75.8899,15.31148],[75.88997,15.29929],[75.88879,15.2973],[75.89016,15.2949],[75.88868,15.2904],[75.89393,15.28038],[75.89921,15.2766],[75.89475,15.27333],[75.89868,15.25724],[75.89999,15.24529],[75.90287,15.24328],[75.90324,15.23941],[75.91171,15.2405],[75.92445,15.20586],[75.92621,15.19536],[75.92471,15.18267],[75.94,15.17534],[75.94822,15.17307],[75.95165,15.13766],[75.96418,15.14177],[75.97217,15.14976],[75.97848,15.15277],[75.98755,15.15085],[75.99541,15.14674],[76.00608,15.14916],[76.02137,15.14355],[76.02718,15.14276],[76.04332,15.14474],[76.05684,15.15696],[76.08339,15.15949],[76.09372,15.16276],[76.10343,15.16838],[76.10577,15.18465],[76.10844,15.19351],[76.1117,15.19862],[76.1182,15.20234],[76.12504,15.20336],[76.15283,15.1955],[76.15589,15.19583],[76.15911,15.19808],[76.16019,15.20082],[76.15746,15.21013],[76.15986,15.21491],[76.17398,15.22742],[76.18133,15.23268],[76.18746,15.23502],[76.21358,15.23238],[76.22752,15.23269],[76.23116,15.2313],[76.23264,15.22776],[76.21777,15.2017],[76.21884,15.19659],[76.22316,15.192],[76.22966,15.18845],[76.249,15.19074],[76.25494,15.19707],[76.25715,15.20627],[76.26822,15.20661],[76.27525,15.21293],[76.29133,15.22304],[76.29151,15.23223],[76.30093,15.24258],[76.30034,15.25106],[76.30284,15.2557],[76.31482,15.26288],[76.31967,15.2644],[76.3229,15.26503],[76.33242,15.26242],[76.33365,15.26363],[76.34053,15.27599],[76.34663,15.2977],[76.34953,15.3027],[76.35069,15.31042],[76.35777,15.32333],[76.364,15.3284],[76.38891,15.33083],[76.40458,15.32568],[76.4318,15.33915],[76.4506,15.33923],[76.46025,15.34436],[76.46816,15.34346],[76.47178,15.34438],[76.47715,15.34952],[76.48023,15.34928],[76.48781,15.34503],[76.49332,15.34497],[76.49897,15.35113],[76.51291,15.35923],[76.54863,15.3869],[76.55497,15.39666],[76.5718,15.40127],[76.59233,15.41302],[76.59464,15.41706],[76.59607,15.42543],[76.61227,15.44283],[76.63989,15.44414],[76.66599,15.44984],[76.67136,15.45306],[76.68393,15.47175],[76.70899,15.48855],[76.72646,15.49257],[76.74145,15.49089],[76.75171,15.49279],[76.76448,15.49155],[76.78012,15.49285],[76.79697,15.50106],[76.81154,15.5137],[76.81255,15.51689],[76.80785,15.52428],[76.81062,15.53456],[76.81072,15.54744],[76.79904,15.55075],[76.79438,15.55391],[76.78613,15.55646],[76.77836,15.55711],[76.75885,15.5669],[76.75583,15.57091],[76.75534,15.5832],[76.75347,15.58791],[76.73822,15.59279],[76.72129,15.5913],[76.70089,15.59449],[76.7003,15.59102],[76.68877,15.59584],[76.69081,15.60126],[76.68546,15.606],[76.68017,15.60662],[76.67957,15.61269],[76.6804,15.62704],[76.69356,15.62464],[76.69388,15.63418],[76.69058,15.64817],[76.68673,15.64756],[76.68011,15.64395],[76.67694,15.64068],[76.67423,15.64124],[76.6702,15.6389],[76.67181,15.65822],[76.65343,15.6603],[76.65386,15.66571],[76.63062,15.67035],[76.61593,15.66999],[76.59945,15.67394],[76.59698,15.69963],[76.58604,15.69755],[76.56184,15.70567],[76.56141,15.70311],[76.55298,15.69986],[76.54151,15.69872],[76.54433,15.70338],[76.53995,15.70414],[76.53564,15.70353],[76.5357,15.6989],[76.53187,15.69924],[76.52885,15.70032],[76.52611,15.70746],[76.51752,15.71287],[76.5148,15.71037],[76.51465,15.71432],[76.51035,15.71674],[76.50499,15.71539],[76.49149,15.70746],[76.48988,15.71108],[76.49051,15.71338],[76.48489,15.71423],[76.48219,15.71922],[76.47597,15.72046],[76.4672,15.72569],[76.45638,15.72877],[76.44723,15.73425],[76.44322,15.7382],[76.44742,15.74402],[76.43911,15.74995],[76.43821,15.7621],[76.43949,15.78443],[76.43341,15.78702],[76.4305,15.78535],[76.42217,15.78557],[76.42195,15.79092],[76.41514,15.79157],[76.41297,15.79673],[76.41321,15.80445],[76.41763,15.80654],[76.42045,15.80533],[76.42254,15.80937],[76.42229,15.81197],[76.42508,15.81284],[76.42682,15.81581],[76.43792,15.82472],[76.44218,15.82404],[76.44565,15.83225],[76.44499,15.8335],[76.44885,15.83642],[76.45146,15.84592],[76.45118,15.84895],[76.44785,15.85376],[76.43286,15.85829],[76.42127,15.86558],[76.41818,15.86893],[76.41895,15.87114],[76.42172,15.87248],[76.4242,15.87989],[76.42461,15.88842],[76.42681,15.89031],[76.41789,15.89535],[76.40374,15.89939],[76.40369,15.90206],[76.37509,15.90222],[76.37353,15.9174],[76.37001,15.9128],[76.36414,15.91238],[76.35917,15.90969],[76.35345,15.90277],[76.35874,15.90139],[76.35737,15.88207],[76.35882,15.88174],[76.35544,15.86459],[76.35318,15.86596],[76.3512,15.86371],[76.33786,15.87177],[76.34241,15.87819],[76.34521,15.88716],[76.34485,15.90048],[76.33387,15.90548],[76.32284,15.90312],[76.31598,15.90498],[76.31436,15.90284],[76.31505,15.8966],[76.31358,15.89471],[76.30561,15.89319],[76.30064,15.89566],[76.29073,15.89227],[76.28535,15.90271],[76.2761,15.90381],[76.27757,15.9094],[76.27597,15.91047],[76.27438,15.9105],[76.27157,15.90498],[76.26208,15.90667],[76.26138,15.91482],[76.25726,15.91538],[76.25689,15.92277],[76.22994,15.92322],[76.22655,15.94087],[76.20038,15.94381],[76.20105,15.93829],[76.19966,15.93512],[76.19679,15.93472],[76.19488,15.93248],[76.18996,15.93168],[76.17233,15.9316],[76.17201,15.92467],[76.16432,15.92132],[76.16052,15.92122],[76.15697,15.91607],[76.15397,15.91481],[76.14524,15.89531],[76.13918,15.89424],[76.13304,15.89525],[76.12536,15.89367],[76.11723,15.88634],[76.10301,15.89391],[76.10117,15.90055],[76.07059,15.90265],[76.05817,15.90737],[76.06071,15.90999],[76.06272,15.91547],[76.06262,15.91985],[76.07082,15.94845],[76.07259,15.96525],[76.07811,15.97582],[76.08446,15.99615],[76.08373,16.001],[76.07878,16.01079],[76.05797,16.01159]]]}},{"type":"Feature","id":"KA-544","properties":{"districtCode":"KA-544","lgdCode":"544","districtName":"Mandya","stateCode":"KA","stateLgdCode":"29","sourceName":"Mandya"},"geometry":{"type":"MultiPolygon","coordinates":[[[[76.97613,12.25438],[76.98236,12.25452],[76.98574,12.26062],[76.98199,12.27023],[76.97943,12.27249],[76.96957,12.27498],[76.96909,12.25857],[76.97043,12.25824],[76.97205,12.25339],[76.97495,12.25278],[76.97613,12.25438]]],[[[76.91721,12.38181],[76.91116,12.38346],[76.90996,12.37488],[76.90272,12.37575],[76.89896,12.37372],[76.89828,12.3567],[76.90257,12.35701],[76.90323,12.3555],[76.90945,12.356],[76.90927,12.35202],[76.91102,12.35207],[76.91319,12.3526],[76.91366,12.35797],[76.92011,12.35906],[76.91753,12.36728],[76.92219,12.3736],[76.9229,12.38208],[76.91721,12.38181]]],[[[76.68323,13.04568],[76.68036,13.04767],[76.67722,13.0538],[76.67279,13.05534],[76.65949,13.02017],[76.65844,13.02032],[76.65758,13.01326],[76.65256,13.00726],[76.64814,13.00716],[76.6465,13.009],[76.64073,13.00949],[76.63691,13.00845],[76.63224,13.00417],[76.62983,12.99429],[76.63228,12.99336],[76.63376,12.984],[76.63357,12.98126],[76.63119,12.98157],[76.63176,12.97336],[76.62925,12.97279],[76.62215,12.96581],[76.61182,12.96529],[76.61198,12.95891],[76.61745,12.95509],[76.61803,12.94556],[76.61621,12.93711],[76.606,12.93858],[76.60314,12.92295],[76.59924,12.92364],[76.59653,12.92115],[76.59624,12.9172],[76.59955,12.90467],[76.59826,12.90072],[76.59581,12.89933],[76.59104,12.89085],[76.59649,12.88094],[76.5832,12.87299],[76.57911,12.87314],[76.57999,12.87152],[76.5752,12.86592],[76.57719,12.86105],[76.57772,12.84693],[76.57229,12.84488],[76.55407,12.84533],[76.54663,12.84018],[76.54096,12.84129],[76.53552,12.84425],[76.52953,12.84109],[76.52053,12.84136],[76.51749,12.83376],[76.51828,12.82634],[76.5146,12.82549],[76.51002,12.82216],[76.5029,12.82195],[76.49307,12.8116],[76.49011,12.80643],[76.49389,12.80547],[76.49436,12.8027],[76.49059,12.78857],[76.49437,12.78267],[76.49978,12.7803],[76.4994,12.77231],[76.49285,12.76723],[76.49011,12.77306],[76.49164,12.77969],[76.48961,12.78576],[76.47817,12.78063],[76.47812,12.7728],[76.47479,12.77169],[76.46981,12.77297],[76.46527,12.77687],[76.4585,12.77736],[76.45504,12.78102],[76.45757,12.78884],[76.46175,12.78919],[76.46592,12.79327],[76.46832,12.7935],[76.46933,12.79727],[76.47129,12.79743],[76.47139,12.79873],[76.46907,12.79969],[76.46951,12.8024],[76.46429,12.80602],[76.46246,12.80296],[76.45798,12.80447],[76.45673,12.80836],[76.45088,12.81186],[76.44742,12.81893],[76.44608,12.81889],[76.44593,12.82333],[76.42532,12.82498],[76.42014,12.84171],[76.42127,12.84532],[76.42516,12.8454],[76.42655,12.85037],[76.42532,12.85792],[76.41764,12.8582],[76.41564,12.86329],[76.41357,12.86443],[76.4072,12.865],[76.40853,12.84402],[76.40414,12.8466],[76.40238,12.84571],[76.39694,12.8475],[76.39053,12.8445],[76.38617,12.84512],[76.38549,12.84351],[76.38771,12.84146],[76.38288,12.83111],[76.37745,12.82808],[76.37479,12.83153],[76.36945,12.82864],[76.36696,12.8243],[76.37082,12.81427],[76.36829,12.80904],[76.34901,12.80929],[76.34467,12.8116],[76.33443,12.81254],[76.33182,12.81195],[76.32992,12.80756],[76.33024,12.7997],[76.33477,12.78719],[76.33847,12.78595],[76.34833,12.78689],[76.3496,12.78558],[76.34763,12.78033],[76.34999,12.77443],[76.34962,12.77087],[76.34325,12.76698],[76.34252,12.76167],[76.35284,12.75123],[76.35709,12.75003],[76.35528,12.74384],[76.35123,12.74254],[76.34812,12.74445],[76.34408,12.7423],[76.34567,12.73754],[76.34131,12.73204],[76.34327,12.72992],[76.34504,12.72145],[76.3479,12.716],[76.35493,12.71088],[76.36152,12.71183],[76.36284,12.70594],[76.36184,12.69301],[76.35919,12.69222],[76.36003,12.68687],[76.35374,12.68521],[76.35345,12.67237],[76.35217,12.67246],[76.35288,12.66796],[76.34749,12.66795],[76.34191,12.65935],[76.34198,12.65568],[76.35161,12.65071],[76.35219,12.63973],[76.36258,12.6286],[76.36348,12.60767],[76.36995,12.60613],[76.36896,12.60338],[76.37273,12.59716],[76.37675,12.57657],[76.39615,12.57332],[76.39743,12.56903],[76.3912,12.56542],[76.38886,12.56052],[76.38831,12.55805],[76.39085,12.55184],[76.40296,12.55296],[76.41129,12.55788],[76.41478,12.54855],[76.41935,12.54529],[76.42766,12.54226],[76.42737,12.53885],[76.42475,12.53873],[76.42276,12.53257],[76.4302,12.52766],[76.43551,12.52163],[76.43812,12.51098],[76.44277,12.50649],[76.44929,12.50905],[76.45216,12.50538],[76.44884,12.49734],[76.44946,12.48736],[76.45174,12.4836],[76.46395,12.47562],[76.47676,12.47313],[76.48841,12.46782],[76.49525,12.46187],[76.49903,12.45318],[76.50191,12.45147],[76.50699,12.45357],[76.51038,12.45334],[76.53177,12.44165],[76.54807,12.4397],[76.55419,12.43318],[76.56733,12.42595],[76.56535,12.39909],[76.55829,12.40007],[76.55505,12.39188],[76.55923,12.38996],[76.56029,12.38375],[76.56623,12.38173],[76.56371,12.37126],[76.56016,12.36473],[76.56477,12.35148],[76.57117,12.34928],[76.57165,12.34797],[76.57563,12.34832],[76.59203,12.35595],[76.58971,12.35852],[76.59009,12.36159],[76.5929,12.36209],[76.59499,12.36567],[76.59727,12.36512],[76.59856,12.36669],[76.60795,12.36781],[76.61198,12.36661],[76.62201,12.36756],[76.62485,12.36928],[76.62688,12.37786],[76.64077,12.38489],[76.64347,12.39516],[76.64858,12.39692],[76.65508,12.39564],[76.66308,12.38668],[76.66837,12.38711],[76.66872,12.38926],[76.67319,12.39085],[76.68278,12.39107],[76.68137,12.38644],[76.68282,12.38558],[76.68316,12.38289],[76.68615,12.38238],[76.68137,12.37156],[76.68187,12.36686],[76.68328,12.36556],[76.6875,12.36639],[76.68863,12.36433],[76.69016,12.36452],[76.69192,12.35876],[76.69408,12.35789],[76.70019,12.35059],[76.71333,12.3552],[76.715,12.35732],[76.71897,12.35656],[76.71767,12.3516],[76.72178,12.35034],[76.72267,12.34816],[76.72584,12.34562],[76.72839,12.34534],[76.73053,12.34252],[76.73014,12.33846],[76.73151,12.33658],[76.73209,12.33029],[76.73166,12.31649],[76.73707,12.32113],[76.74342,12.31817],[76.74488,12.31049],[76.75283,12.30197],[76.75399,12.30212],[76.75556,12.30417],[76.75905,12.30387],[76.75933,12.30656],[76.76388,12.31173],[76.76313,12.31655],[76.76432,12.32417],[76.76174,12.34127],[76.7655,12.34564],[76.76568,12.3504],[76.7778,12.35235],[76.78146,12.35149],[76.78236,12.34672],[76.78976,12.34706],[76.79526,12.35464],[76.80077,12.35594],[76.80282,12.35503],[76.80281,12.36736],[76.80658,12.35991],[76.80867,12.36014],[76.81142,12.36293],[76.8147,12.38698],[76.82815,12.38859],[76.83324,12.38452],[76.83422,12.39585],[76.83021,12.40028],[76.8324,12.40252],[76.8483,12.40321],[76.85267,12.40866],[76.85437,12.40867],[76.86166,12.40626],[76.86197,12.39974],[76.87759,12.39974],[76.88077,12.40051],[76.87973,12.40442],[76.88093,12.40516],[76.89602,12.40904],[76.90028,12.40887],[76.89861,12.41485],[76.90037,12.41682],[76.90012,12.41978],[76.90636,12.42245],[76.90392,12.4244],[76.90345,12.42676],[76.90492,12.43668],[76.91321,12.44016],[76.91743,12.43966],[76.91853,12.44139],[76.92242,12.4418],[76.92778,12.42943],[76.9274,12.42362],[76.92536,12.42183],[76.9243,12.42247],[76.92445,12.42105],[76.93062,12.41385],[76.93242,12.40845],[76.93766,12.40034],[76.93649,12.39264],[76.9368,12.36943],[76.93901,12.3526],[76.92422,12.35312],[76.92344,12.34954],[76.92532,12.34412],[76.9269,12.34326],[76.92829,12.33913],[76.93189,12.33817],[76.92758,12.32575],[76.92192,12.32165],[76.92807,12.32264],[76.93042,12.3248],[76.93344,12.32479],[76.93349,12.32368],[76.94108,12.32695],[76.94223,12.32876],[76.94802,12.33043],[76.95324,12.32926],[76.95449,12.32638],[76.95766,12.32691],[76.95953,12.33651],[76.95634,12.35233],[76.95906,12.3528],[76.95893,12.35566],[76.97118,12.35243],[76.97688,12.35275],[76.97779,12.33207],[76.97683,12.32771],[76.98166,12.327],[76.98657,12.33345],[76.98716,12.31942],[76.99139,12.31617],[76.99136,12.31363],[76.99793,12.31305],[76.99301,12.30058],[76.98741,12.3008],[76.98389,12.30472],[76.98039,12.30589],[76.98078,12.30712],[76.97697,12.30711],[76.97299,12.29767],[76.97167,12.29031],[76.982,12.28561],[76.98622,12.28506],[76.98847,12.28703],[76.99073,12.28698],[76.98959,12.25611],[76.9938,12.25181],[76.9938,12.2456],[76.99528,12.24217],[77.00999,12.2447],[77.01318,12.24411],[77.02554,12.23983],[77.03625,12.23223],[77.03717,12.23404],[77.04715,12.23367],[77.04995,12.2386],[77.05558,12.23891],[77.06462,12.23289],[77.06922,12.23506],[77.06931,12.237],[77.07874,12.23649],[77.07785,12.22125],[77.07968,12.2211],[77.08108,12.22314],[77.08834,12.21791],[77.10617,12.22055],[77.10647,12.23407],[77.10852,12.2408],[77.11362,12.24037],[77.12406,12.24268],[77.12654,12.2467],[77.12965,12.24866],[77.14492,12.24985],[77.14806,12.25128],[77.15203,12.25602],[77.16295,12.25634],[77.17004,12.25976],[77.16462,12.28084],[77.16597,12.28319],[77.16999,12.28503],[77.16853,12.29413],[77.16984,12.30064],[77.16714,12.30594],[77.16678,12.31018],[77.17333,12.30914],[77.17893,12.31052],[77.19104,12.30763],[77.21038,12.30727],[77.21762,12.30861],[77.22096,12.30463],[77.22513,12.30337],[77.23681,12.31021],[77.24888,12.30832],[77.26796,12.31406],[77.28395,12.30676],[77.28661,12.30423],[77.29516,12.30289],[77.30275,12.2987],[77.3076,12.29941],[77.31614,12.3057],[77.3253,12.30795],[77.32269,12.31274],[77.32507,12.32647],[77.3338,12.35418],[77.33057,12.36213],[77.31337,12.39237],[77.30158,12.39083],[77.28593,12.39307],[77.28435,12.40676],[77.28181,12.4072],[77.28172,12.40924],[77.28407,12.40919],[77.28179,12.42081],[77.28598,12.42084],[77.28521,12.42868],[77.27515,12.43035],[77.27333,12.42955],[77.27004,12.43398],[77.27479,12.43963],[77.26915,12.4648],[77.26432,12.46162],[77.25761,12.4635],[77.25422,12.47032],[77.24517,12.46796],[77.24341,12.47002],[77.23619,12.47],[77.23517,12.48342],[77.22979,12.48367],[77.22962,12.47978],[77.22721,12.4795],[77.22546,12.47443],[77.2258,12.48948],[77.23596,12.48633],[77.2386,12.4894],[77.23781,12.4999],[77.22409,12.50258],[77.22396,12.49548],[77.22224,12.49154],[77.21655,12.49224],[77.21327,12.48507],[77.2058,12.48519],[77.20591,12.49056],[77.20016,12.49054],[77.19783,12.48325],[77.19484,12.48372],[77.19299,12.48192],[77.17819,12.47932],[77.17578,12.4803],[77.17585,12.48257],[77.16812,12.48527],[77.16476,12.47503],[77.15777,12.4755],[77.15069,12.46474],[77.14719,12.46204],[77.14141,12.46318],[77.13797,12.4662],[77.13442,12.47187],[77.13304,12.4792],[77.12538,12.48024],[77.12391,12.4844],[77.13062,12.4977],[77.12991,12.50955],[77.1317,12.51865],[77.12504,12.52328],[77.12729,12.5318],[77.12529,12.53541],[77.12065,12.54114],[77.11454,12.54301],[77.11448,12.55332],[77.11682,12.5553],[77.12005,12.55561],[77.1278,12.55335],[77.12848,12.56995],[77.12346,12.57362],[77.11694,12.58197],[77.1142,12.59646],[77.10998,12.59668],[77.1081,12.60842],[77.11104,12.61617],[77.1225,12.61949],[77.12236,12.62365],[77.11903,12.62725],[77.11676,12.6273],[77.11672,12.62871],[77.10466,12.62766],[77.1032,12.63048],[77.10037,12.63049],[77.09922,12.67332],[77.09752,12.67551],[77.08029,12.67623],[77.07368,12.68069],[77.07569,12.68489],[77.07375,12.68506],[77.07285,12.68949],[77.07281,12.70418],[77.07648,12.71263],[77.07772,12.72156],[77.07925,12.72207],[77.08139,12.73141],[77.0801,12.73367],[77.08376,12.74122],[77.08052,12.74645],[77.0767,12.74554],[77.07238,12.75042],[77.0718,12.75382],[77.06736,12.75831],[77.06093,12.75576],[77.05922,12.75181],[77.05629,12.75233],[77.04887,12.74742],[77.05031,12.75064],[77.04699,12.75969],[77.04688,12.76536],[77.04486,12.76939],[77.04362,12.77807],[77.03447,12.76883],[77.02589,12.76672],[77.02524,12.76312],[77.00918,12.76431],[77.0064,12.77272],[77.00962,12.78243],[76.99827,12.77591],[76.99086,12.78627],[76.98359,12.78995],[76.98337,12.79296],[76.97724,12.79263],[76.97565,12.79101],[76.97284,12.79919],[76.97307,12.80354],[76.95632,12.80411],[76.95067,12.80154],[76.94499,12.805],[76.9413,12.80561],[76.93285,12.80048],[76.92898,12.80333],[76.92455,12.804],[76.92139,12.80832],[76.92014,12.81345],[76.91821,12.81501],[76.91884,12.81796],[76.90578,12.82835],[76.90527,12.83494],[76.90164,12.83861],[76.90018,12.84479],[76.8967,12.84676],[76.89227,12.8471],[76.89446,12.8739],[76.8927,12.88353],[76.8894,12.89191],[76.88915,12.89742],[76.87317,12.89711],[76.87288,12.89945],[76.87078,12.89915],[76.86548,12.90499],[76.86455,12.91347],[76.86719,12.91863],[76.87494,12.91848],[76.88071,12.9196],[76.88048,12.92099],[76.89025,12.91862],[76.89621,12.92049],[76.89285,12.92422],[76.89149,12.9326],[76.88836,12.93511],[76.88439,12.93511],[76.87025,12.92934],[76.86261,12.92789],[76.86246,12.93466],[76.85712,12.93772],[76.84968,12.93833],[76.84868,12.94409],[76.8396,12.94581],[76.84178,12.95636],[76.84166,12.9651],[76.84019,12.96722],[76.83968,12.97348],[76.85047,12.97345],[76.85288,12.97865],[76.84534,12.98424],[76.84426,12.98753],[76.82746,12.99875],[76.83019,13.00064],[76.82965,13.0022],[76.81984,13.00502],[76.81469,13.01371],[76.80753,13.01218],[76.79486,13.01511],[76.78584,13.01526],[76.78311,13.0294],[76.77167,13.03436],[76.75915,13.03679],[76.75743,13.03523],[76.75781,13.03682],[76.75541,13.03731],[76.75095,13.03582],[76.72528,13.04124],[76.70869,13.03977],[76.7021,13.04146],[76.69352,13.03671],[76.68822,13.0413],[76.68659,13.04445],[76.68323,13.04568]]]]}},{"type":"Feature","id":"KA-545","properties":{"districtCode":"KA-545","lgdCode":"545","districtName":"Mysuru","stateCode":"KA","stateLgdCode":"29","sourceName":"Mysuru"},"geometry":{"type":"Polygon","coordinates":[[[76.36356,12.61098],[76.36258,12.6286],[76.35219,12.63973],[76.35161,12.65071],[76.34198,12.65568],[76.33809,12.65322],[76.3381,12.64645],[76.33242,12.64467],[76.32349,12.63506],[76.32379,12.63264],[76.32842,12.62665],[76.32836,12.61475],[76.32659,12.61094],[76.32128,12.61219],[76.30632,12.61039],[76.30977,12.62247],[76.30517,12.62508],[76.30426,12.62184],[76.30147,12.62193],[76.30034,12.62915],[76.29255,12.62629],[76.29059,12.61656],[76.28642,12.61553],[76.28027,12.61665],[76.27929,12.62543],[76.28214,12.62978],[76.27956,12.63114],[76.27982,12.63371],[76.26542,12.62885],[76.26733,12.6232],[76.26493,12.61929],[76.25747,12.62219],[76.25667,12.62042],[76.25455,12.62028],[76.25333,12.62376],[76.24578,12.62593],[76.24674,12.63591],[76.24569,12.63695],[76.23976,12.63804],[76.2319,12.64354],[76.21913,12.64427],[76.20936,12.63678],[76.20573,12.62896],[76.21345,12.62791],[76.21591,12.6248],[76.21543,12.62166],[76.21229,12.61663],[76.20544,12.61688],[76.20098,12.6103],[76.20058,12.60539],[76.19199,12.59411],[76.19213,12.58746],[76.1965,12.5773],[76.1837,12.57736],[76.18213,12.57665],[76.18207,12.57495],[76.16853,12.58043],[76.15908,12.57862],[76.15237,12.57957],[76.14927,12.57463],[76.14807,12.56622],[76.15242,12.56592],[76.15773,12.56279],[76.15319,12.55737],[76.14968,12.54927],[76.15132,12.54715],[76.14261,12.54522],[76.14089,12.53662],[76.13863,12.53824],[76.13442,12.53698],[76.13335,12.52874],[76.11685,12.52884],[76.11418,12.52695],[76.11891,12.51876],[76.11532,12.5166],[76.11532,12.51282],[76.11189,12.51244],[76.11002,12.51799],[76.10607,12.51734],[76.10456,12.52235],[76.10317,12.52191],[76.10161,12.52585],[76.10325,12.52908],[76.09941,12.52807],[76.09796,12.52894],[76.09726,12.53256],[76.09314,12.53335],[76.0924,12.53562],[76.09025,12.53538],[76.08858,12.53833],[76.08616,12.5388],[76.08844,12.54206],[76.09095,12.54282],[76.09065,12.54564],[76.08961,12.54419],[76.0871,12.54613],[76.08549,12.54372],[76.07492,12.54802],[76.07448,12.55007],[76.07105,12.54922],[76.07058,12.55585],[76.06754,12.55727],[76.0565,12.5559],[76.05413,12.55363],[76.05207,12.5542],[76.0487,12.55951],[76.04939,12.56337],[76.04556,12.57696],[76.03422,12.57346],[76.03363,12.57573],[76.03148,12.57633],[76.02967,12.57512],[76.02173,12.57687],[76.01906,12.57159],[76.01881,12.56691],[76.01184,12.56077],[76.01246,12.5542],[76.00761,12.55529],[75.99645,12.56263],[75.99126,12.56145],[75.99087,12.55613],[75.998,12.55135],[75.9989,12.54742],[75.99492,12.54104],[75.98667,12.54505],[75.98465,12.54436],[75.9834,12.54043],[75.99344,12.52964],[75.99394,12.5221],[75.9862,12.51973],[75.97665,12.52063],[75.97462,12.51875],[75.97253,12.51185],[75.96413,12.50927],[75.96162,12.5054],[75.96196,12.49783],[75.95816,12.48986],[75.96056,12.48434],[75.96464,12.4846],[75.96643,12.48313],[75.96665,12.47822],[75.96376,12.47563],[75.96405,12.47427],[75.96798,12.47111],[75.97161,12.47083],[75.96694,12.46451],[75.96767,12.45663],[75.97164,12.45098],[75.97118,12.44938],[75.96652,12.44728],[75.96043,12.45145],[75.94899,12.44994],[75.93927,12.44502],[75.93492,12.44086],[75.92905,12.43951],[75.92217,12.42953],[75.9234,12.42335],[75.922,12.42054],[75.9153,12.40953],[75.91135,12.40716],[75.90868,12.39946],[75.91313,12.38558],[75.91618,12.3883],[75.93232,12.38229],[75.93761,12.37236],[75.95374,12.35187],[75.95685,12.35007],[75.96049,12.34387],[75.97047,12.34557],[75.97508,12.34223],[75.98172,12.34245],[75.9932,12.33609],[75.99636,12.3315],[76.00109,12.33055],[76.00128,12.32898],[75.99445,12.32055],[75.99473,12.31738],[75.99713,12.3163],[75.99909,12.30739],[76.00466,12.30537],[76.01452,12.29225],[76.01465,12.28389],[76.01746,12.27226],[76.01477,12.2711],[76.0151,12.26667],[76.02064,12.25378],[76.02468,12.24882],[76.0254,12.25126],[76.04025,12.25261],[76.05093,12.24847],[76.05187,12.24638],[76.06224,12.24905],[76.07381,12.24009],[76.0745,12.2341],[76.08402,12.22032],[76.09318,12.21366],[76.09519,12.2076],[76.10187,12.19721],[76.11875,12.19066],[76.12925,12.19484],[76.13315,12.19155],[76.13716,12.17381],[76.1415,12.16757],[76.1442,12.15454],[76.14842,12.14867],[76.15001,12.14386],[76.16155,12.13363],[76.16472,12.12596],[76.17094,12.11874],[76.17189,12.10625],[76.17659,12.09937],[76.17496,12.08231],[76.17578,12.07611],[76.17869,12.06821],[76.18303,12.06337],[76.18926,12.05004],[76.18278,12.03234],[76.16835,12.02621],[76.16585,12.02634],[76.15204,12.01937],[76.14896,12.0161],[76.14758,12.00981],[76.13913,12.00389],[76.13664,11.99658],[76.12923,11.98847],[76.12829,11.98568],[76.12451,11.98306],[76.11693,11.98269],[76.11236,11.97861],[76.11337,11.89521],[76.11176,11.88736],[76.1149,11.86683],[76.11302,11.85845],[76.11785,11.85719],[76.11704,11.85485],[76.12015,11.85034],[76.13229,11.85387],[76.14608,11.867],[76.1494,11.86642],[76.15603,11.87014],[76.16481,11.86757],[76.1735,11.87121],[76.17881,11.87017],[76.18672,11.87196],[76.19039,11.87121],[76.19838,11.86655],[76.20201,11.86241],[76.20747,11.86154],[76.21026,11.84422],[76.21311,11.84262],[76.21036,11.83465],[76.21118,11.83253],[76.20989,11.82817],[76.21709,11.82157],[76.21848,11.81855],[76.21821,11.81436],[76.22372,11.8082],[76.22935,11.80531],[76.24558,11.80293],[76.25,11.80337],[76.25964,11.80869],[76.27369,11.81063],[76.27687,11.81237],[76.28022,11.81161],[76.28488,11.8003],[76.29024,11.79283],[76.29403,11.79176],[76.30117,11.78563],[76.30558,11.7859],[76.3077,11.78422],[76.31071,11.7673],[76.31362,11.76357],[76.31445,11.75691],[76.31727,11.75213],[76.32915,11.74828],[76.33484,11.74464],[76.33974,11.739],[76.3502,11.74024],[76.35222,11.73819],[76.36282,11.74837],[76.36846,11.74814],[76.37699,11.74454],[76.38395,11.7472],[76.39129,11.75477],[76.3934,11.75503],[76.39864,11.75081],[76.40521,11.75637],[76.41062,11.75887],[76.41426,11.7588],[76.41382,11.76182],[76.41777,11.76775],[76.42156,11.77002],[76.4229,11.77625],[76.41876,11.77609],[76.41417,11.77873],[76.41636,11.78493],[76.41301,11.78794],[76.4164,11.78986],[76.42171,11.78999],[76.42274,11.79211],[76.42143,11.79559],[76.42664,11.79333],[76.42873,11.79547],[76.42523,11.79916],[76.42433,11.80462],[76.42078,11.80285],[76.41221,11.80788],[76.40992,11.81123],[76.41315,11.81189],[76.42084,11.8068],[76.42945,11.80367],[76.44938,11.79946],[76.45803,11.79327],[76.4622,11.79264],[76.46884,11.81912],[76.49279,11.82208],[76.48825,11.84339],[76.48937,11.85699],[76.49115,11.86102],[76.50285,11.86155],[76.53467,11.87322],[76.55367,11.85863],[76.55699,11.89469],[76.56199,11.904],[76.57018,11.90786],[76.5766,11.92352],[76.5703,11.92807],[76.57128,11.94012],[76.55747,11.94887],[76.56976,11.96172],[76.57429,11.9684],[76.57654,11.97504],[76.57825,11.98825],[76.58654,11.98547],[76.59207,11.9873],[76.59598,11.98431],[76.60516,11.99036],[76.61336,11.99156],[76.62861,11.98595],[76.62896,11.98457],[76.63188,11.98356],[76.64278,11.98282],[76.65112,12.00791],[76.67193,12.00602],[76.67332,12.00203],[76.68049,12.00052],[76.69458,12.00042],[76.69507,11.99924],[76.7015,11.99782],[76.7017,11.99155],[76.70439,11.99079],[76.70513,11.98508],[76.71725,11.98493],[76.7192,11.9907],[76.72415,11.99153],[76.72942,11.99054],[76.73191,11.9939],[76.73276,12.00247],[76.73605,12.00312],[76.73663,12.00521],[76.74044,12.00687],[76.74092,12.00927],[76.74623,12.00834],[76.74581,12.00244],[76.75115,11.99989],[76.76666,11.99917],[76.76847,11.99187],[76.78059,11.98774],[76.77988,11.98525],[76.79368,11.98627],[76.79362,11.98885],[76.79722,11.98893],[76.79766,11.9986],[76.79568,12.00124],[76.79539,12.00481],[76.79168,12.00549],[76.79206,12.01071],[76.79529,12.01462],[76.79862,12.01559],[76.79916,12.01741],[76.80594,12.01826],[76.80557,12.0207],[76.81064,12.02171],[76.8117,12.02683],[76.82031,12.02723],[76.8227,12.01776],[76.8213,12.01083],[76.82808,12.00926],[76.82852,12.00756],[76.83264,12.00607],[76.83341,12.00435],[76.83741,12.00359],[76.83646,11.99978],[76.85659,11.99954],[76.85676,12.00245],[76.85828,12.00242],[76.85825,12.00759],[76.87301,12.00545],[76.8831,12.01544],[76.88365,12.00777],[76.88588,12.00124],[76.89297,11.99864],[76.90422,11.99898],[76.91863,12.00734],[76.92367,12.01306],[76.9361,12.0131],[76.93828,12.01768],[76.93884,12.02624],[76.91506,12.02588],[76.9135,12.035],[76.91052,12.03597],[76.91006,12.04108],[76.90461,12.04196],[76.90231,12.04481],[76.90163,12.04304],[76.89933,12.04323],[76.90067,12.04649],[76.8905,12.04899],[76.88961,12.05097],[76.89069,12.05821],[76.88823,12.05832],[76.88739,12.05708],[76.88134,12.05799],[76.86992,12.0553],[76.86831,12.05973],[76.85345,12.05981],[76.85405,12.06218],[76.87004,12.06309],[76.87411,12.07565],[76.88414,12.08254],[76.88204,12.0876],[76.88101,12.09878],[76.87905,12.10055],[76.87967,12.10371],[76.87761,12.10536],[76.87667,12.11518],[76.867,12.11738],[76.85441,12.11616],[76.84768,12.11872],[76.84575,12.11316],[76.84495,12.11926],[76.83742,12.12438],[76.83155,12.13187],[76.83105,12.13535],[76.83298,12.13559],[76.83906,12.145],[76.84106,12.14541],[76.84075,12.15606],[76.85347,12.15944],[76.85053,12.16356],[76.84686,12.16414],[76.84556,12.16742],[76.8459,12.1688],[76.85321,12.17035],[76.85201,12.17926],[76.85549,12.18068],[76.86261,12.1803],[76.86355,12.17652],[76.86591,12.17712],[76.86563,12.1745],[76.87137,12.17396],[76.86983,12.16976],[76.86954,12.16176],[76.8678,12.16178],[76.87104,12.15177],[76.8699,12.14823],[76.87138,12.14127],[76.87397,12.1398],[76.88196,12.12949],[76.89025,12.13083],[76.89094,12.12107],[76.90261,12.12264],[76.90268,12.11627],[76.90632,12.11331],[76.92358,12.11412],[76.92617,12.10912],[76.93043,12.10876],[76.93058,12.1068],[76.93439,12.10575],[76.93723,12.10117],[76.94881,12.09742],[76.94884,12.09876],[76.95201,12.0987],[76.95431,12.1019],[76.97042,12.11254],[76.97083,12.11663],[76.96891,12.11676],[76.96939,12.12288],[76.97586,12.12267],[76.97624,12.13426],[76.97915,12.13428],[76.98022,12.1362],[76.98206,12.13628],[76.98226,12.13825],[76.98643,12.13805],[76.98669,12.14076],[76.98912,12.14044],[76.98939,12.1548],[76.98803,12.16157],[76.99039,12.16247],[76.99002,12.17469],[76.99308,12.17662],[76.99867,12.17714],[76.99748,12.16696],[77.0025,12.16543],[77.00388,12.15987],[77.00691,12.16022],[77.00938,12.16263],[77.01425,12.16323],[77.01333,12.156],[77.01122,12.15357],[77.01165,12.15054],[77.01336,12.15017],[77.01298,12.13733],[77.01556,12.13726],[77.01603,12.13375],[77.03699,12.13919],[77.0398,12.1283],[77.04375,12.13111],[77.04433,12.13566],[77.04573,12.13604],[77.04433,12.14205],[77.04087,12.13967],[77.03953,12.14185],[77.03925,12.14722],[77.03959,12.15052],[77.04589,12.1608],[77.04455,12.16199],[77.04471,12.16918],[77.06143,12.17095],[77.0675,12.17502],[77.07129,12.18023],[77.0846,12.19102],[77.09961,12.19125],[77.1074,12.18979],[77.1141,12.19435],[77.12231,12.19717],[77.12574,12.20312],[77.13191,12.20724],[77.13155,12.21722],[77.13428,12.22663],[77.13247,12.22996],[77.12567,12.23507],[77.12406,12.24268],[77.11362,12.24037],[77.10842,12.24072],[77.10647,12.23407],[77.10617,12.22055],[77.08834,12.21791],[77.08108,12.22314],[77.07968,12.2211],[77.07785,12.22125],[77.07874,12.23649],[77.06931,12.237],[77.06922,12.23506],[77.06462,12.23289],[77.05558,12.23891],[77.04995,12.2386],[77.04715,12.23367],[77.03717,12.23404],[77.03625,12.23223],[77.02554,12.23983],[77.01318,12.24411],[77.00999,12.2447],[76.99528,12.24217],[76.9938,12.2456],[76.9938,12.25181],[76.98959,12.25611],[76.99073,12.28698],[76.98847,12.28703],[76.98622,12.28506],[76.982,12.28561],[76.97167,12.29031],[76.97299,12.29767],[76.97697,12.30711],[76.98078,12.30712],[76.98039,12.30589],[76.98389,12.30472],[76.98741,12.3008],[76.99301,12.30058],[76.99793,12.31305],[76.99136,12.31363],[76.99139,12.31617],[76.98716,12.31942],[76.98657,12.33345],[76.98166,12.327],[76.97683,12.32771],[76.97779,12.33207],[76.97688,12.35275],[76.97118,12.35243],[76.95893,12.35566],[76.95906,12.3528],[76.95634,12.35233],[76.95953,12.33651],[76.95766,12.32691],[76.95449,12.32638],[76.95324,12.32926],[76.94802,12.33043],[76.94223,12.32876],[76.94108,12.32695],[76.93349,12.32368],[76.93344,12.32479],[76.93042,12.3248],[76.92807,12.32264],[76.92192,12.32165],[76.92758,12.32575],[76.93189,12.33817],[76.92829,12.33913],[76.9269,12.34326],[76.92532,12.34412],[76.92344,12.34954],[76.92422,12.35312],[76.93901,12.3526],[76.9368,12.36943],[76.93649,12.39264],[76.93766,12.40034],[76.93242,12.40845],[76.93062,12.41385],[76.92445,12.42105],[76.9243,12.42247],[76.92536,12.42183],[76.9274,12.42362],[76.92778,12.42943],[76.92242,12.4418],[76.91853,12.44139],[76.91743,12.43966],[76.91321,12.44016],[76.90492,12.43668],[76.90345,12.42676],[76.90392,12.4244],[76.90636,12.42245],[76.90012,12.41978],[76.90037,12.41682],[76.89861,12.41485],[76.90028,12.40887],[76.89602,12.40904],[76.88093,12.40516],[76.87973,12.40442],[76.88077,12.40051],[76.87759,12.39974],[76.86197,12.39974],[76.86166,12.40626],[76.85437,12.40867],[76.85267,12.40866],[76.8483,12.40321],[76.8324,12.40252],[76.83021,12.40028],[76.83422,12.39585],[76.83324,12.38452],[76.82815,12.38859],[76.8147,12.38698],[76.81142,12.36293],[76.80867,12.36014],[76.80658,12.35991],[76.80281,12.36736],[76.80282,12.35503],[76.80077,12.35594],[76.79526,12.35464],[76.78976,12.34706],[76.78236,12.34672],[76.78146,12.35149],[76.7778,12.35235],[76.76568,12.3504],[76.7655,12.34564],[76.76174,12.34127],[76.76432,12.32417],[76.76313,12.31655],[76.76388,12.31173],[76.75933,12.30656],[76.75905,12.30387],[76.75556,12.30417],[76.75399,12.30212],[76.75283,12.30197],[76.74488,12.31049],[76.74342,12.31817],[76.73707,12.32113],[76.73166,12.31649],[76.73209,12.33029],[76.73151,12.33658],[76.73014,12.33846],[76.73053,12.34252],[76.72839,12.34534],[76.72584,12.34562],[76.72267,12.34816],[76.72178,12.35034],[76.71767,12.3516],[76.71897,12.35656],[76.715,12.35732],[76.71333,12.3552],[76.70019,12.35059],[76.69408,12.35789],[76.69192,12.35876],[76.69016,12.36452],[76.68863,12.36433],[76.6875,12.36639],[76.68328,12.36556],[76.68187,12.36686],[76.68137,12.37156],[76.68615,12.38238],[76.68316,12.38289],[76.68282,12.38558],[76.68137,12.38644],[76.68278,12.39107],[76.67319,12.39085],[76.66872,12.38926],[76.66837,12.38711],[76.66308,12.38668],[76.65508,12.39564],[76.64858,12.39692],[76.64347,12.39516],[76.64077,12.38489],[76.62688,12.37786],[76.62485,12.36928],[76.62201,12.36756],[76.61198,12.36661],[76.60795,12.36781],[76.59856,12.36669],[76.59727,12.36512],[76.59499,12.36567],[76.5929,12.36209],[76.59009,12.36159],[76.58971,12.35852],[76.59203,12.35595],[76.57412,12.34791],[76.56607,12.35065],[76.56453,12.35187],[76.56507,12.3533],[76.56016,12.36473],[76.56371,12.37126],[76.56623,12.38173],[76.56029,12.38375],[76.55923,12.38996],[76.55505,12.39188],[76.55829,12.40007],[76.56535,12.39909],[76.56733,12.42595],[76.55419,12.43318],[76.54807,12.4397],[76.53177,12.44165],[76.51038,12.45334],[76.50699,12.45357],[76.50191,12.45147],[76.49903,12.45318],[76.49525,12.46187],[76.48841,12.46782],[76.47676,12.47313],[76.46395,12.47562],[76.45174,12.4836],[76.44946,12.48736],[76.44884,12.49734],[76.45216,12.50538],[76.44929,12.50905],[76.44277,12.50649],[76.43812,12.51098],[76.43551,12.52163],[76.4302,12.52766],[76.42276,12.53257],[76.42475,12.53873],[76.42737,12.53885],[76.42766,12.54226],[76.41935,12.54529],[76.41478,12.54855],[76.41129,12.55788],[76.40296,12.55296],[76.39891,12.55316],[76.39652,12.55162],[76.39027,12.55228],[76.38831,12.55805],[76.38886,12.56052],[76.3912,12.56542],[76.39743,12.56903],[76.39615,12.57332],[76.37675,12.57657],[76.37273,12.59716],[76.36896,12.60338],[76.36995,12.60613],[76.36348,12.60767],[76.36356,12.61098]],[[76.97312,12.2529],[76.97049,12.25524],[76.97043,12.25824],[76.96909,12.25857],[76.96957,12.27498],[76.97943,12.27249],[76.98199,12.27023],[76.98574,12.26062],[76.98236,12.25452],[76.97613,12.25438],[76.97596,12.25319],[76.97312,12.2529]],[[76.91319,12.3526],[76.90927,12.35202],[76.90945,12.356],[76.90323,12.3555],[76.90257,12.35701],[76.89828,12.3567],[76.89896,12.37372],[76.90272,12.37575],[76.90996,12.37488],[76.91116,12.38346],[76.91825,12.38167],[76.9229,12.38208],[76.92219,12.3736],[76.91753,12.36728],[76.92011,12.35906],[76.91366,12.35797],[76.91319,12.3526]]]}},{"type":"Feature","id":"KA-546","properties":{"districtCode":"KA-546","lgdCode":"546","districtName":"Raichur","stateCode":"KA","stateLgdCode":"29","sourceName":"Raichur"},"geometry":{"type":"Polygon","coordinates":[[[76.98522,16.56205],[76.97407,16.55898],[76.96926,16.55148],[76.96805,16.54458],[76.96965,16.53441],[76.97656,16.51665],[76.9734,16.50565],[76.97133,16.50375],[76.95646,16.50319],[76.9412,16.49962],[76.93052,16.49578],[76.91183,16.48489],[76.90632,16.48476],[76.88225,16.49238],[76.86985,16.4893],[76.86322,16.48257],[76.86276,16.47859],[76.86455,16.4758],[76.8659,16.46683],[76.86612,16.46104],[76.86471,16.45683],[76.86193,16.45473],[76.85445,16.44129],[76.84826,16.43487],[76.84101,16.43044],[76.82886,16.42577],[76.82406,16.42584],[76.78549,16.41776],[76.76079,16.42864],[76.75044,16.42044],[76.74427,16.40956],[76.73406,16.40651],[76.70159,16.39226],[76.68701,16.38261],[76.66593,16.37355],[76.65389,16.36361],[76.65215,16.36418],[76.65024,16.36097],[76.63226,16.35606],[76.6255,16.35031],[76.6203,16.34828],[76.61125,16.34161],[76.59986,16.34122],[76.59011,16.33874],[76.58327,16.33142],[76.56816,16.32988],[76.56097,16.32667],[76.55263,16.31935],[76.54081,16.31485],[76.51781,16.30223],[76.50843,16.29907],[76.49145,16.29835],[76.47823,16.29215],[76.47148,16.2874],[76.46722,16.28201],[76.45974,16.27972],[76.45451,16.27535],[76.44412,16.27028],[76.43674,16.26309],[76.42861,16.26021],[76.41664,16.25299],[76.41451,16.25052],[76.41914,16.24905],[76.41577,16.2455],[76.4065,16.23928],[76.40269,16.23911],[76.39766,16.23655],[76.39552,16.23172],[76.38727,16.22755],[76.38602,16.22534],[76.37749,16.22296],[76.37469,16.21956],[76.36871,16.21797],[76.36131,16.2073],[76.35573,16.20628],[76.3514,16.20054],[76.32176,16.1898],[76.3158,16.19097],[76.29817,16.18548],[76.29485,16.18213],[76.28817,16.15923],[76.28052,16.15267],[76.27554,16.1514],[76.26848,16.15272],[76.24979,16.16435],[76.24053,16.16686],[76.23868,16.16673],[76.23667,16.15584],[76.23416,16.13071],[76.24648,16.12811],[76.24722,16.12634],[76.24472,16.12252],[76.24413,16.11368],[76.25418,16.11023],[76.25253,16.1051],[76.25366,16.09919],[76.25545,16.09891],[76.25546,16.09707],[76.26184,16.09681],[76.2678,16.10971],[76.28092,16.10591],[76.28821,16.10575],[76.30444,16.10111],[76.31691,16.09551],[76.33228,16.09195],[76.32796,16.07752],[76.30587,16.08383],[76.30053,16.08395],[76.29381,16.08839],[76.25814,16.09045],[76.25724,16.08842],[76.25691,16.08261],[76.25881,16.07399],[76.28371,16.0753],[76.3032,16.07345],[76.30338,16.06669],[76.30556,16.06651],[76.30586,16.06337],[76.30292,16.03822],[76.30542,16.02527],[76.31136,16.01291],[76.31189,16.00011],[76.29791,15.99905],[76.29803,15.98953],[76.30139,15.97516],[76.30944,15.95724],[76.32269,15.95597],[76.32897,15.9348],[76.32849,15.93226],[76.31324,15.92939],[76.31205,15.92262],[76.30233,15.92359],[76.3018,15.93063],[76.28528,15.92896],[76.28535,15.90271],[76.28979,15.89277],[76.30099,15.89569],[76.30561,15.89319],[76.31358,15.89471],[76.31505,15.8966],[76.31436,15.90284],[76.31598,15.90498],[76.32284,15.90312],[76.33387,15.90548],[76.34485,15.90048],[76.34521,15.88716],[76.34241,15.87819],[76.33786,15.87177],[76.3512,15.86371],[76.35318,15.86596],[76.35544,15.86459],[76.35882,15.88174],[76.35737,15.88207],[76.35874,15.90139],[76.35345,15.90277],[76.35917,15.90969],[76.36414,15.91238],[76.37001,15.9128],[76.37353,15.9174],[76.37509,15.90222],[76.40369,15.90206],[76.40374,15.89939],[76.41789,15.89535],[76.42681,15.89031],[76.42461,15.88842],[76.4242,15.87989],[76.42172,15.87248],[76.41895,15.87114],[76.41818,15.86893],[76.42127,15.86558],[76.43286,15.85829],[76.44785,15.85376],[76.45118,15.84895],[76.45146,15.84592],[76.44885,15.83642],[76.44499,15.8335],[76.44565,15.83225],[76.44218,15.82404],[76.43792,15.82472],[76.42682,15.81581],[76.42508,15.81284],[76.42229,15.81197],[76.42254,15.80937],[76.42045,15.80533],[76.41763,15.80654],[76.41321,15.80445],[76.41297,15.79673],[76.41514,15.79157],[76.42195,15.79092],[76.42217,15.78557],[76.4305,15.78535],[76.43341,15.78702],[76.43949,15.78443],[76.43821,15.7621],[76.43911,15.74995],[76.44742,15.74402],[76.44322,15.7382],[76.44723,15.73425],[76.45638,15.72877],[76.4672,15.72569],[76.47597,15.72046],[76.48219,15.71922],[76.48489,15.71423],[76.49051,15.71338],[76.48988,15.71108],[76.49149,15.70746],[76.50499,15.71539],[76.51035,15.71674],[76.51465,15.71432],[76.5148,15.71037],[76.51752,15.71287],[76.52611,15.70746],[76.52885,15.70032],[76.53187,15.69924],[76.5357,15.6989],[76.53564,15.70353],[76.53995,15.70414],[76.54433,15.70338],[76.54151,15.69872],[76.55298,15.69986],[76.56141,15.70311],[76.56184,15.70567],[76.58604,15.69755],[76.59698,15.69963],[76.59945,15.67394],[76.61593,15.66999],[76.63062,15.67035],[76.65386,15.66571],[76.65343,15.6603],[76.67181,15.65822],[76.6702,15.6389],[76.67423,15.64124],[76.67694,15.64068],[76.68011,15.64395],[76.68673,15.64756],[76.69058,15.64817],[76.69388,15.63418],[76.69356,15.62464],[76.6804,15.62704],[76.67957,15.61269],[76.68017,15.60662],[76.68546,15.606],[76.69081,15.60126],[76.68877,15.59584],[76.7003,15.59102],[76.70089,15.59449],[76.72129,15.5913],[76.73822,15.59279],[76.74893,15.58985],[76.75439,15.58686],[76.75583,15.57091],[76.75885,15.5669],[76.77836,15.55711],[76.78613,15.55646],[76.79438,15.55391],[76.79904,15.55075],[76.81072,15.54744],[76.82593,15.55845],[76.83102,15.56002],[76.83467,15.56431],[76.83503,15.58137],[76.83222,15.59572],[76.83644,15.60262],[76.83238,15.61828],[76.8343,15.62778],[76.85238,15.64081],[76.85762,15.6424],[76.8616,15.65389],[76.87203,15.66568],[76.88086,15.67132],[76.88942,15.68485],[76.90678,15.69035],[76.91292,15.69758],[76.91688,15.69966],[76.92059,15.71337],[76.91932,15.71901],[76.92227,15.7281],[76.92578,15.73187],[76.93021,15.74227],[76.93969,15.75488],[76.94283,15.76188],[76.95899,15.77149],[76.96699,15.77427],[76.97159,15.78139],[76.98025,15.78914],[76.98296,15.79391],[76.99268,15.80172],[76.99876,15.81119],[77.00499,15.81366],[77.01598,15.82216],[77.0228,15.83124],[77.03369,15.85889],[77.05589,15.88154],[77.06124,15.89448],[77.07103,15.90883],[77.08457,15.91864],[77.10255,15.92872],[77.11434,15.9328],[77.13585,15.93758],[77.14314,15.9447],[77.15507,15.95003],[77.17409,15.95077],[77.18529,15.95674],[77.20495,15.95504],[77.21859,15.95795],[77.23547,15.95714],[77.24887,15.96456],[77.26051,15.96003],[77.28468,15.95381],[77.30107,15.958],[77.31143,15.9534],[77.32406,15.95016],[77.3379,15.94985],[77.34814,15.95132],[77.36125,15.94942],[77.36721,15.94726],[77.37948,15.9398],[77.3901,15.9415],[77.39769,15.94448],[77.41434,15.94203],[77.41756,15.94305],[77.42257,15.94749],[77.4296,15.94906],[77.44433,15.94411],[77.466,15.9345],[77.47617,15.93508],[77.49874,15.93318],[77.51344,15.92679],[77.51736,15.94517],[77.51981,15.96691],[77.5164,15.96736],[77.51066,15.97516],[77.51109,15.97937],[77.50955,15.9804],[77.51405,16.00808],[77.50441,16.01133],[77.50434,16.01821],[77.50267,16.01871],[77.50225,16.02247],[77.49745,16.02867],[77.49803,16.02998],[77.49558,16.03098],[77.494,16.03699],[77.49535,16.0417],[77.49787,16.04409],[77.49681,16.04712],[77.49946,16.05372],[77.49651,16.05504],[77.49944,16.06102],[77.50261,16.05881],[77.50688,16.07964],[77.49366,16.08634],[77.50093,16.10619],[77.50875,16.10919],[77.51328,16.10802],[77.51081,16.11227],[77.50231,16.11717],[77.50022,16.12059],[77.4945,16.11919],[77.48979,16.11962],[77.4916,16.13502],[77.49068,16.15958],[77.48615,16.16298],[77.49132,16.18453],[77.49949,16.19856],[77.49955,16.20627],[77.49818,16.20956],[77.50115,16.22172],[77.50279,16.22366],[77.51215,16.22092],[77.51499,16.22196],[77.51566,16.22779],[77.51317,16.23085],[77.50356,16.23094],[77.49506,16.22712],[77.49234,16.2293],[77.49298,16.24408],[77.49007,16.25518],[77.49722,16.2586],[77.5024,16.26306],[77.50514,16.2676],[77.50481,16.2758],[77.51043,16.27459],[77.51386,16.27784],[77.52187,16.27803],[77.5296,16.27548],[77.52933,16.2728],[77.53282,16.27168],[77.5369,16.2668],[77.54082,16.28546],[77.54508,16.29171],[77.56321,16.30164],[77.56888,16.3036],[77.582,16.29134],[77.59781,16.29311],[77.59337,16.29744],[77.59202,16.30217],[77.59538,16.31812],[77.59,16.3255],[77.59083,16.32928],[77.58803,16.33337],[77.59524,16.33963],[77.59484,16.34318],[77.58705,16.34337],[77.57339,16.34074],[77.555,16.34877],[77.54604,16.35693],[77.53931,16.35788],[77.53192,16.3633],[77.52534,16.37402],[77.52267,16.37614],[77.51437,16.37497],[77.49883,16.38106],[77.49535,16.38116],[77.48931,16.38499],[77.47467,16.38177],[77.44164,16.38092],[77.43806,16.37943],[77.43214,16.37193],[77.42593,16.36761],[77.42095,16.36623],[77.41144,16.36745],[77.40098,16.37164],[77.37866,16.38541],[77.37277,16.38565],[77.35584,16.38264],[77.34971,16.38363],[77.33458,16.39488],[77.3116,16.39871],[77.30393,16.40193],[77.29713,16.40703],[77.28821,16.4087],[77.27208,16.40391],[77.26346,16.40423],[77.24788,16.4156],[77.24287,16.41759],[77.20763,16.42382],[77.20419,16.42574],[77.1739,16.43232],[77.1622,16.44526],[77.16507,16.45092],[77.16411,16.46016],[77.16064,16.46398],[77.15917,16.46953],[77.15606,16.47265],[77.14301,16.47993],[77.1228,16.48166],[77.10328,16.48898],[77.09766,16.49373],[77.09215,16.49345],[77.08696,16.49898],[77.06873,16.50757],[77.05764,16.51978],[77.0536,16.52087],[77.04397,16.5183],[77.02558,16.5016],[77.01322,16.49958],[77.00513,16.51729],[77.0101,16.54276],[77.00938,16.54565],[77.00633,16.55151],[76.99889,16.55749],[76.99431,16.56019],[76.98522,16.56205]]]}},{"type":"Feature","id":"KA-631","properties":{"districtCode":"KA-631","lgdCode":"631","districtName":"Ramanagara","stateCode":"KA","stateLgdCode":"29","sourceName":"Ramanagara"},"geometry":{"type":"Polygon","coordinates":[[[77.16606,13.19558],[77.16653,13.19697],[77.15528,13.19314],[77.14782,13.17399],[77.14262,13.17393],[77.13853,13.17817],[77.13654,13.17236],[77.13115,13.16626],[77.1268,13.16489],[77.1265,13.16359],[77.11885,13.16208],[77.1201,13.14935],[77.11938,13.14628],[77.11719,13.14586],[77.11551,13.14256],[77.11513,13.14038],[77.1183,13.1369],[77.11612,13.13003],[77.11011,13.1334],[77.10788,13.13327],[77.10775,13.1367],[77.10916,13.13731],[77.10811,13.14263],[77.10542,13.14457],[77.09593,13.14582],[77.09201,13.13564],[77.08514,13.13643],[77.08018,13.13367],[77.0797,13.13116],[77.07192,13.13085],[77.07032,13.12085],[77.07197,13.11206],[77.07533,13.10434],[77.07699,13.1033],[77.08079,13.09026],[77.07924,13.07916],[77.07584,13.07226],[77.07294,13.06861],[77.06822,13.06798],[77.06806,13.06651],[77.07335,13.06661],[77.07332,13.0608],[77.07709,13.06097],[77.07738,13.05814],[77.07377,13.05457],[77.06978,13.04019],[77.08221,13.03846],[77.08534,13.03406],[77.08955,13.0302],[77.09327,13.02893],[77.09437,13.02666],[77.10858,13.02158],[77.11126,13.01832],[77.11826,13.01464],[77.11687,13.00985],[77.10265,13.0062],[77.10139,13.00086],[77.0981,12.99934],[77.10551,12.99266],[77.10658,12.9965],[77.11764,12.99508],[77.12948,12.99555],[77.12963,12.99869],[77.12434,13.00384],[77.12451,13.00624],[77.13164,13.00707],[77.13437,13.00535],[77.1381,12.99885],[77.13569,12.99568],[77.14484,12.98765],[77.14253,12.98612],[77.14184,12.98372],[77.13277,12.98639],[77.1317,12.98277],[77.13314,12.98144],[77.13043,12.98062],[77.12984,12.97789],[77.13227,12.97297],[77.14285,12.96449],[77.1524,12.96149],[77.15735,12.95816],[77.15799,12.94985],[77.15653,12.94255],[77.16258,12.93611],[77.16542,12.92905],[77.15813,12.9134],[77.13989,12.9182],[77.13634,12.9014],[77.13263,12.89802],[77.12478,12.90213],[77.12448,12.89905],[77.11763,12.89886],[77.11163,12.89458],[77.10699,12.89441],[77.10919,12.89067],[77.1187,12.88404],[77.12319,12.88796],[77.13144,12.88814],[77.13087,12.87799],[77.13422,12.87728],[77.13115,12.85921],[77.13603,12.86015],[77.13456,12.85599],[77.13722,12.85301],[77.14457,12.85169],[77.14596,12.84949],[77.14915,12.84863],[77.14818,12.84586],[77.14936,12.84452],[77.14759,12.84099],[77.1481,12.83722],[77.15041,12.83466],[77.14941,12.83044],[77.15317,12.83087],[77.15512,12.82852],[77.15883,12.82742],[77.14752,12.81978],[77.14193,12.82027],[77.13917,12.81004],[77.15091,12.79195],[77.15022,12.78704],[77.14522,12.7816],[77.13667,12.78373],[77.12613,12.77596],[77.1255,12.77419],[77.12255,12.77362],[77.11042,12.77756],[77.10753,12.78026],[77.0975,12.77626],[77.09157,12.76084],[77.09261,12.75267],[77.08724,12.75277],[77.08455,12.75753],[77.08013,12.75908],[77.07911,12.74876],[77.08376,12.74122],[77.0801,12.73367],[77.08139,12.73141],[77.07925,12.72207],[77.07772,12.72156],[77.07659,12.71305],[77.0726,12.70235],[77.07333,12.68661],[77.07375,12.68506],[77.07569,12.68489],[77.07368,12.68069],[77.08029,12.67623],[77.09752,12.67551],[77.09922,12.67332],[77.10037,12.63049],[77.1032,12.63048],[77.10466,12.62766],[77.11672,12.62871],[77.11676,12.6273],[77.11903,12.62725],[77.12236,12.62365],[77.1225,12.61949],[77.11104,12.61617],[77.1081,12.60842],[77.10998,12.59668],[77.1142,12.59646],[77.11694,12.58197],[77.12346,12.57362],[77.12848,12.56995],[77.1278,12.55335],[77.12005,12.55561],[77.11682,12.5553],[77.11448,12.55332],[77.11454,12.54301],[77.12065,12.54114],[77.12529,12.53541],[77.12729,12.5318],[77.12504,12.52328],[77.1317,12.51865],[77.12991,12.50955],[77.13062,12.4977],[77.12396,12.48407],[77.12538,12.48024],[77.13304,12.4792],[77.13482,12.47086],[77.13978,12.46446],[77.14719,12.46204],[77.15069,12.46474],[77.15777,12.4755],[77.16476,12.47503],[77.16812,12.48527],[77.17585,12.48257],[77.17578,12.4803],[77.17819,12.47932],[77.19299,12.48192],[77.19484,12.48372],[77.19783,12.48325],[77.20016,12.49054],[77.20591,12.49056],[77.2058,12.48519],[77.21327,12.48507],[77.21655,12.49224],[77.22224,12.49154],[77.22396,12.49548],[77.22409,12.50258],[77.23781,12.4999],[77.2386,12.4894],[77.23596,12.48633],[77.2258,12.48948],[77.22546,12.47443],[77.22721,12.4795],[77.22962,12.47978],[77.22979,12.48367],[77.23517,12.48342],[77.23619,12.47],[77.24341,12.47002],[77.24517,12.46796],[77.25422,12.47032],[77.25761,12.4635],[77.26432,12.46162],[77.26915,12.4648],[77.27479,12.43963],[77.27004,12.43398],[77.27333,12.42955],[77.27515,12.43035],[77.28521,12.42868],[77.28598,12.42084],[77.28179,12.42081],[77.28407,12.40919],[77.28172,12.40924],[77.28181,12.4072],[77.28435,12.40676],[77.28593,12.39307],[77.30158,12.39083],[77.31337,12.39237],[77.33057,12.36213],[77.3338,12.35418],[77.32603,12.33027],[77.32269,12.31274],[77.3253,12.30795],[77.32836,12.30621],[77.34139,12.28267],[77.34889,12.27891],[77.35353,12.2793],[77.36548,12.28388],[77.37227,12.28163],[77.38872,12.27939],[77.40348,12.27943],[77.40911,12.28142],[77.41823,12.28885],[77.42264,12.28954],[77.4314,12.28655],[77.43777,12.27925],[77.44704,12.26226],[77.44832,12.25001],[77.45377,12.24756],[77.46031,12.24887],[77.46611,12.24372],[77.47112,12.24351],[77.47352,12.25561],[77.4782,12.25921],[77.47703,12.26446],[77.47906,12.27127],[77.4851,12.27505],[77.4876,12.2805],[77.49328,12.27887],[77.49674,12.28218],[77.49998,12.28257],[77.50838,12.276],[77.51402,12.27538],[77.52712,12.27871],[77.53284,12.29146],[77.55134,12.29121],[77.5524,12.29745],[77.55504,12.30159],[77.5579,12.30321],[77.55791,12.30573],[77.566,12.30624],[77.57519,12.32543],[77.57857,12.33567],[77.59154,12.34014],[77.59869,12.34999],[77.60091,12.3585],[77.60762,12.36105],[77.61302,12.36112],[77.6145,12.3625],[77.61685,12.36838],[77.61809,12.3811],[77.62058,12.38301],[77.62333,12.41226],[77.62962,12.41832],[77.62909,12.42513],[77.62608,12.43076],[77.62698,12.44112],[77.62915,12.44635],[77.62717,12.45845],[77.62942,12.46065],[77.6306,12.46511],[77.62924,12.46677],[77.63076,12.47027],[77.63314,12.47045],[77.6324,12.47912],[77.63443,12.48817],[77.62948,12.4945],[77.62609,12.49631],[77.61649,12.48284],[77.60742,12.47512],[77.5984,12.47618],[77.59569,12.4748],[77.58368,12.4788],[77.58875,12.48563],[77.5918,12.48518],[77.6024,12.49715],[77.61507,12.50416],[77.61633,12.50918],[77.61242,12.51494],[77.60677,12.51413],[77.59393,12.51608],[77.5872,12.51475],[77.5885,12.52662],[77.58546,12.5368],[77.5864,12.54572],[77.58035,12.55159],[77.58075,12.56571],[77.57934,12.57309],[77.5838,12.57588],[77.58917,12.58933],[77.58932,12.59268],[77.59142,12.59209],[77.59102,12.61524],[77.59264,12.61935],[77.60602,12.628],[77.60604,12.63061],[77.60333,12.63532],[77.60474,12.63759],[77.60073,12.64303],[77.59964,12.64269],[77.59612,12.65028],[77.59726,12.65744],[77.59517,12.66723],[77.59936,12.6727],[77.60554,12.69222],[77.61318,12.69925],[77.61544,12.70917],[77.59414,12.72208],[77.57933,12.70864],[77.56743,12.70109],[77.56511,12.70261],[77.55937,12.71465],[77.55591,12.73084],[77.55579,12.73274],[77.56473,12.7325],[77.56893,12.72979],[77.57024,12.73192],[77.56764,12.73447],[77.56868,12.73836],[77.57539,12.7513],[77.59473,12.7523],[77.59799,12.75898],[77.59746,12.76593],[77.5921,12.77739],[77.59206,12.78043],[77.58042,12.78723],[77.57083,12.77803],[77.57161,12.7649],[77.56972,12.76065],[77.56547,12.75895],[77.55895,12.76646],[77.55561,12.77933],[77.55545,12.78142],[77.56147,12.784],[77.56279,12.78711],[77.55471,12.78856],[77.55693,12.7991],[77.5486,12.80047],[77.54307,12.79744],[77.54315,12.7942],[77.54881,12.78598],[77.54404,12.77598],[77.55177,12.7735],[77.55232,12.77218],[77.54632,12.77006],[77.54071,12.75016],[77.53431,12.75596],[77.53222,12.75185],[77.53264,12.74856],[77.52414,12.7387],[77.52127,12.73241],[77.51853,12.73673],[77.52088,12.74435],[77.51381,12.75022],[77.51012,12.73816],[77.50529,12.73522],[77.50492,12.73238],[77.50324,12.73659],[77.49891,12.73932],[77.49245,12.74012],[77.49186,12.74182],[77.48613,12.74279],[77.48357,12.74896],[77.47477,12.75469],[77.47355,12.75692],[77.47573,12.75916],[77.47635,12.76227],[77.47401,12.76445],[77.47772,12.78151],[77.4693,12.79506],[77.47105,12.79959],[77.47629,12.79677],[77.48469,12.80077],[77.48209,12.80085],[77.47897,12.80465],[77.48004,12.80863],[77.47469,12.81073],[77.47049,12.80953],[77.46839,12.81102],[77.46588,12.80861],[77.45955,12.81448],[77.45158,12.81805],[77.44936,12.81781],[77.44657,12.8148],[77.44623,12.80999],[77.44444,12.81001],[77.44359,12.80823],[77.43987,12.81119],[77.43604,12.81035],[77.43401,12.8167],[77.43546,12.82071],[77.43344,12.82333],[77.43138,12.82176],[77.41959,12.82626],[77.42225,12.83437],[77.42512,12.83778],[77.42964,12.83957],[77.43455,12.83917],[77.43379,12.84433],[77.43786,12.85018],[77.42664,12.85031],[77.4289,12.85666],[77.41839,12.86952],[77.42922,12.87059],[77.42989,12.87539],[77.42789,12.87553],[77.42122,12.87168],[77.41579,12.8717],[77.41579,12.87521],[77.41039,12.87659],[77.40389,12.87388],[77.40216,12.86993],[77.40266,12.86541],[77.3974,12.86833],[77.39516,12.86729],[77.39579,12.86536],[77.39003,12.86051],[77.38521,12.85903],[77.38538,12.85706],[77.37988,12.85762],[77.37941,12.85488],[77.36976,12.85761],[77.3656,12.87161],[77.3463,12.8701],[77.34488,12.87645],[77.335,12.87839],[77.33542,12.8843],[77.33324,12.88792],[77.34339,12.88799],[77.33655,12.91215],[77.33932,12.92362],[77.33644,12.9284],[77.33554,12.93798],[77.33948,12.94408],[77.33298,12.95014],[77.33008,12.96292],[77.32561,12.97133],[77.32873,12.97764],[77.32193,13.00787],[77.32282,13.00911],[77.32783,13.00887],[77.32545,13.02291],[77.32996,13.02607],[77.32966,13.03914],[77.33113,13.04291],[77.32839,13.05021],[77.32577,13.04972],[77.32388,13.04702],[77.32005,13.04853],[77.31105,13.04632],[77.30872,13.06518],[77.30928,13.08324],[77.31434,13.10614],[77.30272,13.11088],[77.29649,13.10912],[77.29283,13.1101],[77.29195,13.12117],[77.2882,13.12066],[77.28679,13.12169],[77.28475,13.13435],[77.27913,13.13377],[77.2793,13.12599],[77.27783,13.1254],[77.27647,13.11945],[77.26841,13.11885],[77.26543,13.12758],[77.26708,13.14266],[77.27092,13.14315],[77.27394,13.13979],[77.27504,13.15258],[77.26972,13.15245],[77.26619,13.1506],[77.25529,13.15255],[77.24893,13.1519],[77.24163,13.14636],[77.23159,13.14734],[77.23043,13.14461],[77.22842,13.14655],[77.2175,13.14487],[77.21321,13.1516],[77.21628,13.16161],[77.21335,13.16855],[77.2074,13.17358],[77.20756,13.17884],[77.20359,13.18448],[77.20254,13.18296],[77.19761,13.18304],[77.1978,13.18023],[77.18439,13.18662],[77.17586,13.18662],[77.16879,13.18383],[77.16496,13.1892],[77.16606,13.19558]],[[77.07957,13.06969],[77.08111,13.07394],[77.08353,13.07298],[77.08296,13.07076],[77.07957,13.06969]]]}},{"type":"Feature","id":"KA-547","properties":{"districtCode":"KA-547","lgdCode":"547","districtName":"Shivamogga","stateCode":"KA","stateLgdCode":"29","sourceName":"Shivamogga"},"geometry":{"type":"Polygon","coordinates":[[[75.08282,14.65279],[75.07247,14.65521],[75.06488,14.65189],[75.05084,14.6495],[75.04895,14.64204],[75.04009,14.6375],[75.0369,14.62965],[75.02674,14.6157],[75.02552,14.60843],[75.02351,14.60671],[75.02515,14.60542],[75.02323,14.602],[75.02505,14.59802],[75.02675,14.58441],[75.02363,14.58058],[75.02438,14.57734],[75.02079,14.57417],[75.02298,14.56262],[75.02428,14.56108],[75.03352,14.55876],[75.03664,14.55375],[75.03893,14.55251],[75.03967,14.54918],[75.04454,14.54578],[75.04866,14.54564],[75.05474,14.54886],[75.0613,14.54358],[75.05879,14.54095],[75.05462,14.53956],[75.05235,14.53355],[75.03686,14.5294],[75.0406,14.5219],[75.0418,14.51128],[75.0402,14.50653],[75.04064,14.50018],[75.03194,14.49975],[75.01857,14.49673],[75.00645,14.48745],[75.00877,14.48413],[75.00548,14.48052],[74.99559,14.47779],[74.98951,14.47269],[74.98738,14.47809],[74.98787,14.481],[74.98449,14.48633],[74.9911,14.49339],[74.9906,14.5011],[74.98222,14.51325],[74.97962,14.51385],[74.97829,14.51707],[74.9731,14.51851],[74.97178,14.52076],[74.97253,14.52385],[74.97968,14.5242],[74.97677,14.53313],[74.9768,14.54867],[74.97007,14.55097],[74.9626,14.54946],[74.95424,14.5512],[74.94863,14.53641],[74.94333,14.53266],[74.94102,14.53452],[74.94175,14.53118],[74.93826,14.5262],[74.93915,14.5248],[74.93572,14.51869],[74.92963,14.52335],[74.9268,14.52902],[74.9138,14.52881],[74.90452,14.53039],[74.90092,14.52934],[74.90207,14.51517],[74.89816,14.50826],[74.89463,14.50739],[74.89476,14.50108],[74.89039,14.49099],[74.89084,14.48534],[74.88925,14.47932],[74.89341,14.47397],[74.90301,14.47321],[74.91829,14.46644],[74.92095,14.45915],[74.91545,14.45942],[74.90877,14.45767],[74.8989,14.4641],[74.88982,14.4619],[74.87457,14.44756],[74.87802,14.43548],[74.88039,14.43436],[74.88077,14.42917],[74.90982,14.43198],[74.91714,14.43149],[74.93357,14.40393],[74.93888,14.40161],[74.94418,14.40205],[74.947,14.40084],[74.94893,14.39857],[74.94823,14.39353],[74.95068,14.38226],[74.9498,14.37599],[74.94594,14.37384],[74.94069,14.36765],[74.93924,14.35848],[74.95028,14.35065],[74.95231,14.35166],[74.95509,14.34985],[74.95909,14.34214],[74.97437,14.33751],[74.97334,14.33717],[74.9741,14.33333],[74.97628,14.33191],[74.97375,14.33139],[74.97294,14.32657],[74.96962,14.3259],[74.97239,14.32039],[74.97313,14.32328],[74.97692,14.32063],[74.97602,14.31827],[74.97301,14.31759],[74.97137,14.31567],[74.96774,14.31528],[74.96731,14.31716],[74.96329,14.31841],[74.96163,14.3216],[74.95781,14.32337],[74.95624,14.32259],[74.95568,14.31957],[74.95222,14.31834],[74.95178,14.31688],[74.94894,14.31947],[74.94239,14.31833],[74.93921,14.3194],[74.93696,14.32234],[74.93393,14.32031],[74.93252,14.32075],[74.93099,14.31882],[74.93028,14.32035],[74.92516,14.31939],[74.92034,14.31569],[74.91763,14.31058],[74.91792,14.30843],[74.91624,14.30812],[74.9134,14.30395],[74.91332,14.29897],[74.90698,14.29481],[74.90855,14.28709],[74.90757,14.28535],[74.90999,14.27816],[74.91318,14.27608],[74.91555,14.27616],[74.9166,14.27311],[74.92387,14.2783],[74.92631,14.27742],[74.92898,14.26774],[74.92839,14.2647],[74.9342,14.26329],[74.93513,14.2584],[74.93687,14.25613],[74.9383,14.25629],[74.93584,14.25208],[74.93533,14.24312],[74.93039,14.24104],[74.93039,14.23891],[74.92716,14.23683],[74.92885,14.2353],[74.92321,14.23246],[74.91981,14.22749],[74.91638,14.22738],[74.91285,14.22947],[74.90892,14.22774],[74.90448,14.23069],[74.90349,14.22934],[74.90056,14.2299],[74.89682,14.22738],[74.8952,14.22253],[74.89618,14.2206],[74.8928,14.2176],[74.87764,14.21577],[74.87746,14.21799],[74.88,14.21949],[74.87952,14.22105],[74.87609,14.2194],[74.87528,14.22777],[74.88024,14.23459],[74.8732,14.24123],[74.86839,14.23802],[74.8682,14.22715],[74.86694,14.22727],[74.86629,14.21971],[74.85923,14.21876],[74.85669,14.21276],[74.85338,14.21122],[74.84976,14.21374],[74.84861,14.21705],[74.8456,14.21756],[74.84542,14.21949],[74.84032,14.223],[74.83737,14.22712],[74.83228,14.23002],[74.82223,14.22779],[74.81823,14.23231],[74.80931,14.23062],[74.80738,14.23222],[74.80581,14.23077],[74.80334,14.23202],[74.80083,14.22921],[74.79176,14.22735],[74.7835,14.23101],[74.78114,14.23581],[74.77294,14.23936],[74.76369,14.2379],[74.7574,14.24515],[74.75266,14.2473],[74.74489,14.25534],[74.73509,14.26224],[74.72999,14.26382],[74.71592,14.23323],[74.71871,14.21394],[74.72873,14.17489],[74.74842,14.15685],[74.74791,14.14266],[74.74302,14.14902],[74.72337,14.15258],[74.70747,14.17],[74.69748,14.17309],[74.69054,14.16617],[74.6655,14.18441],[74.65057,14.17006],[74.62522,14.16249],[74.62899,14.14423],[74.64488,14.14207],[74.643,14.13599],[74.6463,14.11441],[74.65566,14.11327],[74.63735,14.09459],[74.65357,14.07443],[74.66084,14.05836],[74.65712,14.05302],[74.65392,14.04386],[74.65521,14.03909],[74.67751,14.03478],[74.66875,14.00865],[74.66962,14.00686],[74.66318,13.9932],[74.66578,13.98002],[74.67304,13.97341],[74.67476,13.96895],[74.68321,13.96496],[74.68559,13.95836],[74.68458,13.95775],[74.68827,13.9563],[74.68871,13.95491],[74.69347,13.95476],[74.69871,13.95063],[74.70058,13.94443],[74.69957,13.93901],[74.69723,13.93685],[74.69277,13.93604],[74.6905,13.93349],[74.69672,13.92775],[74.70567,13.92551],[74.70774,13.92683],[74.70972,13.92101],[74.71378,13.91633],[74.71174,13.90509],[74.72284,13.90718],[74.7303,13.91051],[74.73397,13.91407],[74.74181,13.91481],[74.74507,13.91483],[74.75497,13.90905],[74.75687,13.91225],[74.76264,13.91596],[74.7634,13.91433],[74.77765,13.91514],[74.78149,13.91352],[74.78785,13.91322],[74.79015,13.91042],[74.79146,13.90549],[74.79297,13.9057],[74.7946,13.9104],[74.80066,13.91011],[74.80867,13.90573],[74.81619,13.90561],[74.81962,13.9078],[74.83104,13.90289],[74.83722,13.89691],[74.83985,13.89738],[74.84146,13.89368],[74.85615,13.8784],[74.8577,13.86895],[74.86511,13.85719],[74.87083,13.85712],[74.8763,13.86052],[74.87611,13.86419],[74.87869,13.86745],[74.88985,13.8659],[74.90692,13.86024],[74.91062,13.8566],[74.91304,13.85092],[74.9122,13.84464],[74.91598,13.83386],[74.91644,13.82316],[74.92364,13.81267],[74.92545,13.80335],[74.92437,13.79628],[74.93142,13.79186],[74.9334,13.78761],[74.92936,13.78253],[74.93135,13.78069],[74.93147,13.7781],[74.92798,13.7688],[74.93532,13.77173],[74.93531,13.76815],[74.93774,13.76389],[74.94416,13.75995],[74.94671,13.7601],[74.94809,13.75692],[74.95968,13.75408],[74.96318,13.75139],[74.97159,13.75113],[74.97606,13.74648],[74.98688,13.74332],[74.98982,13.73988],[74.99524,13.74035],[74.99855,13.73835],[74.99344,13.72118],[74.98866,13.72019],[74.99112,13.71004],[75.00077,13.71062],[75.01123,13.70751],[75.01296,13.70204],[75.0213,13.6981],[75.02075,13.69393],[75.01097,13.69104],[75.01089,13.68934],[75.0131,13.68916],[75.01205,13.67674],[75.01532,13.67611],[75.01837,13.67324],[75.02844,13.67016],[75.029,13.66694],[75.02432,13.66049],[75.01571,13.66356],[75.01272,13.65777],[75.01495,13.65423],[75.01339,13.65196],[75.01496,13.64431],[75.01779,13.64046],[75.01542,13.63467],[75.01787,13.63136],[75.02097,13.6309],[75.02335,13.6272],[75.02819,13.62712],[75.02771,13.62598],[75.03241,13.61924],[75.03647,13.6165],[75.03625,13.61319],[75.03942,13.61034],[75.04394,13.61037],[75.04997,13.608],[75.05196,13.61056],[75.05577,13.61047],[75.06127,13.60261],[75.061,13.59493],[75.05899,13.58956],[75.05673,13.58901],[75.05588,13.58616],[75.05091,13.58332],[75.04516,13.5853],[75.03779,13.57996],[75.03721,13.57697],[75.03363,13.57384],[75.03499,13.56712],[75.04216,13.56148],[75.04255,13.55606],[75.04545,13.5569],[75.04955,13.55404],[75.04901,13.53733],[75.06265,13.52868],[75.05955,13.51945],[75.06168,13.51789],[75.06416,13.52389],[75.06826,13.52345],[75.07684,13.51427],[75.07956,13.50462],[75.0775,13.49663],[75.07987,13.49246],[75.08761,13.49442],[75.0907,13.49331],[75.09203,13.48963],[75.09679,13.48644],[75.10227,13.48894],[75.10396,13.48245],[75.1131,13.46656],[75.11122,13.46065],[75.11577,13.4568],[75.12667,13.46214],[75.13261,13.4607],[75.14073,13.46133],[75.13799,13.46499],[75.13625,13.47245],[75.14664,13.47803],[75.15159,13.48745],[75.15958,13.49332],[75.16035,13.49629],[75.16687,13.50278],[75.16973,13.50794],[75.17342,13.50115],[75.17616,13.49909],[75.18141,13.50549],[75.1884,13.50876],[75.19629,13.50942],[75.19749,13.50797],[75.19968,13.51015],[75.20271,13.50898],[75.20574,13.51533],[75.21107,13.51699],[75.21139,13.51827],[75.20876,13.51916],[75.2041,13.51816],[75.20879,13.52466],[75.21184,13.52582],[75.21969,13.52359],[75.22603,13.52795],[75.22074,13.53324],[75.22437,13.54856],[75.22045,13.54948],[75.2183,13.55198],[75.2198,13.5552],[75.217,13.55589],[75.21593,13.55785],[75.21667,13.55926],[75.22203,13.55959],[75.22578,13.5648],[75.22645,13.56832],[75.22193,13.57093],[75.21873,13.57585],[75.21174,13.57814],[75.21066,13.58531],[75.22377,13.59602],[75.22127,13.60205],[75.22571,13.60593],[75.23067,13.60399],[75.23206,13.59978],[75.23547,13.59844],[75.23742,13.60128],[75.24476,13.60511],[75.24915,13.59599],[75.25494,13.59477],[75.25647,13.58371],[75.2587,13.58302],[75.26454,13.58662],[75.26752,13.5823],[75.27145,13.56899],[75.27886,13.56448],[75.27978,13.56853],[75.28338,13.5689],[75.28736,13.57421],[75.28964,13.57458],[75.29497,13.58471],[75.30797,13.58399],[75.31327,13.58899],[75.32081,13.58991],[75.32618,13.59254],[75.32818,13.58585],[75.33168,13.58478],[75.34079,13.58574],[75.3443,13.58061],[75.35076,13.58622],[75.35308,13.5921],[75.35736,13.5956],[75.36448,13.5981],[75.36974,13.59707],[75.36393,13.6042],[75.36639,13.60936],[75.36601,13.62194],[75.37271,13.62674],[75.37475,13.62665],[75.3791,13.62067],[75.37824,13.61501],[75.38609,13.61324],[75.38878,13.61327],[75.38729,13.61681],[75.38897,13.61975],[75.38666,13.62346],[75.3921,13.62391],[75.39432,13.63052],[75.40729,13.62561],[75.40539,13.63002],[75.41194,13.63964],[75.40909,13.64216],[75.41468,13.65286],[75.41106,13.65859],[75.40338,13.68093],[75.3963,13.69246],[75.39426,13.69351],[75.3942,13.70026],[75.38785,13.69851],[75.38573,13.70219],[75.38225,13.70262],[75.38294,13.71086],[75.39367,13.70844],[75.40252,13.70376],[75.40468,13.70369],[75.40743,13.70579],[75.41919,13.70608],[75.42262,13.70796],[75.42659,13.71511],[75.43777,13.71762],[75.44589,13.72197],[75.45434,13.72364],[75.45978,13.73068],[75.45981,13.73872],[75.46118,13.74172],[75.47702,13.75349],[75.48862,13.75973],[75.4887,13.76214],[75.4856,13.76509],[75.48677,13.76833],[75.4983,13.75807],[75.49991,13.75834],[75.50238,13.76337],[75.50691,13.76568],[75.50698,13.76072],[75.51069,13.75497],[75.52096,13.75177],[75.52239,13.74798],[75.52164,13.74361],[75.52773,13.73958],[75.53285,13.73074],[75.54092,13.728],[75.54321,13.72829],[75.54636,13.73125],[75.55557,13.73416],[75.56063,13.73963],[75.56581,13.74084],[75.56728,13.75309],[75.57141,13.75538],[75.58153,13.75649],[75.58594,13.75871],[75.59117,13.75802],[75.59905,13.76091],[75.61085,13.76094],[75.609,13.74596],[75.62789,13.73322],[75.61729,13.72295],[75.62214,13.7138],[75.62124,13.7132],[75.62253,13.70574],[75.62689,13.70226],[75.63151,13.70332],[75.63488,13.70124],[75.641,13.70322],[75.64794,13.70906],[75.65115,13.71869],[75.65968,13.71831],[75.6709,13.71986],[75.67468,13.72316],[75.67459,13.72833],[75.66813,13.73083],[75.6658,13.7375],[75.65914,13.74134],[75.65586,13.74613],[75.65673,13.74833],[75.66311,13.75074],[75.66415,13.75795],[75.66918,13.76406],[75.67103,13.76443],[75.67437,13.76191],[75.67647,13.75115],[75.6865,13.74988],[75.68863,13.75391],[75.68196,13.7613],[75.68716,13.76672],[75.70353,13.76773],[75.70962,13.76649],[75.71286,13.77053],[75.71809,13.77136],[75.73175,13.76905],[75.74909,13.78094],[75.76456,13.78149],[75.76686,13.78998],[75.76069,13.79421],[75.76705,13.79706],[75.7726,13.79693],[75.77759,13.78849],[75.79177,13.79691],[75.80775,13.79444],[75.82544,13.81865],[75.83552,13.81378],[75.87876,13.81011],[75.87053,13.83552],[75.87135,13.85109],[75.86572,13.85982],[75.86286,13.87265],[75.85531,13.87265],[75.85976,13.88659],[75.85965,13.91036],[75.84521,13.94203],[75.82914,13.97165],[75.83085,13.98671],[75.82805,13.99259],[75.82386,14.01894],[75.81082,14.02363],[75.80791,14.02621],[75.80341,14.02607],[75.79876,14.03326],[75.80099,14.04369],[75.8039,14.04367],[75.81392,14.04878],[75.82095,14.06501],[75.81988,14.07078],[75.82104,14.07947],[75.82022,14.08345],[75.81395,14.09458],[75.81411,14.10563],[75.80585,14.09814],[75.76852,14.10359],[75.76816,14.1094],[75.75597,14.11028],[75.75312,14.10175],[75.73879,14.10108],[75.73819,14.0874],[75.72114,14.08339],[75.72654,14.07655],[75.72548,14.07578],[75.70195,14.07289],[75.67299,14.06495],[75.66723,14.06748],[75.66438,14.06628],[75.65963,14.0675],[75.64362,14.07396],[75.64364,14.07857],[75.64241,14.07947],[75.63429,14.07984],[75.63071,14.0735],[75.61753,14.07659],[75.6111,14.06139],[75.60358,14.05654],[75.60089,14.06084],[75.59547,14.06128],[75.5913,14.06392],[75.58522,14.05786],[75.57709,14.0633],[75.57027,14.06545],[75.56432,14.06927],[75.55365,14.07876],[75.54817,14.07696],[75.54323,14.07805],[75.53968,14.08069],[75.53877,14.08612],[75.53392,14.09017],[75.53128,14.09751],[75.52903,14.0946],[75.52361,14.09445],[75.51001,14.10106],[75.49278,14.0995],[75.49051,14.10475],[75.47987,14.10023],[75.47074,14.1032],[75.46476,14.10234],[75.44847,14.09538],[75.43859,14.10374],[75.4329,14.10646],[75.42304,14.10816],[75.39879,14.11686],[75.40135,14.1262],[75.41541,14.1412],[75.42058,14.14101],[75.42427,14.1495],[75.43342,14.1529],[75.44373,14.16345],[75.46114,14.17466],[75.4842,14.17623],[75.47044,14.18888],[75.46171,14.19967],[75.45292,14.20469],[75.46171,14.20921],[75.47254,14.21064],[75.47434,14.21418],[75.47622,14.21492],[75.50687,14.21914],[75.51327,14.21303],[75.52086,14.2025],[75.52676,14.2028],[75.5289,14.21498],[75.52763,14.21691],[75.52668,14.22842],[75.52873,14.22856],[75.52919,14.22998],[75.52698,14.25832],[75.52925,14.26571],[75.52989,14.2774],[75.53565,14.27744],[75.5341,14.28952],[75.5244,14.29193],[75.5214,14.29419],[75.52058,14.29871],[75.51761,14.30139],[75.50269,14.30782],[75.50494,14.31756],[75.50159,14.32454],[75.50097,14.34433],[75.48977,14.34733],[75.48865,14.33869],[75.48115,14.33957],[75.48052,14.34433],[75.47655,14.34382],[75.48004,14.331],[75.47733,14.31743],[75.46907,14.32262],[75.4543,14.32857],[75.45062,14.33259],[75.44375,14.33627],[75.44182,14.33975],[75.43357,14.34309],[75.42927,14.34906],[75.41737,14.35256],[75.41023,14.35243],[75.40662,14.35682],[75.40155,14.35925],[75.39739,14.36612],[75.38962,14.36636],[75.38291,14.36988],[75.37366,14.37024],[75.36871,14.37299],[75.36179,14.38136],[75.34857,14.38796],[75.35304,14.39439],[75.356,14.40588],[75.35937,14.40926],[75.36512,14.41087],[75.37791,14.40779],[75.38205,14.43353],[75.37046,14.43758],[75.36458,14.44164],[75.36257,14.44171],[75.35762,14.43645],[75.35852,14.43133],[75.35608,14.42831],[75.35533,14.43161],[75.34013,14.43575],[75.33898,14.43763],[75.34164,14.43967],[75.34242,14.45169],[75.3472,14.45742],[75.34518,14.46234],[75.34192,14.46374],[75.33991,14.46874],[75.34069,14.47489],[75.34609,14.48527],[75.32943,14.4945],[75.32519,14.50208],[75.3242,14.50885],[75.31957,14.51344],[75.29737,14.51101],[75.28681,14.51159],[75.286,14.51454],[75.28312,14.51448],[75.27501,14.51087],[75.26747,14.51488],[75.26905,14.52443],[75.26777,14.52775],[75.27826,14.53413],[75.28453,14.52957],[75.28721,14.53237],[75.29009,14.53157],[75.29586,14.53793],[75.29534,14.54029],[75.29719,14.54047],[75.2931,14.54349],[75.29379,14.54801],[75.29157,14.54825],[75.29097,14.55271],[75.28559,14.56049],[75.28176,14.56032],[75.27434,14.56544],[75.27548,14.56702],[75.27442,14.56996],[75.26771,14.57489],[75.26544,14.57975],[75.24913,14.5807],[75.24352,14.57795],[75.24464,14.5687],[75.24207,14.56805],[75.24346,14.56015],[75.24043,14.55489],[75.23889,14.55721],[75.23424,14.55679],[75.22842,14.56114],[75.22512,14.56767],[75.23055,14.5797],[75.22737,14.58377],[75.22155,14.58487],[75.21916,14.5802],[75.21355,14.57717],[75.21033,14.57266],[75.20752,14.57208],[75.19732,14.57736],[75.19772,14.5827],[75.18409,14.58583],[75.1817,14.59772],[75.18738,14.59945],[75.19321,14.59921],[75.19863,14.59626],[75.2051,14.59745],[75.2057,14.60947],[75.21041,14.61991],[75.21056,14.62329],[75.20977,14.6278],[75.20736,14.62718],[75.20861,14.6291],[75.20662,14.62981],[75.20812,14.63344],[75.20517,14.6341],[75.20748,14.63579],[75.20549,14.63764],[75.20071,14.63794],[75.20018,14.63442],[75.2033,14.62992],[75.20239,14.62773],[75.19649,14.62359],[75.18777,14.62253],[75.18192,14.62463],[75.17192,14.63433],[75.16989,14.6352],[75.16537,14.63331],[75.1635,14.6289],[75.1651,14.62491],[75.16475,14.62079],[75.16278,14.61805],[75.16019,14.61728],[75.15823,14.61812],[75.1559,14.62323],[75.15275,14.62615],[75.14406,14.62035],[75.14249,14.63377],[75.12438,14.63108],[75.11452,14.64156],[75.10298,14.64512],[75.09938,14.65271],[75.08282,14.65279]]]}},{"type":"Feature","id":"KA-548","properties":{"districtCode":"KA-548","lgdCode":"548","districtName":"Tumakuru","stateCode":"KA","stateLgdCode":"29","sourceName":"Tumakuru"},"geometry":{"type":"MultiPolygon","coordinates":[[[[77.08046,13.07028],[77.08324,13.07104],[77.08238,13.07392],[77.08111,13.07394],[77.07957,13.06969],[77.08046,13.07028]]],[[[76.95195,14.09196],[76.9484,14.09205],[76.94367,14.08957],[76.92839,14.07779],[76.92474,14.0692],[76.92301,14.05701],[76.91636,14.05932],[76.91666,14.06049],[76.9101,14.06429],[76.89915,14.0575],[76.88923,14.04849],[76.88744,14.03967],[76.87987,14.01868],[76.87638,14.01939],[76.87277,14.00916],[76.86103,14.0147],[76.84788,14.01787],[76.83725,14.01817],[76.83611,14.00882],[76.83337,14.00319],[76.82494,14.00115],[76.82277,13.99848],[76.82344,13.99429],[76.83152,13.98905],[76.8397,13.98659],[76.84851,13.98043],[76.84858,13.9674],[76.84987,13.96357],[76.84202,13.96275],[76.8307,13.95474],[76.82189,13.95051],[76.82098,13.93972],[76.81944,13.93882],[76.81939,13.93657],[76.81135,13.93648],[76.81126,13.93165],[76.81537,13.91603],[76.81048,13.91533],[76.8022,13.91651],[76.77994,13.92427],[76.76467,13.92442],[76.76379,13.92041],[76.75203,13.91959],[76.74946,13.91614],[76.75246,13.90655],[76.73648,13.90351],[76.72286,13.89845],[76.72117,13.89458],[76.72311,13.89011],[76.72957,13.88068],[76.73148,13.88123],[76.73576,13.87011],[76.74679,13.85639],[76.74978,13.85386],[76.75281,13.85521],[76.75315,13.85382],[76.75133,13.85212],[76.75223,13.85014],[76.7623,13.83506],[76.76659,13.83584],[76.76395,13.82173],[76.76561,13.81214],[76.76848,13.80597],[76.76879,13.79513],[76.76676,13.79203],[76.76453,13.782],[76.75989,13.78033],[76.74897,13.78063],[76.73099,13.78463],[76.72713,13.79272],[76.72749,13.79691],[76.72374,13.79969],[76.71695,13.7942],[76.71367,13.78563],[76.70829,13.78191],[76.70582,13.77573],[76.70173,13.77474],[76.69804,13.77138],[76.69666,13.76557],[76.69392,13.76329],[76.69775,13.76037],[76.69527,13.7584],[76.69533,13.75435],[76.69092,13.75117],[76.68753,13.74597],[76.68445,13.72972],[76.68896,13.72739],[76.68977,13.72241],[76.68504,13.69045],[76.67249,13.70612],[76.67304,13.71865],[76.66178,13.72131],[76.63983,13.71482],[76.62982,13.71365],[76.62445,13.73405],[76.62085,13.734],[76.61365,13.72886],[76.61475,13.72715],[76.60945,13.72348],[76.6038,13.72567],[76.5993,13.72418],[76.59597,13.72011],[76.58574,13.71868],[76.57231,13.71391],[76.56938,13.71458],[76.57658,13.69011],[76.57335,13.68674],[76.56869,13.68867],[76.56415,13.68471],[76.55548,13.68261],[76.54951,13.67725],[76.53974,13.66314],[76.53403,13.66624],[76.52953,13.66605],[76.53028,13.6637],[76.52911,13.66046],[76.5343,13.65311],[76.53399,13.65086],[76.52719,13.64832],[76.51853,13.64111],[76.51699,13.63425],[76.49722,13.6271],[76.50008,13.62169],[76.48995,13.62323],[76.4607,13.61889],[76.45529,13.61144],[76.45705,13.60344],[76.45865,13.60279],[76.45893,13.60053],[76.46167,13.60015],[76.45819,13.59628],[76.45553,13.59552],[76.45512,13.59086],[76.44983,13.59072],[76.44102,13.59414],[76.43031,13.59313],[76.42735,13.59109],[76.42444,13.58138],[76.41718,13.57832],[76.41331,13.5782],[76.40986,13.57966],[76.40513,13.5906],[76.39946,13.59486],[76.39824,13.59461],[76.39765,13.59081],[76.39245,13.59054],[76.38271,13.57687],[76.38106,13.57785],[76.37822,13.58939],[76.37352,13.5931],[76.3531,13.57947],[76.35862,13.55752],[76.36387,13.54713],[76.37017,13.54794],[76.37658,13.5415],[76.38771,13.5342],[76.39564,13.53599],[76.39776,13.52841],[76.40053,13.52637],[76.42727,13.52563],[76.41987,13.51985],[76.41521,13.50904],[76.41012,13.50774],[76.40867,13.50537],[76.39764,13.50596],[76.39654,13.50388],[76.39506,13.49568],[76.39598,13.49345],[76.40032,13.49073],[76.40523,13.49065],[76.40819,13.4829],[76.41517,13.47884],[76.41179,13.47727],[76.40705,13.4592],[76.40912,13.45624],[76.41969,13.44841],[76.40442,13.42959],[76.40446,13.42637],[76.40061,13.42277],[76.39621,13.40657],[76.39694,13.40224],[76.38944,13.3961],[76.3922,13.3882],[76.39226,13.37943],[76.38576,13.37086],[76.38267,13.37235],[76.38196,13.36889],[76.38342,13.36739],[76.38143,13.36414],[76.36217,13.36356],[76.34701,13.35998],[76.34704,13.34292],[76.34854,13.33657],[76.35225,13.33052],[76.34888,13.31707],[76.34761,13.30122],[76.34983,13.29445],[76.35696,13.28727],[76.35731,13.27558],[76.35524,13.26427],[76.35867,13.26062],[76.3562,13.24913],[76.36197,13.24904],[76.364,13.2436],[76.36454,13.23399],[76.37989,13.23154],[76.38004,13.22255],[76.3764,13.21581],[76.3699,13.21221],[76.37077,13.20037],[76.39376,13.19788],[76.39435,13.19055],[76.4056,13.1927],[76.4124,13.19182],[76.4147,13.18713],[76.42557,13.18341],[76.42887,13.17304],[76.44495,13.16978],[76.44512,13.16463],[76.44859,13.16239],[76.44874,13.16021],[76.45134,13.15926],[76.45149,13.15551],[76.45423,13.15552],[76.45505,13.1499],[76.47316,13.14986],[76.46954,13.1399],[76.46856,13.12021],[76.47277,13.0965],[76.47229,13.09308],[76.48082,13.09135],[76.49059,13.09482],[76.49472,13.0946],[76.49571,13.08668],[76.51582,13.06877],[76.5219,13.07351],[76.52282,13.07879],[76.525,13.07903],[76.53607,13.07718],[76.56656,13.07561],[76.58572,13.07039],[76.59238,13.07485],[76.59932,13.07428],[76.6075,13.07108],[76.61786,13.06379],[76.6198,13.05404],[76.60599,13.05481],[76.60207,13.04017],[76.60811,13.03764],[76.6073,13.03359],[76.60877,13.03011],[76.60423,13.01718],[76.60617,13.01282],[76.61294,13.0058],[76.61915,13.00879],[76.63224,13.00417],[76.63691,13.00845],[76.64073,13.00949],[76.6465,13.009],[76.64814,13.00716],[76.65256,13.00726],[76.65758,13.01326],[76.65844,13.02032],[76.65949,13.02017],[76.67279,13.05534],[76.67722,13.0538],[76.68064,13.04734],[76.68659,13.04445],[76.68822,13.0413],[76.69352,13.03671],[76.7021,13.04146],[76.70869,13.03977],[76.72528,13.04124],[76.75095,13.03582],[76.75541,13.03731],[76.75781,13.03682],[76.75743,13.03523],[76.75915,13.03679],[76.76459,13.03579],[76.77167,13.03436],[76.78311,13.0294],[76.78584,13.01526],[76.79486,13.01511],[76.80753,13.01218],[76.81469,13.01371],[76.81984,13.00502],[76.82965,13.0022],[76.83019,13.00064],[76.82746,12.99875],[76.84426,12.98753],[76.84534,12.98424],[76.85288,12.97865],[76.85047,12.97345],[76.83968,12.97348],[76.84019,12.96722],[76.84166,12.9651],[76.84178,12.95636],[76.8396,12.94581],[76.84868,12.94409],[76.84968,12.93833],[76.85712,12.93772],[76.86246,12.93466],[76.86261,12.92789],[76.87025,12.92934],[76.88439,12.93511],[76.88836,12.93511],[76.89149,12.9326],[76.89285,12.92422],[76.89621,12.92049],[76.89025,12.91862],[76.88048,12.92099],[76.88071,12.9196],[76.87494,12.91848],[76.86719,12.91863],[76.86455,12.91347],[76.86548,12.90499],[76.87078,12.89915],[76.87288,12.89945],[76.87317,12.89711],[76.88915,12.89742],[76.8894,12.89191],[76.8927,12.88353],[76.89446,12.8739],[76.89227,12.8471],[76.8967,12.84676],[76.90018,12.84479],[76.90164,12.83861],[76.90527,12.83494],[76.90578,12.82835],[76.91884,12.81796],[76.91821,12.81501],[76.92014,12.81345],[76.92139,12.80832],[76.92455,12.804],[76.92898,12.80333],[76.93285,12.80048],[76.9413,12.80561],[76.94499,12.805],[76.95067,12.80154],[76.95632,12.80411],[76.97307,12.80354],[76.97284,12.79919],[76.97565,12.79101],[76.97724,12.79263],[76.98337,12.79296],[76.98359,12.78995],[76.99086,12.78627],[76.99827,12.77591],[77.00962,12.78243],[77.0064,12.77272],[77.00918,12.76431],[77.02524,12.76312],[77.02589,12.76672],[77.03447,12.76883],[77.04362,12.77807],[77.04486,12.76939],[77.04688,12.76536],[77.04699,12.75969],[77.05031,12.75064],[77.04887,12.74742],[77.05629,12.75233],[77.05922,12.75181],[77.06093,12.75576],[77.06736,12.75831],[77.0718,12.75382],[77.07238,12.75042],[77.0767,12.74554],[77.08052,12.74645],[77.0791,12.74896],[77.08013,12.75908],[77.08455,12.75753],[77.08724,12.75277],[77.09261,12.75267],[77.09157,12.76084],[77.0975,12.77626],[77.10753,12.78026],[77.11042,12.77756],[77.12434,12.77387],[77.1339,12.78234],[77.13667,12.78373],[77.14522,12.7816],[77.15022,12.78704],[77.15091,12.79195],[77.13917,12.81004],[77.14193,12.82027],[77.14752,12.81978],[77.15883,12.82742],[77.15512,12.82852],[77.15317,12.83087],[77.14941,12.83044],[77.15041,12.83466],[77.1481,12.83722],[77.14759,12.84099],[77.14936,12.84452],[77.14818,12.84586],[77.14915,12.84863],[77.14596,12.84949],[77.14457,12.85169],[77.13722,12.85301],[77.13456,12.85599],[77.13603,12.86015],[77.13115,12.85921],[77.13422,12.87728],[77.13087,12.87799],[77.13144,12.88814],[77.12319,12.88796],[77.1187,12.88404],[77.10919,12.89067],[77.10699,12.89441],[77.11163,12.89458],[77.11763,12.89886],[77.12448,12.89905],[77.12478,12.90213],[77.13263,12.89802],[77.13634,12.9014],[77.13989,12.9182],[77.15813,12.9134],[77.16542,12.92905],[77.16258,12.93611],[77.15653,12.94255],[77.15799,12.94985],[77.15735,12.95816],[77.1524,12.96149],[77.14285,12.96449],[77.13227,12.97297],[77.12984,12.97789],[77.13043,12.98062],[77.13314,12.98144],[77.1317,12.98277],[77.13277,12.98639],[77.14184,12.98372],[77.14253,12.98612],[77.14484,12.98765],[77.13569,12.99568],[77.1381,12.99885],[77.13437,13.00535],[77.13164,13.00707],[77.12451,13.00624],[77.12434,13.00384],[77.12963,12.99869],[77.12948,12.99555],[77.11764,12.99508],[77.10658,12.9965],[77.10551,12.99266],[77.0981,12.99934],[77.10139,13.00086],[77.10265,13.0062],[77.11687,13.00985],[77.11826,13.01464],[77.11126,13.01832],[77.10858,13.02158],[77.09437,13.02666],[77.09327,13.02893],[77.08955,13.0302],[77.08534,13.03406],[77.08221,13.03846],[77.06978,13.04019],[77.07377,13.05457],[77.07738,13.05814],[77.07709,13.06097],[77.07332,13.0608],[77.07335,13.06661],[77.06806,13.06651],[77.06822,13.06798],[77.07294,13.06861],[77.07584,13.07226],[77.07924,13.07916],[77.08079,13.09026],[77.07699,13.1033],[77.07414,13.1069],[77.07067,13.11753],[77.07192,13.13085],[77.0797,13.13116],[77.08018,13.13367],[77.08514,13.13643],[77.09201,13.13564],[77.09593,13.14582],[77.10542,13.14457],[77.10811,13.14263],[77.10916,13.13731],[77.10775,13.1367],[77.10788,13.13327],[77.11011,13.1334],[77.11612,13.13003],[77.1183,13.1369],[77.11513,13.14038],[77.11551,13.14256],[77.11719,13.14586],[77.11938,13.14628],[77.1201,13.14935],[77.11885,13.16208],[77.1265,13.16359],[77.1268,13.16489],[77.13115,13.16626],[77.13654,13.17236],[77.13853,13.17817],[77.14262,13.17393],[77.14782,13.17399],[77.15549,13.19336],[77.16653,13.19697],[77.16496,13.1892],[77.16879,13.18383],[77.17586,13.18662],[77.18439,13.18662],[77.1978,13.18023],[77.19761,13.18304],[77.20254,13.18296],[77.20649,13.19096],[77.2075,13.19662],[77.20287,13.19732],[77.20295,13.19461],[77.20095,13.19451],[77.2009,13.19627],[77.19934,13.1968],[77.20025,13.20316],[77.1951,13.20663],[77.19406,13.2243],[77.18635,13.22518],[77.18269,13.22872],[77.18471,13.23586],[77.18615,13.23653],[77.18582,13.23852],[77.19021,13.23784],[77.19245,13.24356],[77.18661,13.2516],[77.18619,13.25519],[77.18349,13.25762],[77.1855,13.26152],[77.18839,13.2764],[77.19116,13.27475],[77.19246,13.26902],[77.19991,13.26825],[77.2046,13.26228],[77.21605,13.26156],[77.21934,13.26295],[77.22214,13.26835],[77.22003,13.27445],[77.22033,13.28551],[77.22901,13.31331],[77.2317,13.31267],[77.23353,13.30962],[77.24023,13.30851],[77.24311,13.3024],[77.24945,13.30171],[77.25266,13.30173],[77.25473,13.30887],[77.26982,13.31115],[77.26963,13.30561],[77.27525,13.29768],[77.28166,13.29728],[77.2812,13.3104],[77.30867,13.31061],[77.31191,13.32208],[77.32295,13.32587],[77.32934,13.3304],[77.3318,13.32824],[77.33852,13.32911],[77.34099,13.33767],[77.34382,13.3397],[77.34457,13.35013],[77.34235,13.35083],[77.34125,13.35711],[77.34244,13.36565],[77.3457,13.37463],[77.34084,13.37703],[77.34353,13.39137],[77.34245,13.39193],[77.34234,13.39866],[77.34589,13.41756],[77.35846,13.41485],[77.36287,13.42004],[77.36197,13.43692],[77.35689,13.4377],[77.35491,13.44074],[77.35338,13.44032],[77.35281,13.44405],[77.3484,13.44659],[77.34862,13.45718],[77.35844,13.46306],[77.36612,13.46356],[77.36681,13.46945],[77.3734,13.47004],[77.37021,13.47822],[77.3723,13.48311],[77.3771,13.48333],[77.37807,13.48976],[77.38466,13.49907],[77.38162,13.50235],[77.38086,13.51511],[77.38994,13.51968],[77.39154,13.53252],[77.39047,13.5361],[77.38273,13.53715],[77.38243,13.54321],[77.3812,13.54377],[77.38244,13.57531],[77.37861,13.57849],[77.37421,13.59002],[77.3716,13.58774],[77.36305,13.59018],[77.36378,13.60208],[77.36224,13.60238],[77.3599,13.61236],[77.36213,13.62526],[77.36961,13.6337],[77.3689,13.64159],[77.37565,13.64282],[77.37847,13.64519],[77.37702,13.65005],[77.38333,13.66242],[77.39328,13.66488],[77.39725,13.67345],[77.4037,13.67532],[77.43505,13.67262],[77.43711,13.6843],[77.45533,13.68226],[77.45609,13.69072],[77.45466,13.69104],[77.45459,13.69564],[77.453,13.69601],[77.4525,13.70405],[77.45074,13.70483],[77.45007,13.7109],[77.45859,13.71089],[77.46166,13.70965],[77.46508,13.71088],[77.46336,13.72292],[77.46464,13.73413],[77.46667,13.73997],[77.46765,13.75317],[77.47055,13.75802],[77.46515,13.75868],[77.46379,13.7715],[77.46043,13.78047],[77.46138,13.78839],[77.45649,13.78872],[77.46087,13.803],[77.46463,13.80318],[77.46423,13.80792],[77.45746,13.80722],[77.45479,13.80985],[77.45251,13.8092],[77.44533,13.81102],[77.44059,13.80657],[77.43729,13.7972],[77.43575,13.7965],[77.42257,13.79909],[77.42549,13.80322],[77.42827,13.80347],[77.42865,13.80681],[77.41967,13.8096],[77.4185,13.80624],[77.41611,13.80668],[77.42302,13.82257],[77.42737,13.82834],[77.4274,13.8322],[77.43132,13.83665],[77.43252,13.84322],[77.42917,13.8448],[77.42683,13.84112],[77.4197,13.84161],[77.41554,13.83973],[77.39938,13.84105],[77.38813,13.83904],[77.3819,13.83936],[77.3794,13.84084],[77.38119,13.84729],[77.37689,13.85069],[77.37364,13.85263],[77.36243,13.85425],[77.35732,13.8513],[77.35328,13.84552],[77.34555,13.8411],[77.33684,13.83275],[77.32538,13.83324],[77.32469,13.83989],[77.32307,13.84],[77.32514,13.84538],[77.32165,13.84702],[77.32145,13.85592],[77.31907,13.85722],[77.31646,13.86327],[77.3115,13.86658],[77.31055,13.86288],[77.30358,13.86203],[77.29638,13.85701],[77.29492,13.8574],[77.29016,13.84825],[77.28828,13.84748],[77.28027,13.85105],[77.26834,13.84782],[77.25669,13.84652],[77.25615,13.85167],[77.25911,13.86314],[77.24636,13.86791],[77.24868,13.87352],[77.24472,13.88327],[77.24778,13.88832],[77.24827,13.90121],[77.24514,13.90301],[77.23647,13.90102],[77.23562,13.90414],[77.23065,13.90333],[77.22989,13.89161],[77.22666,13.88216],[77.22483,13.88292],[77.22401,13.88122],[77.21985,13.86772],[77.21541,13.86791],[77.21703,13.88374],[77.21555,13.88617],[77.21313,13.88619],[77.2102,13.88494],[77.20991,13.87807],[77.20043,13.86304],[77.18139,13.86984],[77.18568,13.87617],[77.18584,13.89233],[77.19084,13.91187],[77.18808,13.91391],[77.18471,13.92519],[77.16992,13.92061],[77.16193,13.90662],[77.16205,13.89906],[77.16876,13.88957],[77.16876,13.88052],[77.17136,13.87111],[77.16858,13.86449],[77.14764,13.86848],[77.13604,13.85652],[77.1282,13.85646],[77.13217,13.8462],[77.1452,13.84619],[77.15601,13.84435],[77.15368,13.83414],[77.16549,13.83311],[77.16868,13.82962],[77.16772,13.82121],[77.16265,13.81684],[77.15952,13.81686],[77.16279,13.81237],[77.16258,13.80866],[77.15752,13.80603],[77.1621,13.80476],[77.16285,13.79846],[77.16516,13.79447],[77.17559,13.7836],[77.17851,13.78268],[77.17305,13.76201],[77.15785,13.76399],[77.15111,13.76621],[77.14087,13.76504],[77.13983,13.7611],[77.13684,13.7583],[77.12233,13.7613],[77.11788,13.7645],[77.10596,13.76776],[77.09044,13.76714],[77.09022,13.76236],[77.08547,13.76234],[77.08383,13.75664],[77.08396,13.74577],[77.08563,13.74244],[77.07589,13.74284],[77.06978,13.74522],[77.0647,13.74383],[77.05991,13.74933],[77.0602,13.75283],[77.05749,13.75296],[77.05897,13.75716],[77.05804,13.7603],[77.05184,13.76418],[77.04861,13.77018],[77.04406,13.77084],[77.04337,13.77779],[77.02447,13.77922],[77.02388,13.7679],[77.01735,13.7561],[77.01868,13.74867],[77.01658,13.74586],[77.0165,13.73851],[76.9985,13.74557],[76.99687,13.74775],[76.99839,13.75505],[76.9945,13.75999],[76.9929,13.77075],[76.9852,13.7908],[76.98919,13.79463],[76.99169,13.80267],[76.98974,13.81294],[76.97641,13.81732],[76.97802,13.82687],[76.98289,13.8289],[76.9889,13.83526],[76.99223,13.84901],[76.9968,13.84895],[77.00654,13.85206],[77.01422,13.86031],[77.01319,13.87152],[77.01847,13.87254],[77.01625,13.88441],[77.02032,13.88843],[77.02063,13.89235],[77.02325,13.89593],[77.02303,13.9026],[77.03222,13.90518],[77.04729,13.9066],[77.04422,13.91476],[77.04166,13.93343],[77.03704,13.93695],[77.02437,13.93995],[77.01421,13.95487],[77.00627,13.95646],[76.99377,13.96256],[76.99618,13.97676],[77.00033,13.98942],[76.99949,13.99034],[76.99637,13.99051],[76.98197,14.00163],[76.96539,14.0115],[76.95586,14.01276],[76.94994,14.01509],[76.94378,14.0233],[76.94347,14.02974],[76.94016,14.0295],[76.93502,14.0328],[76.93113,14.0302],[76.9344,14.04464],[76.93238,14.05392],[76.95031,14.05356],[76.9586,14.05704],[76.97174,14.05802],[76.97646,14.06528],[76.97757,14.07129],[76.97526,14.074],[76.97497,14.08091],[76.97345,14.08352],[76.95941,14.09163],[76.95195,14.09196]]],[[[77.16443,14.34217],[77.15734,14.3421],[77.15266,14.33914],[77.13921,14.34014],[77.1357,14.33687],[77.137,14.33176],[77.13633,14.32302],[77.13059,14.30684],[77.12538,14.29988],[77.11564,14.29248],[77.11552,14.27424],[77.11019,14.26816],[77.11169,14.26536],[77.11119,14.26158],[77.12048,14.26293],[77.11856,14.25682],[77.11533,14.25453],[77.11832,14.24481],[77.11565,14.23758],[77.11667,14.22638],[77.11486,14.22314],[77.1008,14.21714],[77.08117,14.21415],[77.07589,14.22336],[77.06776,14.2284],[77.0618,14.22946],[77.06007,14.23228],[77.06028,14.2362],[77.05694,14.24067],[77.05773,14.2438],[77.05246,14.2455],[77.03605,14.24674],[77.03614,14.24487],[77.03054,14.24419],[77.03036,14.24227],[77.00848,14.238],[77.00566,14.23579],[77.00379,14.22956],[76.99929,14.2291],[77.00295,14.22156],[77.00562,14.22099],[77.00641,14.21506],[77.00608,14.20619],[77.0028,14.19796],[77.00922,14.19411],[77.01502,14.19341],[77.02146,14.18879],[77.02384,14.1863],[77.02206,14.17744],[77.02604,14.17479],[77.02041,14.15716],[77.02183,14.15195],[77.0201,14.1309],[77.02586,14.12994],[77.02622,14.12502],[77.02181,14.12325],[77.02406,14.11261],[77.01636,14.10424],[77.01466,14.10039],[77.01912,14.09639],[77.01842,14.09463],[77.0298,14.08817],[77.02888,14.07781],[77.02544,14.06573],[77.03152,14.05646],[77.04571,14.05669],[77.06742,14.05202],[77.07612,14.05327],[77.07532,14.04348],[77.07892,14.04264],[77.09512,14.04244],[77.10237,14.04524],[77.1274,14.04701],[77.13184,14.04392],[77.1364,14.0229],[77.14036,14.01796],[77.14173,14.0132],[77.14107,14.00386],[77.15127,14.00069],[77.15872,14.00204],[77.15965,14.00107],[77.17283,14.00108],[77.17095,14.012],[77.174,14.01298],[77.20467,14.00825],[77.20997,14.01104],[77.21572,14.01088],[77.21982,14.01357],[77.24535,14.01194],[77.24817,14.01757],[77.25679,14.02238],[77.26059,14.02886],[77.26312,14.02873],[77.27036,14.03448],[77.27732,14.03465],[77.27686,14.03197],[77.27876,14.03241],[77.27931,14.02602],[77.275,14.01128],[77.28188,14.01291],[77.29209,14.02001],[77.29547,14.02041],[77.29594,14.02193],[77.29827,14.02161],[77.2985,14.02361],[77.30136,14.02531],[77.30142,14.02741],[77.30658,14.032],[77.31081,14.03253],[77.32223,14.02999],[77.32152,14.02638],[77.32268,14.02301],[77.33686,14.00447],[77.33622,13.99537],[77.34818,13.99447],[77.36109,13.99081],[77.35934,13.98383],[77.35595,13.97908],[77.35212,13.96875],[77.35385,13.96279],[77.34949,13.95814],[77.37129,13.95275],[77.36745,13.94968],[77.36419,13.94286],[77.35521,13.93076],[77.34784,13.91596],[77.35016,13.91341],[77.35293,13.9139],[77.35445,13.90411],[77.36849,13.90295],[77.38717,13.90625],[77.39788,13.90618],[77.39994,13.89646],[77.39874,13.88813],[77.40546,13.88945],[77.41057,13.89631],[77.42051,13.89933],[77.42283,13.90282],[77.42841,13.90593],[77.42835,13.90908],[77.43227,13.91054],[77.43504,13.91501],[77.4349,13.91967],[77.41588,13.9242],[77.41488,13.93663],[77.41209,13.94556],[77.43072,13.94508],[77.43536,13.94751],[77.43758,13.95551],[77.43531,13.95766],[77.43475,13.96438],[77.43788,13.97552],[77.43402,13.98016],[77.42766,13.97968],[77.42589,13.98611],[77.41026,13.98389],[77.39569,13.98373],[77.38164,13.97623],[77.37967,13.98984],[77.38765,14.00571],[77.39016,14.0167],[77.38491,14.01603],[77.3323,14.03069],[77.33509,14.0454],[77.3405,14.06019],[77.34593,14.05967],[77.35477,14.06238],[77.36054,14.06256],[77.36366,14.07301],[77.37361,14.07701],[77.37562,14.07935],[77.38127,14.09784],[77.38618,14.09756],[77.38881,14.09948],[77.39761,14.10955],[77.40092,14.11871],[77.40103,14.12018],[77.39724,14.12318],[77.39736,14.12544],[77.39061,14.12664],[77.3821,14.1235],[77.37566,14.11868],[77.37197,14.1187],[77.36168,14.11533],[77.35355,14.10969],[77.34978,14.10313],[77.34747,14.10364],[77.35148,14.12037],[77.35137,14.12998],[77.35171,14.1311],[77.36057,14.13083],[77.37894,14.13584],[77.38335,14.14413],[77.38507,14.15326],[77.38804,14.15363],[77.38925,14.15965],[77.39488,14.16077],[77.39474,14.1687],[77.39162,14.17282],[77.39372,14.17425],[77.40785,14.17352],[77.42036,14.17695],[77.42277,14.17644],[77.4226,14.17298],[77.4302,14.17046],[77.44575,14.1717],[77.45682,14.16962],[77.467,14.17164],[77.46691,14.16603],[77.46809,14.16489],[77.48083,14.16474],[77.48813,14.16167],[77.49006,14.16236],[77.49961,14.1598],[77.50351,14.15712],[77.51065,14.17305],[77.51434,14.17665],[77.51367,14.17947],[77.51505,14.18025],[77.5152,14.18294],[77.51703,14.18281],[77.51703,14.18604],[77.50465,14.19398],[77.50133,14.20477],[77.50328,14.21054],[77.49449,14.22424],[77.49592,14.23199],[77.49279,14.23101],[77.49373,14.23301],[77.49237,14.23484],[77.49652,14.23691],[77.50341,14.25977],[77.50221,14.2614],[77.50386,14.26375],[77.49828,14.27885],[77.49275,14.27815],[77.49076,14.2813],[77.48712,14.28172],[77.48312,14.29071],[77.47893,14.29216],[77.46606,14.28309],[77.45965,14.2805],[77.45028,14.28071],[77.45063,14.28279],[77.44813,14.28261],[77.44518,14.29523],[77.44669,14.3066],[77.44622,14.31747],[77.43806,14.31638],[77.43126,14.31296],[77.4283,14.32415],[77.42927,14.32646],[77.4284,14.32864],[77.42308,14.32818],[77.41089,14.33695],[77.40644,14.33775],[77.39417,14.33659],[77.38909,14.33313],[77.38555,14.3279],[77.37904,14.32272],[77.37692,14.30626],[77.37782,14.30139],[77.3824,14.29901],[77.38506,14.29297],[77.3854,14.28586],[77.38925,14.27856],[77.38736,14.27087],[77.39578,14.26612],[77.40538,14.26669],[77.40694,14.25969],[77.40883,14.25985],[77.40967,14.23192],[77.41148,14.23238],[77.41212,14.22769],[77.41769,14.22584],[77.41724,14.22185],[77.41939,14.21162],[77.41413,14.20476],[77.4095,14.20554],[77.40077,14.20321],[77.39199,14.1989],[77.38709,14.20002],[77.38667,14.20352],[77.38322,14.20744],[77.3842,14.22095],[77.37917,14.22648],[77.36637,14.23285],[77.35949,14.23401],[77.36012,14.24531],[77.36383,14.25469],[77.36186,14.26875],[77.36382,14.27583],[77.33906,14.2769],[77.33016,14.27986],[77.31426,14.28051],[77.30534,14.28344],[77.28933,14.2813],[77.28354,14.28274],[77.28289,14.28607],[77.28795,14.29876],[77.28883,14.30547],[77.28854,14.32714],[77.28744,14.32716],[77.28657,14.3401],[77.28484,14.3401],[77.28388,14.33753],[77.27712,14.33754],[77.26931,14.33211],[77.26357,14.3328],[77.25858,14.33092],[77.25828,14.32748],[77.25336,14.32526],[77.25387,14.32223],[77.24734,14.31781],[77.2382,14.31736],[77.23396,14.31802],[77.22867,14.3212],[77.21347,14.31878],[77.19742,14.32118],[77.18404,14.33247],[77.18104,14.33038],[77.18102,14.33191],[77.17795,14.33422],[77.17868,14.33548],[77.16932,14.33544],[77.16691,14.34208],[77.16443,14.34217]]]]}},{"type":"Feature","id":"KA-549","properties":{"districtCode":"KA-549","lgdCode":"549","districtName":"Udupi","stateCode":"KA","stateLgdCode":"29","sourceName":"Udupi"},"geometry":{"type":"Polygon","coordinates":[[[74.68871,13.95574],[74.68458,13.95775],[74.68559,13.95836],[74.68321,13.96496],[74.67476,13.96895],[74.67304,13.97341],[74.66578,13.98002],[74.66518,13.98215],[74.65535,13.97461],[74.6494,13.96331],[74.64428,13.9575],[74.64442,13.95532],[74.65026,13.94958],[74.65157,13.94593],[74.64784,13.94343],[74.64719,13.94015],[74.63765,13.93766],[74.63402,13.941],[74.63485,13.94361],[74.63064,13.94295],[74.63045,13.94543],[74.62361,13.93611],[74.62039,13.93541],[74.61892,13.9411],[74.60554,13.94066],[74.59965,13.93546],[74.59884,13.93186],[74.59708,13.93166],[74.59569,13.94127],[74.59326,13.93894],[74.59268,13.93416],[74.59014,13.93027],[74.58778,13.93047],[74.58199,13.92524],[74.58679,13.91827],[74.5898,13.90952],[74.59606,13.8831],[74.60183,13.87286],[74.61007,13.865],[74.61003,13.86105],[74.60862,13.86315],[74.60901,13.86013],[74.62581,13.79685],[74.64068,13.71842],[74.64555,13.68196],[74.65177,13.66509],[74.65439,13.66389],[74.66364,13.65194],[74.66625,13.63782],[74.66851,13.64017],[74.66937,13.63479],[74.66729,13.63229],[74.68222,13.54281],[74.68666,13.50184],[74.68883,13.46427],[74.69543,13.45518],[74.6939,13.45357],[74.69237,13.45631],[74.69118,13.45497],[74.69246,13.4521],[74.69322,13.44336],[74.69197,13.43975],[74.69657,13.40528],[74.69491,13.37591],[74.69711,13.34736],[74.69978,13.34646],[74.70031,13.34442],[74.69506,13.34507],[74.69359,13.34371],[74.69829,13.34256],[74.70753,13.33469],[74.71637,13.31258],[74.71893,13.29582],[74.71896,13.28627],[74.72687,13.265],[74.72928,13.25275],[74.73179,13.25053],[74.736,13.22652],[74.73684,13.22487],[74.73932,13.22439],[74.73749,13.2236],[74.74406,13.19371],[74.75169,13.17428],[74.77633,13.07152],[74.77955,13.07237],[74.77731,13.08],[74.78077,13.08927],[74.77961,13.09585],[74.7771,13.09945],[74.77748,13.10271],[74.77999,13.10429],[74.78249,13.10386],[74.7841,13.10026],[74.79178,13.09653],[74.79825,13.1043],[74.79839,13.10836],[74.79668,13.11115],[74.79551,13.11134],[74.79524,13.10955],[74.79163,13.11236],[74.79094,13.11514],[74.79208,13.11697],[74.79525,13.1176],[74.80181,13.11478],[74.8066,13.11591],[74.80961,13.11322],[74.81202,13.11526],[74.81248,13.11922],[74.81457,13.12232],[74.82266,13.12374],[74.82605,13.12955],[74.83248,13.12988],[74.8342,13.12773],[74.83877,13.1288],[74.84153,13.12726],[74.8463,13.12954],[74.84975,13.1263],[74.85981,13.12791],[74.86307,13.12676],[74.86381,13.12218],[74.86825,13.1215],[74.87514,13.10567],[74.8742,13.09931],[74.87825,13.09531],[74.90466,13.10699],[74.91185,13.10805],[74.91203,13.1103],[74.90902,13.11092],[74.90911,13.11189],[74.91257,13.11246],[74.91374,13.11554],[74.91325,13.12079],[74.90821,13.12387],[74.91055,13.13291],[74.91608,13.13652],[74.92,13.14296],[74.93331,13.14971],[74.93563,13.14428],[74.93999,13.14555],[74.94273,13.14331],[74.94246,13.1419],[74.94084,13.14238],[74.94111,13.13802],[74.94399,13.13634],[74.93967,13.13432],[74.94017,13.13326],[74.94875,13.12406],[74.94833,13.12288],[74.95332,13.12104],[74.95444,13.12118],[74.95413,13.12325],[74.95977,13.12281],[74.96101,13.12677],[74.96359,13.12536],[74.97486,13.12937],[74.98542,13.14812],[74.9887,13.1523],[74.99153,13.15283],[74.99421,13.15728],[75.00291,13.15234],[75.01095,13.14064],[75.01518,13.13083],[75.02433,13.13866],[75.03186,13.13886],[75.0343,13.14145],[75.03664,13.14165],[75.04287,13.14023],[75.04773,13.13619],[75.05851,13.13153],[75.07123,13.1365],[75.07051,13.14324],[75.07641,13.14781],[75.08363,13.14593],[75.08058,13.15604],[75.08089,13.16179],[75.08689,13.1613],[75.08933,13.16457],[75.09197,13.16249],[75.09747,13.16487],[75.09991,13.16289],[75.09706,13.15595],[75.10368,13.15773],[75.10408,13.15595],[75.10093,13.15406],[75.10368,13.15108],[75.11288,13.15081],[75.11283,13.1491],[75.1107,13.14751],[75.12067,13.13621],[75.12016,13.13472],[75.11586,13.13348],[75.11512,13.13125],[75.12004,13.13091],[75.12227,13.13308],[75.12853,13.13194],[75.12874,13.13453],[75.1321,13.1328],[75.13642,13.13377],[75.1375,13.13176],[75.14468,13.13134],[75.1436,13.12856],[75.14485,13.1262],[75.15079,13.12486],[75.15915,13.1314],[75.15884,13.13288],[75.16185,13.13195],[75.16767,13.13624],[75.17087,13.14484],[75.17659,13.14718],[75.18035,13.15441],[75.18029,13.15804],[75.19212,13.16355],[75.19988,13.17001],[75.2058,13.17728],[75.20108,13.18051],[75.19845,13.17958],[75.19528,13.18256],[75.18984,13.18308],[75.18558,13.18705],[75.18074,13.19503],[75.17703,13.19674],[75.17559,13.19916],[75.17664,13.20183],[75.17356,13.20397],[75.17243,13.20329],[75.1705,13.20475],[75.16901,13.20431],[75.16912,13.20292],[75.16675,13.2028],[75.16599,13.20767],[75.16883,13.21159],[75.16209,13.22903],[75.15805,13.24778],[75.15361,13.25761],[75.1529,13.26431],[75.14384,13.27734],[75.13994,13.28807],[75.13609,13.2898],[75.13125,13.28777],[75.13091,13.28584],[75.12605,13.28662],[75.12092,13.28488],[75.1193,13.28212],[75.11247,13.28247],[75.1122,13.28584],[75.10516,13.29275],[75.10069,13.30107],[75.09603,13.31702],[75.08221,13.33576],[75.07853,13.34296],[75.08335,13.34417],[75.08884,13.34991],[75.08973,13.36119],[75.09855,13.35691],[75.1021,13.36011],[75.10819,13.35927],[75.11205,13.3564],[75.11456,13.35712],[75.11702,13.36158],[75.12281,13.3652],[75.12768,13.36614],[75.1273,13.37056],[75.12932,13.37747],[75.12709,13.38521],[75.1319,13.39118],[75.13956,13.38677],[75.14308,13.39179],[75.14635,13.39282],[75.14654,13.39561],[75.13989,13.40677],[75.1431,13.40818],[75.14532,13.41828],[75.14948,13.41898],[75.15089,13.42705],[75.15496,13.43027],[75.14874,13.43683],[75.15301,13.43993],[75.15452,13.45313],[75.14413,13.45471],[75.14556,13.4572],[75.14232,13.45778],[75.14073,13.46133],[75.13261,13.4607],[75.12667,13.46214],[75.11577,13.4568],[75.11122,13.46065],[75.1131,13.46656],[75.10396,13.48245],[75.10227,13.48894],[75.09679,13.48644],[75.09203,13.48963],[75.0907,13.49331],[75.08761,13.49442],[75.07987,13.49246],[75.0775,13.49663],[75.07956,13.50462],[75.07684,13.51427],[75.06826,13.52345],[75.06416,13.52389],[75.0618,13.51798],[75.06007,13.51889],[75.05939,13.52105],[75.06265,13.52868],[75.04901,13.53733],[75.04955,13.55404],[75.04545,13.5569],[75.04255,13.55606],[75.04216,13.56148],[75.03499,13.56712],[75.03363,13.57384],[75.03721,13.57697],[75.03779,13.57996],[75.04516,13.5853],[75.05078,13.58329],[75.05588,13.58616],[75.05668,13.58895],[75.05875,13.58933],[75.05998,13.5916],[75.06127,13.60261],[75.05577,13.61047],[75.05196,13.61056],[75.04997,13.608],[75.04394,13.61037],[75.03942,13.61034],[75.03625,13.61319],[75.03647,13.6165],[75.03241,13.61924],[75.02771,13.62598],[75.02819,13.62712],[75.02335,13.6272],[75.02097,13.6309],[75.01787,13.63136],[75.01542,13.63467],[75.01779,13.64046],[75.01496,13.64431],[75.01339,13.65196],[75.01495,13.65423],[75.01272,13.65777],[75.01571,13.66356],[75.02432,13.66049],[75.029,13.66694],[75.02844,13.67016],[75.01837,13.67324],[75.01532,13.67611],[75.01205,13.67674],[75.0131,13.68916],[75.01089,13.68934],[75.01097,13.69104],[75.02075,13.69393],[75.0213,13.6981],[75.01296,13.70204],[75.01123,13.70751],[75.00077,13.71062],[74.99112,13.71004],[74.98866,13.72019],[74.99344,13.72118],[74.99855,13.73835],[74.99524,13.74035],[74.98982,13.73988],[74.98688,13.74332],[74.97606,13.74648],[74.97159,13.75113],[74.96318,13.75139],[74.95968,13.75408],[74.94809,13.75692],[74.94671,13.7601],[74.94416,13.75995],[74.93774,13.76389],[74.93531,13.76815],[74.93532,13.77173],[74.92798,13.7688],[74.93147,13.7781],[74.93135,13.78069],[74.92936,13.78253],[74.93327,13.78821],[74.93099,13.79226],[74.92437,13.79628],[74.92545,13.80335],[74.92364,13.81267],[74.91644,13.82316],[74.91598,13.83386],[74.9122,13.84464],[74.91245,13.8534],[74.90692,13.86024],[74.88985,13.8659],[74.87869,13.86745],[74.87611,13.86419],[74.8763,13.86052],[74.87083,13.85712],[74.86511,13.85719],[74.8577,13.86895],[74.85615,13.8784],[74.84146,13.89368],[74.83985,13.89738],[74.83722,13.89691],[74.83104,13.90289],[74.81962,13.9078],[74.81619,13.90561],[74.80867,13.90573],[74.80066,13.91011],[74.7946,13.9104],[74.79297,13.9057],[74.79146,13.90549],[74.79015,13.91042],[74.78785,13.91322],[74.78149,13.91352],[74.77765,13.91514],[74.7634,13.91433],[74.76264,13.91596],[74.75687,13.91225],[74.75497,13.90905],[74.74507,13.91483],[74.74181,13.91481],[74.73397,13.91407],[74.7303,13.91051],[74.72284,13.90718],[74.71174,13.90509],[74.71378,13.91633],[74.70972,13.92101],[74.70774,13.92683],[74.70567,13.92551],[74.69672,13.92775],[74.6905,13.93349],[74.69277,13.93604],[74.69903,13.93806],[74.70058,13.94443],[74.69768,13.95164],[74.69347,13.95476],[74.68871,13.95574]]]}},{"type":"Feature","id":"KA-550","properties":{"districtCode":"KA-550","lgdCode":"550","districtName":"Uttara Kannada","stateCode":"KA","stateLgdCode":"29","sourceName":"Uttara Kannada"},"geometry":{"type":"MultiPolygon","coordinates":[[[[74.24167,14.71151],[74.23863,14.71137],[74.23772,14.70927],[74.24013,14.70873],[74.24167,14.71151]]],[[[74.15677,14.73679],[74.15808,14.73873],[74.15339,14.74221],[74.15239,14.74002],[74.15677,14.73679]]],[[[74.11342,14.75768],[74.11091,14.76188],[74.10807,14.75963],[74.10817,14.75775],[74.11049,14.75644],[74.10967,14.75393],[74.11138,14.75536],[74.1195,14.75279],[74.11905,14.7552],[74.11342,14.75768]]],[[[74.08897,14.79371],[74.08898,14.7955],[74.08599,14.79636],[74.08722,14.79368],[74.08897,14.79371]]],[[[74.05675,14.81659],[74.05399,14.81634],[74.05735,14.8154],[74.05675,14.81659]]],[[[74.06479,14.81961],[74.06575,14.8201],[74.06417,14.82134],[74.06209,14.82091],[74.06266,14.81929],[74.06479,14.81961]]],[[[74.05905,14.82146],[74.05806,14.82216],[74.0579,14.82045],[74.05658,14.82047],[74.05711,14.81893],[74.06166,14.82022],[74.06145,14.82166],[74.05905,14.82146]]],[[[74.09364,14.83582],[74.09586,14.83756],[74.0937,14.83883],[74.09253,14.83708],[74.09364,14.83582]]],[[[74.10004,14.84466],[74.09732,14.84639],[74.09614,14.84576],[74.09737,14.84233],[74.10074,14.84118],[74.1019,14.84369],[74.10004,14.84466]]],[[[74.10775,14.86519],[74.10628,14.86541],[74.10661,14.86484],[74.10775,14.86519]]],[[[74.29571,15.52286],[74.29172,15.52496],[74.27815,15.52285],[74.27847,15.51748],[74.2749,15.51306],[74.2603,15.50646],[74.25382,15.50172],[74.25091,15.49159],[74.26398,15.47236],[74.27545,15.44919],[74.27737,15.44049],[74.27506,15.43646],[74.27689,15.43521],[74.26992,15.42604],[74.26878,15.4191],[74.27041,15.41596],[74.27432,15.41358],[74.2783,15.40569],[74.27587,15.39159],[74.28299,15.38294],[74.29871,15.38194],[74.3086,15.37445],[74.3232,15.36768],[74.31626,15.363],[74.31604,15.35997],[74.32184,15.3436],[74.31722,15.33517],[74.31702,15.32912],[74.32443,15.30991],[74.33644,15.29494],[74.32637,15.28374],[74.32057,15.2847],[74.31963,15.28344],[74.30796,15.28333],[74.29433,15.28919],[74.29335,15.28451],[74.28765,15.28389],[74.28179,15.28042],[74.27633,15.28353],[74.27149,15.28113],[74.26103,15.26019],[74.25111,15.25885],[74.25469,15.25407],[74.2522,15.25103],[74.25955,15.24102],[74.28114,15.23626],[74.2867,15.23281],[74.2915,15.23382],[74.30161,15.22434],[74.29986,15.21993],[74.30144,15.21705],[74.30221,15.21801],[74.30452,15.21672],[74.30575,15.2094],[74.31005,15.20629],[74.30862,15.20179],[74.31039,15.19468],[74.31696,15.18626],[74.31738,15.18375],[74.31417,15.18054],[74.31425,15.17752],[74.31156,15.17534],[74.29567,15.15124],[74.29135,15.14891],[74.28513,15.14903],[74.28358,15.14287],[74.28519,15.13672],[74.28419,15.13279],[74.28488,15.11391],[74.28288,15.11303],[74.28266,15.10674],[74.27655,15.10538],[74.27265,15.0975],[74.27524,15.09595],[74.27969,15.08808],[74.28073,15.06882],[74.28373,15.06614],[74.28951,15.06482],[74.29025,15.05361],[74.29461,15.04917],[74.29649,15.04121],[74.28824,15.03674],[74.28326,15.03157],[74.28341,15.02353],[74.27245,15.01425],[74.26647,15.00689],[74.26807,15.00201],[74.25361,14.99815],[74.25212,14.99268],[74.2577,14.98823],[74.26432,14.97852],[74.26099,14.97647],[74.2591,14.97006],[74.25527,14.97042],[74.2526,14.95909],[74.24923,14.95904],[74.24755,14.96192],[74.24559,14.96188],[74.23914,14.96673],[74.2367,14.96685],[74.23286,14.96412],[74.23175,14.95337],[74.2298,14.9505],[74.22596,14.95046],[74.21755,14.94595],[74.21366,14.94769],[74.21164,14.94354],[74.21263,14.94027],[74.20913,14.93806],[74.20422,14.92834],[74.20154,14.92572],[74.19166,14.93304],[74.19466,14.93709],[74.19476,14.93994],[74.19126,14.94501],[74.17972,14.9508],[74.17836,14.95367],[74.17946,14.95705],[74.17476,14.95853],[74.17138,14.95719],[74.16361,14.95848],[74.16077,14.95555],[74.15915,14.95585],[74.15833,14.94931],[74.15416,14.94343],[74.15547,14.9422],[74.15426,14.93984],[74.15624,14.93887],[74.15855,14.93023],[74.16258,14.92689],[74.16591,14.91859],[74.16619,14.91655],[74.16212,14.91214],[74.15342,14.91714],[74.14572,14.91895],[74.14015,14.92323],[74.13504,14.92209],[74.12983,14.92547],[74.12423,14.92532],[74.12043,14.91985],[74.1216,14.91797],[74.11998,14.9169],[74.11461,14.91836],[74.10962,14.91697],[74.10851,14.91394],[74.1048,14.9129],[74.10163,14.91579],[74.09453,14.91099],[74.09028,14.90341],[74.08819,14.90343],[74.08578,14.9009],[74.08503,14.89984],[74.08741,14.89891],[74.09116,14.89988],[74.09648,14.89745],[74.09994,14.88829],[74.09967,14.88075],[74.10588,14.87424],[74.1104,14.86295],[74.11191,14.84679],[74.11493,14.84168],[74.11587,14.84272],[74.11329,14.84572],[74.12322,14.8412],[74.1251,14.83789],[74.12402,14.83197],[74.12618,14.81693],[74.12426,14.805],[74.12205,14.80426],[74.12055,14.80132],[74.11624,14.80204],[74.11334,14.79679],[74.11185,14.79681],[74.11125,14.79858],[74.11422,14.8023],[74.11262,14.80508],[74.10615,14.80608],[74.10433,14.80449],[74.10218,14.80702],[74.09992,14.80701],[74.09357,14.80574],[74.09277,14.804],[74.09572,14.799],[74.10028,14.79788],[74.10257,14.79327],[74.10831,14.79373],[74.10951,14.79252],[74.11127,14.78983],[74.11019,14.78502],[74.11521,14.78839],[74.11783,14.78655],[74.12156,14.78022],[74.11881,14.77738],[74.11944,14.77399],[74.12058,14.77554],[74.12197,14.77451],[74.12491,14.77517],[74.12509,14.77767],[74.12812,14.78055],[74.13205,14.78052],[74.13453,14.77814],[74.13715,14.78018],[74.14238,14.77854],[74.15775,14.75993],[74.15774,14.75793],[74.15339,14.75589],[74.15236,14.75183],[74.15055,14.75105],[74.15211,14.74706],[74.15755,14.74493],[74.15825,14.74975],[74.16321,14.75264],[74.17399,14.75186],[74.17572,14.74971],[74.17716,14.75056],[74.185,14.7444],[74.19307,14.7346],[74.19489,14.73054],[74.19268,14.72662],[74.19965,14.72352],[74.20403,14.71928],[74.20843,14.71764],[74.20276,14.73207],[74.20381,14.73639],[74.20868,14.7378],[74.21038,14.73358],[74.21865,14.73752],[74.22181,14.73611],[74.2229,14.7376],[74.22758,14.73804],[74.22814,14.74065],[74.22613,14.74772],[74.23424,14.74843],[74.24932,14.74118],[74.25044,14.7362],[74.2628,14.71981],[74.26494,14.71288],[74.26186,14.70943],[74.25676,14.70756],[74.25742,14.70634],[74.26088,14.7071],[74.26351,14.7049],[74.26663,14.70542],[74.27234,14.70009],[74.27105,14.69905],[74.28286,14.6753],[74.28032,14.67113],[74.27732,14.67204],[74.27552,14.67018],[74.27771,14.66953],[74.27564,14.66635],[74.27796,14.66588],[74.27938,14.66212],[74.28178,14.66401],[74.2843,14.66357],[74.27968,14.66012],[74.27868,14.6565],[74.28053,14.65639],[74.28227,14.65335],[74.2805,14.64924],[74.28271,14.64917],[74.283,14.64708],[74.28516,14.6471],[74.28452,14.64338],[74.28644,14.63421],[74.2816,14.62648],[74.2793,14.62561],[74.27137,14.63007],[74.27043,14.62698],[74.27358,14.62748],[74.27864,14.61836],[74.27899,14.61409],[74.28132,14.61014],[74.28717,14.60506],[74.293,14.59649],[74.2943,14.58955],[74.31473,14.54572],[74.31413,14.54049],[74.31079,14.53878],[74.3108,14.5367],[74.3122,14.534],[74.31165,14.5319],[74.31629,14.53087],[74.31599,14.52657],[74.31152,14.52467],[74.31022,14.52137],[74.31358,14.52171],[74.31653,14.51951],[74.32565,14.51985],[74.32669,14.51602],[74.33007,14.51664],[74.33093,14.5183],[74.33499,14.51806],[74.33708,14.51932],[74.34028,14.51466],[74.34471,14.52135],[74.34858,14.52056],[74.35473,14.52217],[74.35989,14.51092],[74.35542,14.50842],[74.35461,14.5025],[74.3605,14.50107],[74.36378,14.49406],[74.38357,14.43951],[74.38238,14.43645],[74.38263,14.43467],[74.38418,14.43413],[74.38025,14.43128],[74.38414,14.42955],[74.38487,14.42666],[74.38339,14.42452],[74.38111,14.42439],[74.38232,14.42148],[74.38603,14.41833],[74.3889,14.41978],[74.3938,14.41859],[74.39767,14.40818],[74.40138,14.3955],[74.40174,14.38787],[74.40476,14.3753],[74.40463,14.37219],[74.40243,14.36883],[74.40496,14.36554],[74.40493,14.35768],[74.4125,14.3294],[74.41295,14.31727],[74.41858,14.30459],[74.44304,14.22988],[74.44166,14.22457],[74.44959,14.21616],[74.44891,14.21257],[74.45061,14.21179],[74.4504,14.20856],[74.45291,14.20717],[74.45296,14.20368],[74.45425,14.20311],[74.45347,14.20029],[74.4577,14.19908],[74.46077,14.20113],[74.46391,14.20053],[74.46893,14.18868],[74.47896,14.1438],[74.47709,14.14019],[74.47864,14.13967],[74.48001,14.13611],[74.48669,14.10516],[74.48567,14.09447],[74.48826,14.09157],[74.48855,14.0866],[74.49257,14.0782],[74.49995,14.04825],[74.50073,14.02915],[74.50299,14.02688],[74.50136,14.02335],[74.50916,14.00765],[74.50993,14.0017],[74.509,14.00111],[74.51286,13.99649],[74.51398,13.98686],[74.52841,13.97251],[74.53245,13.96482],[74.53436,13.96463],[74.53474,13.96781],[74.539,13.96439],[74.54202,13.95729],[74.54728,13.95529],[74.54929,13.94915],[74.55717,13.95134],[74.56132,13.94541],[74.56718,13.9488],[74.57368,13.93836],[74.57823,13.92675],[74.58199,13.92524],[74.58778,13.93047],[74.59014,13.93027],[74.59268,13.93416],[74.59326,13.93894],[74.59569,13.94127],[74.59708,13.93166],[74.59884,13.93186],[74.59965,13.93546],[74.60554,13.94066],[74.61892,13.9411],[74.62039,13.93541],[74.62361,13.93611],[74.63045,13.94543],[74.63064,13.94295],[74.63485,13.94361],[74.63402,13.941],[74.63765,13.93766],[74.6474,13.94038],[74.64784,13.94343],[74.65157,13.94593],[74.65026,13.94958],[74.64442,13.95532],[74.64428,13.9575],[74.6494,13.96331],[74.65535,13.97461],[74.66518,13.98215],[74.66311,13.99389],[74.66962,14.00686],[74.66875,14.00865],[74.67751,14.03478],[74.65521,14.03909],[74.65392,14.04386],[74.65712,14.05302],[74.66084,14.05836],[74.65357,14.07443],[74.63735,14.09459],[74.65566,14.11327],[74.6463,14.11441],[74.643,14.13599],[74.64488,14.14207],[74.62899,14.14423],[74.62522,14.16249],[74.65057,14.17006],[74.6655,14.18441],[74.69054,14.16617],[74.69748,14.17309],[74.70747,14.17],[74.72337,14.15258],[74.74302,14.14902],[74.74791,14.14266],[74.74842,14.15685],[74.72873,14.17489],[74.71871,14.21394],[74.71592,14.23323],[74.72999,14.26382],[74.73509,14.26224],[74.74489,14.25534],[74.75266,14.2473],[74.7574,14.24515],[74.76369,14.2379],[74.77294,14.23936],[74.78114,14.23581],[74.7835,14.23101],[74.79176,14.22735],[74.80083,14.22921],[74.80334,14.23202],[74.80581,14.23077],[74.80738,14.23222],[74.80931,14.23062],[74.81823,14.23231],[74.82223,14.22779],[74.83228,14.23002],[74.83737,14.22712],[74.84032,14.223],[74.84542,14.21949],[74.8456,14.21756],[74.84861,14.21705],[74.84976,14.21374],[74.85338,14.21122],[74.85669,14.21276],[74.85923,14.21876],[74.86629,14.21971],[74.86694,14.22727],[74.8682,14.22715],[74.86839,14.23802],[74.8732,14.24123],[74.88024,14.23459],[74.87528,14.22777],[74.87609,14.2194],[74.87952,14.22105],[74.88,14.21949],[74.87746,14.21799],[74.87764,14.21577],[74.89006,14.21682],[74.89618,14.2206],[74.8952,14.22253],[74.89682,14.22738],[74.90016,14.22968],[74.90349,14.22934],[74.90448,14.23069],[74.90892,14.22774],[74.91285,14.22947],[74.91638,14.22738],[74.91981,14.22749],[74.92321,14.23246],[74.92885,14.2353],[74.92716,14.23683],[74.93039,14.23891],[74.93039,14.24104],[74.93533,14.24312],[74.93584,14.25208],[74.9383,14.25629],[74.93687,14.25613],[74.93513,14.2584],[74.9342,14.26329],[74.92839,14.2647],[74.92722,14.27657],[74.92387,14.2783],[74.9166,14.27311],[74.91555,14.27616],[74.91318,14.27608],[74.90999,14.27816],[74.90757,14.28535],[74.90855,14.28709],[74.90692,14.29467],[74.91354,14.29928],[74.9134,14.30395],[74.91624,14.30812],[74.91792,14.30843],[74.91763,14.31058],[74.92034,14.31569],[74.92547,14.31953],[74.93028,14.32035],[74.93099,14.31882],[74.93679,14.32234],[74.93921,14.3194],[74.94239,14.31833],[74.94894,14.31947],[74.95178,14.31688],[74.95222,14.31834],[74.95568,14.31957],[74.95624,14.32259],[74.95781,14.32337],[74.96163,14.3216],[74.96329,14.31841],[74.96731,14.31716],[74.96814,14.31509],[74.97152,14.31572],[74.97675,14.31968],[74.97671,14.32112],[74.97322,14.32328],[74.97239,14.32039],[74.96962,14.3257],[74.97294,14.32657],[74.97375,14.33139],[74.97623,14.33156],[74.9741,14.33333],[74.97334,14.33717],[74.97437,14.33751],[74.95909,14.34214],[74.95509,14.34985],[74.95231,14.35166],[74.95028,14.35065],[74.93924,14.35848],[74.94069,14.36765],[74.94594,14.37384],[74.9498,14.37599],[74.95068,14.38226],[74.94823,14.39353],[74.94867,14.39898],[74.94609,14.4018],[74.94076,14.40124],[74.93357,14.40393],[74.91714,14.43149],[74.90982,14.43198],[74.88077,14.42917],[74.88039,14.43436],[74.87802,14.43548],[74.87457,14.44756],[74.89062,14.46216],[74.8989,14.4641],[74.90877,14.45767],[74.91545,14.45942],[74.92095,14.45915],[74.91829,14.46644],[74.90301,14.47321],[74.89341,14.47397],[74.88925,14.47932],[74.89084,14.48534],[74.89039,14.49099],[74.89476,14.50108],[74.89463,14.50739],[74.89816,14.50826],[74.90207,14.51517],[74.90092,14.52934],[74.90452,14.53039],[74.9138,14.52881],[74.9268,14.52902],[74.92963,14.52335],[74.93572,14.51869],[74.93915,14.5248],[74.93826,14.5262],[74.94175,14.53118],[74.94102,14.53452],[74.94333,14.53266],[74.94863,14.53641],[74.95424,14.5512],[74.9626,14.54946],[74.97007,14.55097],[74.9768,14.54867],[74.97677,14.53313],[74.97968,14.5242],[74.97253,14.52385],[74.97178,14.52076],[74.9731,14.51851],[74.97829,14.51707],[74.97962,14.51385],[74.98222,14.51325],[74.9906,14.5011],[74.9911,14.49339],[74.98449,14.48633],[74.98787,14.481],[74.98738,14.47809],[74.98951,14.47269],[74.99559,14.47779],[75.00548,14.48052],[75.00877,14.48413],[75.00645,14.48745],[75.01857,14.49673],[75.03194,14.49975],[75.04064,14.50018],[75.0402,14.50653],[75.0418,14.51128],[75.0406,14.5219],[75.03686,14.5294],[75.05235,14.53355],[75.05462,14.53956],[75.05879,14.54095],[75.0613,14.54358],[75.05474,14.54886],[75.04866,14.54564],[75.04406,14.54603],[75.03967,14.54918],[75.03893,14.55251],[75.03664,14.55375],[75.03352,14.55876],[75.02428,14.56108],[75.021,14.56947],[75.02086,14.57448],[75.02438,14.57734],[75.02363,14.58058],[75.02666,14.58346],[75.02509,14.59783],[75.02323,14.602],[75.02517,14.60493],[75.02349,14.6066],[75.02552,14.60843],[75.02674,14.6157],[75.0369,14.62965],[75.04018,14.63762],[75.04895,14.64204],[75.05084,14.6495],[75.04502,14.65432],[75.04346,14.65823],[75.04053,14.66073],[75.03867,14.65862],[75.03523,14.65798],[75.03098,14.66493],[75.03045,14.67234],[75.03596,14.67559],[75.03197,14.69563],[75.03215,14.70792],[75.02468,14.70779],[75.02253,14.71021],[75.01721,14.70991],[75.01513,14.72037],[75.01853,14.72193],[75.01899,14.72372],[75.02212,14.72397],[75.02254,14.72558],[75.02847,14.72578],[75.03038,14.72993],[75.03295,14.72764],[75.03826,14.72788],[75.03781,14.73833],[75.0444,14.7392],[75.04345,14.74283],[75.04714,14.74447],[75.04693,14.7526],[75.04326,14.75577],[75.04021,14.76692],[75.0411,14.77402],[75.05012,14.7735],[75.05052,14.77562],[75.05307,14.77699],[75.05528,14.77584],[75.06294,14.77643],[75.06319,14.77914],[75.06564,14.7821],[75.06991,14.78297],[75.06675,14.78609],[75.0687,14.78704],[75.06849,14.79842],[75.05581,14.80499],[75.05542,14.81469],[75.06548,14.81044],[75.07487,14.80857],[75.09163,14.81114],[75.09035,14.82021],[75.07383,14.8258],[75.07158,14.8335],[75.06795,14.83708],[75.06784,14.84005],[75.06923,14.8411],[75.07393,14.85584],[75.07167,14.86778],[75.07439,14.86893],[75.0715,14.8716],[75.07016,14.89008],[75.07141,14.90051],[75.06972,14.90176],[75.06735,14.91868],[75.07777,14.923],[75.08475,14.92145],[75.08225,14.92594],[75.10126,14.92684],[75.10119,14.93162],[75.10292,14.93424],[75.0973,14.94274],[75.09802,14.94717],[75.09447,14.95133],[75.09892,14.95633],[75.08383,14.95643],[75.08134,14.96915],[75.07617,14.97381],[75.06927,15.01517],[75.07714,15.03725],[75.0739,15.04092],[75.07409,15.05241],[75.08204,15.07461],[75.07095,15.07034],[75.05821,15.0723],[75.05528,15.07376],[75.05399,15.08288],[75.04732,15.08174],[75.04375,15.07915],[75.03357,15.07849],[75.03259,15.07457],[75.03045,15.07474],[75.03025,15.07313],[75.02765,15.07382],[75.02595,15.07221],[75.02554,15.07323],[75.02227,15.07025],[75.02009,15.07021],[75.01832,15.07258],[75.01748,15.07077],[75.01423,15.07053],[75.01293,15.06828],[75.00916,15.06962],[75.00843,15.07138],[75.005,15.06997],[75.0028,15.07006],[75.00264,15.07123],[74.99841,15.07007],[74.99404,15.07349],[74.98602,15.07287],[74.98624,15.07121],[74.97931,15.06899],[74.97446,15.07054],[74.96366,15.06938],[74.95761,15.06483],[74.95084,15.06747],[74.94426,15.06417],[74.94062,15.06644],[74.93913,15.05707],[74.94163,15.05615],[74.94056,15.05194],[74.9317,15.05206],[74.92986,15.04934],[74.92807,15.0501],[74.92393,15.04844],[74.92213,15.04514],[74.9187,15.04421],[74.91706,15.03878],[74.9107,15.04114],[74.90814,15.05084],[74.90056,15.04927],[74.89093,15.04476],[74.88795,15.05024],[74.88978,15.05342],[74.88615,15.06341],[74.88719,15.06559],[74.87846,15.07377],[74.88011,15.08475],[74.88383,15.08819],[74.88947,15.08881],[74.89322,15.09357],[74.89198,15.09697],[74.8891,15.0999],[74.88009,15.10006],[74.87414,15.10277],[74.86879,15.10216],[74.86423,15.10368],[74.8593,15.10272],[74.8539,15.11107],[74.85125,15.12087],[74.84687,15.12307],[74.8433,15.1219],[74.84075,15.12721],[74.83545,15.13108],[74.83147,15.13183],[74.83119,15.13844],[74.82927,15.13963],[74.83743,15.1439],[74.835,15.15029],[74.83958,15.15253],[74.84191,15.15549],[74.84085,15.15664],[74.84841,15.16291],[74.84864,15.16721],[74.85108,15.17158],[74.86242,15.17812],[74.86274,15.18195],[74.86542,15.18264],[74.8648,15.18496],[74.86622,15.18565],[74.86526,15.18697],[74.87338,15.19229],[74.87737,15.19317],[74.87329,15.20475],[74.87533,15.2069],[74.87307,15.21635],[74.87544,15.21681],[74.88732,15.22884],[74.88767,15.23425],[74.91023,15.25103],[74.90822,15.26856],[74.90442,15.28222],[74.89645,15.30167],[74.89356,15.30048],[74.88886,15.30705],[74.88541,15.30144],[74.88193,15.29876],[74.87368,15.29848],[74.87836,15.31],[74.87748,15.31289],[74.87457,15.31509],[74.8762,15.31665],[74.86071,15.32724],[74.85363,15.34119],[74.84742,15.34049],[74.84736,15.33749],[74.84513,15.33563],[74.83806,15.33647],[74.83584,15.33456],[74.8284,15.34064],[74.82596,15.34457],[74.81914,15.37036],[74.82436,15.37476],[74.8309,15.3728],[74.82096,15.38509],[74.8022,15.37797],[74.79706,15.37714],[74.794,15.37843],[74.78663,15.38474],[74.78238,15.39432],[74.76926,15.40099],[74.76523,15.39961],[74.76558,15.40238],[74.77067,15.40785],[74.76833,15.41123],[74.7689,15.41553],[74.76667,15.41721],[74.75572,15.41132],[74.74136,15.41231],[74.74082,15.41097],[74.73386,15.40859],[74.73037,15.40981],[74.72903,15.409],[74.72625,15.41149],[74.71473,15.41096],[74.70653,15.4076],[74.69936,15.41004],[74.68958,15.39789],[74.64932,15.39002],[74.64279,15.38432],[74.6324,15.36696],[74.61392,15.35846],[74.60272,15.36666],[74.59843,15.37188],[74.59726,15.37612],[74.58565,15.38256],[74.5822,15.39023],[74.57623,15.39139],[74.57169,15.3961],[74.56833,15.40242],[74.55827,15.4065],[74.54469,15.41681],[74.53527,15.41868],[74.51692,15.40232],[74.50278,15.4037],[74.49917,15.40301],[74.49728,15.40116],[74.49114,15.40078],[74.48888,15.39883],[74.48438,15.39786],[74.48261,15.39581],[74.47256,15.39779],[74.47379,15.40246],[74.471,15.40358],[74.4705,15.40941],[74.46454,15.41507],[74.46035,15.41324],[74.45924,15.40598],[74.45646,15.40307],[74.45422,15.40229],[74.45197,15.4061],[74.44585,15.40667],[74.4412,15.40431],[74.4386,15.40505],[74.4372,15.40264],[74.43391,15.4021],[74.43236,15.39871],[74.42637,15.39839],[74.42349,15.42278],[74.42188,15.46359],[74.41955,15.46432],[74.41783,15.46933],[74.41506,15.47022],[74.41327,15.4739],[74.40955,15.47526],[74.40626,15.47332],[74.40439,15.47386],[74.39446,15.48065],[74.38821,15.48136],[74.38672,15.48413],[74.38064,15.48131],[74.37485,15.48075],[74.35968,15.49666],[74.35335,15.50722],[74.34892,15.50949],[74.34248,15.51795],[74.32684,15.517],[74.29571,15.52286]]]]}},{"type":"Feature","id":"KA-738","properties":{"districtCode":"KA-738","lgdCode":"738","districtName":"Vijayanagara","stateCode":"KA","stateLgdCode":"29","sourceName":"Vijayanagar"},"geometry":{"type":"Polygon","coordinates":[[[76.54981,15.34725],[76.55758,15.3622],[76.55766,15.36629],[76.55094,15.37247],[76.54736,15.3735],[76.54066,15.38114],[76.51291,15.35923],[76.49897,15.35113],[76.49332,15.34497],[76.48781,15.34503],[76.48023,15.34928],[76.47715,15.34952],[76.47178,15.34438],[76.46816,15.34346],[76.46025,15.34436],[76.4506,15.33923],[76.4318,15.33915],[76.40458,15.32568],[76.38891,15.33083],[76.364,15.3284],[76.35777,15.32333],[76.35069,15.31042],[76.34953,15.3027],[76.34663,15.2977],[76.34053,15.27599],[76.33365,15.26363],[76.33242,15.26242],[76.3229,15.26503],[76.31967,15.2644],[76.31482,15.26288],[76.30284,15.2557],[76.30034,15.25106],[76.30093,15.24258],[76.29151,15.23223],[76.29133,15.22304],[76.27525,15.21293],[76.26822,15.20661],[76.25715,15.20627],[76.25494,15.19707],[76.249,15.19074],[76.22966,15.18845],[76.22316,15.192],[76.21884,15.19659],[76.21777,15.2017],[76.23264,15.22776],[76.23116,15.2313],[76.22752,15.23269],[76.21358,15.23238],[76.18746,15.23502],[76.18133,15.23268],[76.17398,15.22742],[76.15986,15.21491],[76.15746,15.21013],[76.16019,15.20082],[76.15911,15.19808],[76.15589,15.19583],[76.15283,15.1955],[76.12504,15.20336],[76.1182,15.20234],[76.1117,15.19862],[76.10844,15.19351],[76.10577,15.18465],[76.10343,15.16838],[76.09372,15.16276],[76.08339,15.15949],[76.05684,15.15696],[76.05315,15.15481],[76.04535,15.14595],[76.0414,15.14439],[76.02481,15.14272],[76.00608,15.14916],[75.99541,15.14674],[75.98755,15.15085],[75.97848,15.15277],[75.97217,15.14976],[75.96641,15.14311],[75.95418,15.1379],[75.94714,15.13749],[75.93652,15.14194],[75.92807,15.14191],[75.9242,15.14125],[75.91588,15.13539],[75.90681,15.13386],[75.90228,15.13166],[75.90092,15.12153],[75.88828,15.11257],[75.88486,15.10758],[75.88854,15.09688],[75.89136,15.09357],[75.90278,15.08581],[75.9088,15.07672],[75.9094,15.07166],[75.90716,15.06132],[75.90348,15.05668],[75.8888,15.05469],[75.88367,15.05231],[75.88043,15.04794],[75.8778,15.03997],[75.87393,15.0353],[75.85954,15.03638],[75.85021,15.04409],[75.84613,15.0449],[75.83851,15.04162],[75.83562,15.0316],[75.83325,15.02866],[75.82902,15.02745],[75.81342,15.02728],[75.80768,15.0245],[75.79845,15.01367],[75.78483,15.00234],[75.78016,14.99164],[75.78035,14.98097],[75.77917,14.97718],[75.7607,14.96839],[75.74985,14.95326],[75.7416,14.94501],[75.73521,14.94454],[75.72533,14.95013],[75.72033,14.95118],[75.70108,14.94844],[75.6871,14.94379],[75.68288,14.94008],[75.68324,14.92749],[75.69619,14.89205],[75.7281,14.89748],[75.72891,14.89463],[75.73907,14.8873],[75.73624,14.88344],[75.7343,14.88293],[75.73268,14.86359],[75.72155,14.8642],[75.72114,14.86078],[75.71252,14.8527],[75.70254,14.85384],[75.70095,14.85223],[75.69517,14.85216],[75.69369,14.85886],[75.69028,14.85684],[75.6758,14.8334],[75.67082,14.81728],[75.66389,14.80703],[75.66357,14.8035],[75.66542,14.80007],[75.67768,14.79796],[75.69175,14.78226],[75.71337,14.77884],[75.72238,14.77194],[75.72108,14.75217],[75.71183,14.7404],[75.7028,14.73239],[75.70217,14.72942],[75.70425,14.72522],[75.71318,14.71978],[75.71781,14.71954],[75.72764,14.72597],[75.74251,14.73101],[75.75622,14.73877],[75.75981,14.77574],[75.77151,14.78226],[75.77292,14.79162],[75.77649,14.78569],[75.79876,14.7689],[75.81384,14.77642],[75.82256,14.77604],[75.8252,14.77894],[75.8337,14.7967],[75.8348,14.8036],[75.83393,14.81008],[75.83308,14.81309],[75.818,14.8345],[75.81111,14.82928],[75.80534,14.84129],[75.81029,14.84269],[75.80975,14.84805],[75.80169,14.86886],[75.80348,14.87627],[75.80928,14.88091],[75.81101,14.89225],[75.81308,14.89592],[75.81601,14.89602],[75.81603,14.89977],[75.82566,14.8992],[75.83036,14.88559],[75.83222,14.88347],[75.84092,14.88964],[75.84479,14.88985],[75.84735,14.88723],[75.84773,14.8844],[75.85391,14.88356],[75.85573,14.88182],[75.85422,14.87853],[75.85373,14.86359],[75.85799,14.85951],[75.86912,14.85436],[75.87112,14.86534],[75.87317,14.868],[75.88738,14.86861],[75.88857,14.87309],[75.8931,14.87759],[75.89759,14.87815],[75.89772,14.8808],[75.90149,14.88112],[75.90406,14.88399],[75.90696,14.88489],[75.9275,14.88959],[75.92821,14.89233],[75.93431,14.89203],[75.93483,14.89339],[75.93728,14.89347],[75.93718,14.89566],[75.93989,14.89639],[75.94004,14.90001],[75.9496,14.89997],[75.94968,14.902],[75.95928,14.90249],[75.96242,14.90434],[75.96533,14.90302],[75.96592,14.90847],[75.97709,14.89844],[75.98144,14.90224],[75.98452,14.90817],[75.99729,14.89812],[76.00119,14.90134],[76.00504,14.90192],[76.0057,14.90593],[76.0105,14.90523],[76.01266,14.89633],[76.01386,14.89687],[76.0141,14.90207],[76.02286,14.91019],[76.02571,14.91415],[76.02545,14.91595],[76.03028,14.91999],[76.03257,14.9245],[76.04476,14.93194],[76.04547,14.93001],[76.04766,14.93028],[76.04894,14.92479],[76.04798,14.92451],[76.05128,14.91616],[76.06212,14.91585],[76.06508,14.91355],[76.0661,14.91008],[76.0688,14.91046],[76.06971,14.90892],[76.08466,14.91335],[76.08243,14.90443],[76.06977,14.89066],[76.06624,14.88396],[76.06666,14.88119],[76.07175,14.87348],[76.07272,14.86884],[76.08774,14.87257],[76.09416,14.86968],[76.12888,14.86912],[76.13059,14.86823],[76.13053,14.86076],[76.15471,14.86121],[76.15461,14.85743],[76.15615,14.85555],[76.15861,14.85567],[76.15935,14.85387],[76.15929,14.85218],[76.15797,14.85193],[76.15933,14.84716],[76.1744,14.84844],[76.19069,14.84648],[76.19157,14.8315],[76.19431,14.82082],[76.18565,14.82027],[76.17613,14.82203],[76.16057,14.82992],[76.16047,14.82828],[76.15765,14.82912],[76.15521,14.82783],[76.15334,14.82134],[76.1464,14.82348],[76.1436,14.81382],[76.1429,14.79321],[76.14697,14.78949],[76.14936,14.7839],[76.16895,14.78515],[76.17991,14.76874],[76.1809,14.76406],[76.18681,14.76509],[76.18612,14.76699],[76.19233,14.76834],[76.196,14.75648],[76.19862,14.75324],[76.20058,14.75323],[76.20094,14.73914],[76.19861,14.73912],[76.19713,14.72499],[76.18713,14.72251],[76.18369,14.7003],[76.19343,14.69797],[76.19354,14.68198],[76.20443,14.67788],[76.22392,14.6551],[76.2305,14.64931],[76.23925,14.67853],[76.24901,14.6975],[76.25689,14.70072],[76.2579,14.69604],[76.27232,14.69573],[76.27332,14.68829],[76.27948,14.68464],[76.28894,14.68516],[76.30158,14.68999],[76.31233,14.68722],[76.3152,14.69234],[76.32214,14.69241],[76.33814,14.68567],[76.34294,14.66572],[76.374,14.66397],[76.37931,14.66202],[76.37457,14.65377],[76.37453,14.64656],[76.38987,14.64861],[76.39361,14.62688],[76.40189,14.62739],[76.40314,14.62361],[76.41477,14.62303],[76.42167,14.62479],[76.43214,14.61831],[76.43223,14.60473],[76.42953,14.59861],[76.42838,14.59055],[76.42482,14.58657],[76.4236,14.58165],[76.43255,14.58007],[76.44392,14.58031],[76.46228,14.57625],[76.46464,14.57421],[76.50507,14.56537],[76.51004,14.56039],[76.51822,14.56248],[76.53527,14.56117],[76.5352,14.56484],[76.54215,14.5666],[76.5443,14.57035],[76.5497,14.57347],[76.55064,14.57888],[76.56746,14.58732],[76.57249,14.59403],[76.57404,14.60268],[76.57954,14.61095],[76.58492,14.61515],[76.58505,14.61741],[76.60086,14.62084],[76.60056,14.6257],[76.59599,14.63058],[76.59689,14.63216],[76.60282,14.63377],[76.61212,14.64838],[76.59734,14.65343],[76.59869,14.65625],[76.5966,14.66088],[76.59802,14.66928],[76.61058,14.66874],[76.61041,14.67804],[76.60833,14.68762],[76.61745,14.69251],[76.61746,14.69449],[76.62408,14.70243],[76.63033,14.70078],[76.63099,14.70264],[76.63608,14.70435],[76.63754,14.70992],[76.6448,14.71297],[76.64492,14.7166],[76.64742,14.71888],[76.64826,14.72284],[76.65119,14.72527],[76.65035,14.72826],[76.64827,14.7286],[76.64707,14.73079],[76.65153,14.73727],[76.64958,14.73878],[76.65111,14.74409],[76.64966,14.74849],[76.65092,14.75239],[76.6488,14.75625],[76.65039,14.758],[76.65541,14.75772],[76.65777,14.76479],[76.6602,14.76562],[76.65984,14.77171],[76.66692,14.77527],[76.66583,14.77893],[76.66727,14.78251],[76.66999,14.78751],[76.67286,14.78834],[76.67267,14.79021],[76.66747,14.79379],[76.67481,14.79411],[76.68276,14.80864],[76.69246,14.81328],[76.70461,14.81788],[76.71679,14.81834],[76.73417,14.81354],[76.73513,14.81568],[76.73914,14.81519],[76.7404,14.81858],[76.74171,14.81832],[76.7424,14.82366],[76.74058,14.82598],[76.71659,14.83326],[76.7117,14.83731],[76.71503,14.85196],[76.71337,14.86532],[76.69752,14.8882],[76.67794,14.88717],[76.67753,14.89444],[76.6748,14.89698],[76.66627,14.89455],[76.66548,14.89585],[76.64832,14.89663],[76.64666,14.89446],[76.63779,14.89259],[76.63715,14.88984],[76.63455,14.88957],[76.6331,14.88345],[76.61975,14.88428],[76.6112,14.88125],[76.59486,14.88161],[76.5927,14.86405],[76.58692,14.85879],[76.5801,14.86033],[76.57,14.86563],[76.565,14.88034],[76.55254,14.87987],[76.54172,14.88151],[76.53851,14.87609],[76.53033,14.8757],[76.53339,14.87196],[76.53083,14.87237],[76.52353,14.86956],[76.51769,14.8731],[76.49954,14.86845],[76.49929,14.863],[76.49619,14.86255],[76.49565,14.86095],[76.48592,14.86168],[76.48187,14.8594],[76.4751,14.86845],[76.47534,14.88114],[76.47072,14.88184],[76.46518,14.87634],[76.46406,14.88122],[76.45912,14.88391],[76.46072,14.88732],[76.46063,14.89167],[76.45736,14.903],[76.45297,14.91072],[76.45298,14.91758],[76.46078,14.92325],[76.468,14.92446],[76.46992,14.927],[76.46186,14.92498],[76.4566,14.92822],[76.45309,14.92766],[76.43453,14.93518],[76.43014,14.93532],[76.4259,14.93076],[76.42458,14.93195],[76.41266,14.93183],[76.40784,14.9335],[76.39799,14.93309],[76.40175,14.93483],[76.40412,14.93971],[76.40386,14.94352],[76.40632,14.94464],[76.40786,14.95102],[76.40182,14.95133],[76.40029,14.95196],[76.40043,14.95412],[76.39411,14.95498],[76.39401,14.95851],[76.39142,14.95642],[76.38046,14.95875],[76.37469,14.95734],[76.37374,14.95953],[76.37606,14.98236],[76.37426,14.98398],[76.36314,14.98558],[76.36596,14.99231],[76.36145,14.9959],[76.36782,14.99536],[76.36962,14.99741],[76.37153,14.99692],[76.37913,15.01148],[76.37862,15.01553],[76.38005,15.01944],[76.37868,15.02249],[76.38987,15.02364],[76.39382,15.0225],[76.39863,15.02377],[76.40486,15.02939],[76.40393,15.03782],[76.4011,15.03898],[76.39816,15.04908],[76.39255,15.05368],[76.3924,15.06471],[76.40984,15.06184],[76.41348,15.05533],[76.422,15.04596],[76.43761,15.04076],[76.45166,15.03866],[76.46117,15.0425],[76.47996,15.0705],[76.47274,15.07731],[76.46997,15.0827],[76.45957,15.0917],[76.45605,15.10245],[76.44015,15.13719],[76.42165,15.16052],[76.41474,15.17313],[76.40389,15.18112],[76.39586,15.19339],[76.40916,15.19378],[76.41972,15.20512],[76.42323,15.20713],[76.43134,15.21713],[76.42768,15.224],[76.43188,15.23294],[76.44827,15.22064],[76.45914,15.21767],[76.46838,15.21229],[76.48042,15.20966],[76.48655,15.20244],[76.48769,15.19577],[76.49539,15.18529],[76.49974,15.18174],[76.5095,15.18593],[76.51811,15.18154],[76.52442,15.19024],[76.53297,15.19573],[76.53491,15.199],[76.53898,15.19828],[76.55,15.19179],[76.55542,15.2022],[76.57376,15.19341],[76.60366,15.19551],[76.61549,15.22212],[76.61348,15.22573],[76.60577,15.22054],[76.60243,15.22006],[76.59907,15.24022],[76.59949,15.24192],[76.6047,15.24462],[76.60414,15.24767],[76.60562,15.2511],[76.60428,15.25333],[76.60608,15.25727],[76.60646,15.26332],[76.59993,15.26308],[76.5952,15.25804],[76.58993,15.25773],[76.58137,15.25296],[76.57563,15.26334],[76.57757,15.26762],[76.57765,15.27467],[76.58113,15.2825],[76.58214,15.29494],[76.58901,15.29803],[76.59091,15.30663],[76.58136,15.30678],[76.58011,15.31028],[76.57778,15.31142],[76.55524,15.31717],[76.55145,15.32425],[76.55114,15.32994],[76.55316,15.33798],[76.54981,15.34725]]]}},{"type":"Feature","id":"KA-530","properties":{"districtCode":"KA-530","lgdCode":"530","districtName":"Vijayapura","stateCode":"KA","stateLgdCode":"29","sourceName":"Vijayapura"},"geometry":{"type":"Polygon","coordinates":[[[75.66002,17.45769],[75.65662,17.4599],[75.64879,17.47033],[75.63298,17.47721],[75.62823,17.46717],[75.62761,17.46277],[75.62161,17.45925],[75.62059,17.45249],[75.61545,17.43885],[75.61335,17.42474],[75.60958,17.42374],[75.6066,17.42037],[75.61208,17.4074],[75.61352,17.39192],[75.60612,17.39448],[75.60108,17.39031],[75.5936,17.3873],[75.57414,17.3833],[75.57718,17.37591],[75.58085,17.35122],[75.58629,17.35059],[75.59514,17.34621],[75.61003,17.34504],[75.61057,17.33687],[75.61235,17.33689],[75.61209,17.32514],[75.60373,17.3055],[75.62241,17.2951],[75.62547,17.28532],[75.63022,17.28084],[75.62785,17.27434],[75.65417,17.27382],[75.65772,17.26321],[75.65856,17.23867],[75.66191,17.21458],[75.65539,17.20553],[75.64259,17.19765],[75.63985,17.19432],[75.63993,17.18887],[75.62843,17.18866],[75.62886,17.1834],[75.62723,17.18316],[75.62538,17.174],[75.62826,17.16269],[75.6452,17.14421],[75.64757,17.13451],[75.64953,17.13438],[75.65035,17.11569],[75.67229,17.116],[75.67234,17.1014],[75.67579,17.09529],[75.67337,17.0912],[75.67874,17.07715],[75.67672,17.06542],[75.6604,17.0645],[75.65444,17.059],[75.65031,17.05726],[75.641,17.03758],[75.6465,17.03329],[75.64999,17.03224],[75.66969,17.03816],[75.66825,17.01502],[75.66909,17.00957],[75.66723,17.00576],[75.66572,16.99375],[75.66608,16.97977],[75.66882,16.97983],[75.67184,16.97593],[75.67255,16.97013],[75.67708,16.969],[75.67577,16.96642],[75.66991,16.96182],[75.6554,16.96153],[75.64854,16.95871],[75.64598,16.95401],[75.64206,16.95455],[75.63821,16.95775],[75.63693,16.96854],[75.63393,16.97026],[75.60786,16.971],[75.60824,16.98165],[75.60613,16.99436],[75.60689,17.00457],[75.5731,17.00961],[75.56722,17.00905],[75.56609,16.98138],[75.56765,16.96575],[75.56413,16.96791],[75.53917,16.96548],[75.52931,16.9694],[75.50966,16.95025],[75.5079,16.94975],[75.50736,16.95083],[75.49035,16.94467],[75.48908,16.94442],[75.48956,16.95555],[75.48779,16.96562],[75.48377,16.97209],[75.48324,16.97599],[75.47856,16.97857],[75.46889,16.97954],[75.46618,16.98131],[75.46555,16.98837],[75.4416,16.98223],[75.43536,16.97345],[75.42788,16.96649],[75.41151,16.97425],[75.39214,16.98009],[75.36854,16.97195],[75.36113,16.96557],[75.35839,16.9649],[75.35868,16.96299],[75.35293,16.95903],[75.34158,16.95617],[75.34267,16.95179],[75.34124,16.94152],[75.33662,16.9266],[75.3342,16.91243],[75.33387,16.8918],[75.33563,16.86939],[75.34766,16.86955],[75.35379,16.87114],[75.36902,16.86625],[75.38067,16.86681],[75.3859,16.86352],[75.39495,16.86315],[75.38104,16.83367],[75.37888,16.82408],[75.37869,16.79841],[75.38082,16.79854],[75.38251,16.78042],[75.38507,16.77088],[75.38435,16.76342],[75.38697,16.7604],[75.38844,16.76165],[75.39227,16.76074],[75.39239,16.75957],[75.40769,16.76146],[75.40765,16.76381],[75.41307,16.76648],[75.41414,16.76543],[75.41982,16.76813],[75.42604,16.76793],[75.44087,16.75954],[75.44275,16.75727],[75.46529,16.75492],[75.47696,16.74732],[75.49185,16.74563],[75.49176,16.72432],[75.4883,16.69449],[75.4626,16.69991],[75.4378,16.69785],[75.44721,16.6651],[75.45494,16.66386],[75.45688,16.64739],[75.46102,16.63561],[75.46205,16.62256],[75.47396,16.61211],[75.48492,16.60643],[75.49143,16.59894],[75.49186,16.5951],[75.49361,16.59315],[75.49113,16.58563],[75.48486,16.5808],[75.48531,16.5757],[75.48387,16.5731],[75.47806,16.56738],[75.47295,16.56696],[75.47224,16.56336],[75.48073,16.56117],[75.47951,16.5574],[75.48459,16.55722],[75.48477,16.55504],[75.48836,16.5551],[75.48846,16.53014],[75.49065,16.52945],[75.49073,16.52602],[75.49039,16.52098],[75.48862,16.52029],[75.48587,16.5086],[75.4555,16.50669],[75.45909,16.48424],[75.46329,16.47639],[75.46322,16.47379],[75.44539,16.45047],[75.4331,16.43838],[75.432,16.4347],[75.4328,16.43095],[75.44874,16.41326],[75.4578,16.41271],[75.46552,16.41845],[75.47706,16.416],[75.48682,16.4176],[75.49384,16.42281],[75.49847,16.43071],[75.49878,16.43452],[75.49562,16.44669],[75.49906,16.45357],[75.53318,16.46635],[75.54333,16.46403],[75.54933,16.45979],[75.55219,16.45592],[75.55345,16.45147],[75.552,16.4443],[75.5568,16.42458],[75.56197,16.41569],[75.56984,16.41183],[75.57509,16.41278],[75.57826,16.42297],[75.58398,16.43256],[75.59943,16.44652],[75.60739,16.44794],[75.63459,16.44384],[75.64651,16.43863],[75.67115,16.42483],[75.67301,16.42588],[75.67781,16.42419],[75.68866,16.41438],[75.70302,16.40778],[75.71061,16.39929],[75.72081,16.39099],[75.74842,16.38845],[75.75616,16.38482],[75.77318,16.38322],[75.78189,16.37974],[75.78919,16.37406],[75.81029,16.37029],[75.82649,16.3611],[75.84048,16.34905],[75.85174,16.34638],[75.86769,16.34633],[75.87327,16.3447],[75.89122,16.32701],[75.90005,16.32285],[75.93045,16.31577],[75.95602,16.2972],[75.96233,16.29635],[75.97757,16.29988],[75.99219,16.2996],[75.999,16.30333],[76.00946,16.30453],[76.02641,16.30067],[76.03244,16.28941],[76.03985,16.28265],[76.05866,16.27132],[76.06531,16.26207],[76.06768,16.2557],[76.06802,16.24374],[76.05908,16.23259],[76.05786,16.22767],[76.06123,16.21328],[76.06771,16.20756],[76.08481,16.20481],[76.09568,16.19828],[76.1224,16.19049],[76.13924,16.1811],[76.15958,16.18623],[76.17202,16.1849],[76.18301,16.18032],[76.24979,16.16435],[76.25372,16.16092],[76.27176,16.15167],[76.28052,16.15267],[76.28817,16.15923],[76.29485,16.18213],[76.29709,16.18469],[76.3158,16.19097],[76.32176,16.1898],[76.33148,16.19404],[76.33364,16.19887],[76.34739,16.21572],[76.34953,16.22192],[76.34906,16.23017],[76.35276,16.23543],[76.34798,16.2435],[76.34612,16.24969],[76.34794,16.25785],[76.34778,16.27768],[76.34136,16.27744],[76.34176,16.27847],[76.33836,16.27943],[76.32017,16.28208],[76.32013,16.28696],[76.3127,16.28669],[76.29964,16.28323],[76.29803,16.29874],[76.29899,16.30683],[76.30283,16.31897],[76.30063,16.31844],[76.29515,16.32034],[76.29496,16.32437],[76.29235,16.32541],[76.29135,16.33054],[76.29218,16.33465],[76.30403,16.34086],[76.30541,16.3457],[76.31423,16.34539],[76.31316,16.35671],[76.31141,16.36148],[76.30973,16.36127],[76.30828,16.37016],[76.30477,16.37709],[76.30544,16.38288],[76.31046,16.3967],[76.31193,16.39562],[76.3147,16.39682],[76.31699,16.39419],[76.32092,16.39633],[76.32332,16.39525],[76.32576,16.39596],[76.33074,16.3915],[76.33321,16.39115],[76.33626,16.39806],[76.33604,16.40156],[76.33865,16.4059],[76.33754,16.40705],[76.33209,16.40718],[76.33055,16.40963],[76.33352,16.41638],[76.33289,16.42285],[76.3305,16.42523],[76.33212,16.42696],[76.35052,16.42683],[76.35455,16.42214],[76.35753,16.42224],[76.38524,16.4256],[76.39029,16.43804],[76.40312,16.43449],[76.40307,16.43292],[76.43462,16.43573],[76.43514,16.43772],[76.43245,16.45051],[76.42983,16.4986],[76.43278,16.50478],[76.43399,16.51884],[76.42254,16.5518],[76.42157,16.55926],[76.42398,16.56807],[76.42245,16.5687],[76.42286,16.57334],[76.42129,16.57397],[76.4158,16.59019],[76.41327,16.59021],[76.41556,16.59881],[76.41503,16.60544],[76.40986,16.61272],[76.40906,16.61892],[76.40494,16.62519],[76.40345,16.64867],[76.4063,16.65661],[76.41772,16.67137],[76.42041,16.67292],[76.42114,16.67859],[76.42651,16.68604],[76.42533,16.69551],[76.42898,16.69727],[76.43105,16.70091],[76.4381,16.70339],[76.44111,16.70871],[76.4491,16.71166],[76.45214,16.71414],[76.45827,16.70867],[76.46195,16.7083],[76.45968,16.71589],[76.4594,16.72329],[76.45086,16.72378],[76.44634,16.72268],[76.44394,16.71538],[76.44168,16.71364],[76.42263,16.71687],[76.42316,16.72957],[76.42889,16.73355],[76.42888,16.73785],[76.44041,16.74203],[76.44002,16.75096],[76.43844,16.75332],[76.44265,16.75755],[76.44,16.76073],[76.43703,16.76158],[76.43608,16.76454],[76.42641,16.76588],[76.41851,16.7689],[76.4183,16.7645],[76.41123,16.76483],[76.41157,16.76818],[76.38255,16.76961],[76.37092,16.76859],[76.37366,16.78459],[76.37721,16.79345],[76.37735,16.80169],[76.3809,16.80104],[76.39142,16.80271],[76.39637,16.80592],[76.40083,16.80111],[76.41019,16.79884],[76.41373,16.81343],[76.38738,16.8173],[76.37852,16.817],[76.37825,16.818],[76.3524,16.81975],[76.3543,16.83255],[76.35883,16.84261],[76.36066,16.84275],[76.36087,16.84438],[76.36717,16.84897],[76.37428,16.85883],[76.38875,16.85632],[76.3949,16.85853],[76.40427,16.85853],[76.40404,16.85403],[76.42911,16.85075],[76.4295,16.83736],[76.45997,16.83304],[76.46348,16.83852],[76.47098,16.83879],[76.47066,16.84706],[76.46718,16.84972],[76.46197,16.84929],[76.46135,16.85938],[76.45845,16.86029],[76.45854,16.86691],[76.43806,16.868],[76.43665,16.88134],[76.43316,16.88181],[76.4346,16.88939],[76.43361,16.89762],[76.44321,16.89775],[76.46275,16.90063],[76.46528,16.90273],[76.4649,16.91386],[76.45848,16.92791],[76.45178,16.92781],[76.44756,16.9406],[76.4341,16.94325],[76.43376,16.9383],[76.43144,16.93601],[76.42785,16.9274],[76.42086,16.92742],[76.39905,16.93533],[76.40227,16.94216],[76.40237,16.96253],[76.40037,16.97708],[76.42496,16.97802],[76.42876,16.97852],[76.42886,16.98023],[76.43664,16.98173],[76.44043,16.99677],[76.43926,17.00679],[76.43315,17.02549],[76.43644,17.02532],[76.43726,17.02669],[76.43115,17.02987],[76.43064,17.03895],[76.42734,17.05354],[76.43109,17.05342],[76.42941,17.09965],[76.41941,17.09524],[76.41007,17.08916],[76.40482,17.08173],[76.4007,17.07227],[76.39817,17.07005],[76.39402,17.06972],[76.38798,17.07258],[76.39139,17.09169],[76.39035,17.09712],[76.38413,17.10263],[76.36612,17.10725],[76.36302,17.11095],[76.36226,17.11604],[76.36372,17.12088],[76.36741,17.12384],[76.38355,17.12749],[76.3912,17.13082],[76.39508,17.13788],[76.39458,17.14298],[76.38919,17.1464],[76.38351,17.14659],[76.36747,17.13767],[76.36371,17.13765],[76.35999,17.14025],[76.3597,17.14528],[76.36674,17.15593],[76.36894,17.16674],[76.36463,17.18139],[76.36052,17.18673],[76.35631,17.18873],[76.35233,17.18751],[76.3466,17.18099],[76.33321,17.17078],[76.30621,17.17081],[76.29003,17.1678],[76.27684,17.16746],[76.27162,17.16343],[76.26446,17.15143],[76.25345,17.14873],[76.24448,17.15011],[76.24051,17.15243],[76.23612,17.16318],[76.23182,17.16846],[76.22371,17.17477],[76.22052,17.18543],[76.21687,17.18688],[76.20313,17.18342],[76.19244,17.18503],[76.18814,17.18638],[76.18316,17.19102],[76.17771,17.1933],[76.16643,17.21061],[76.12752,17.24499],[76.11365,17.25239],[76.09196,17.25534],[76.08762,17.25797],[76.08597,17.26345],[76.08686,17.26849],[76.09136,17.27721],[76.09865,17.28325],[76.09978,17.28978],[76.09886,17.29176],[76.08939,17.29888],[76.07461,17.30391],[76.06578,17.30965],[76.06611,17.3161],[76.07316,17.33243],[76.06463,17.35121],[76.06161,17.35494],[76.05277,17.35579],[76.03775,17.35188],[76.02853,17.35114],[76.01148,17.35301],[75.99827,17.33797],[75.9839,17.33622],[75.96871,17.33647],[75.94857,17.32973],[75.93395,17.32274],[75.93082,17.32257],[75.9251,17.32575],[75.91008,17.34452],[75.90678,17.34679],[75.8945,17.35083],[75.89058,17.35652],[75.89018,17.36117],[75.89524,17.37818],[75.89406,17.4012],[75.8919,17.40755],[75.88419,17.41796],[75.87848,17.41813],[75.87651,17.41614],[75.87452,17.41236],[75.8752,17.39809],[75.86088,17.38559],[75.85834,17.38653],[75.85641,17.38943],[75.85406,17.40449],[75.85108,17.41053],[75.83026,17.42181],[75.82144,17.42122],[75.81898,17.4181],[75.81832,17.40662],[75.81358,17.39572],[75.8151,17.37847],[75.81403,17.37348],[75.81127,17.37018],[75.80701,17.36822],[75.79566,17.36909],[75.78432,17.37329],[75.77798,17.3781],[75.77103,17.38749],[75.7679,17.40235],[75.76515,17.40591],[75.75309,17.40713],[75.73359,17.42009],[75.72807,17.41942],[75.71998,17.41152],[75.71244,17.40793],[75.7045,17.40748],[75.69073,17.40947],[75.6835,17.41692],[75.67809,17.43406],[75.67771,17.45366],[75.67231,17.45811],[75.66002,17.45769]]]}},{"type":"Feature","id":"KA-635","properties":{"districtCode":"KA-635","lgdCode":"635","districtName":"Yadgir","stateCode":"KA","stateLgdCode":"29","sourceName":"Yadgir"},"geometry":{"type":"Polygon","coordinates":[[[77.07126,16.94513],[77.07258,16.95272],[77.06325,16.95374],[77.06567,16.94933],[77.06289,16.94536],[77.06067,16.94443],[77.05836,16.94658],[77.05693,16.93936],[77.05233,16.93788],[77.05192,16.93624],[77.04672,16.93236],[77.04446,16.92618],[77.0411,16.92303],[77.03087,16.92524],[77.02345,16.92484],[77.01953,16.92744],[77.02001,16.91578],[77.0176,16.89862],[77.02782,16.89505],[77.02799,16.89355],[77.03385,16.89333],[77.03388,16.88381],[77.04024,16.88319],[77.04094,16.88073],[77.04277,16.88073],[77.04139,16.86997],[77.03022,16.86909],[77.03028,16.86761],[77.01969,16.86744],[77.00696,16.85785],[77.00078,16.85978],[76.97987,16.86143],[76.97838,16.85462],[76.97943,16.84954],[76.98088,16.84965],[76.98075,16.84712],[76.9834,16.84233],[76.98323,16.83988],[76.99515,16.83731],[76.99406,16.83307],[76.99286,16.83299],[76.99062,16.81222],[76.98082,16.80976],[76.97264,16.81499],[76.95748,16.8217],[76.9512,16.82768],[76.94437,16.83107],[76.92669,16.83045],[76.92248,16.82654],[76.91953,16.81788],[76.91543,16.81595],[76.91073,16.81659],[76.90674,16.82194],[76.90372,16.83038],[76.90167,16.85468],[76.90558,16.85857],[76.91438,16.86071],[76.92063,16.87001],[76.9157,16.8718],[76.91347,16.87543],[76.90627,16.87591],[76.90677,16.87723],[76.90152,16.8782],[76.90146,16.89256],[76.89306,16.89503],[76.8705,16.89588],[76.87021,16.89261],[76.85683,16.8912],[76.85458,16.87883],[76.85343,16.87891],[76.85293,16.87672],[76.84949,16.87649],[76.84316,16.87055],[76.84132,16.86645],[76.83813,16.86856],[76.83387,16.86768],[76.83098,16.86912],[76.82883,16.87302],[76.82535,16.87235],[76.81638,16.8737],[76.81315,16.85855],[76.81122,16.85867],[76.81071,16.85618],[76.80479,16.85026],[76.80198,16.84918],[76.79106,16.84998],[76.78891,16.83729],[76.75993,16.84413],[76.75999,16.84141],[76.7634,16.84054],[76.75867,16.83576],[76.75806,16.82896],[76.75426,16.82337],[76.75462,16.82035],[76.74807,16.82027],[76.74471,16.81585],[76.74514,16.77886],[76.74755,16.75538],[76.74372,16.75097],[76.73483,16.75129],[76.72888,16.75388],[76.72904,16.77233],[76.73643,16.77354],[76.7349,16.77874],[76.72781,16.78077],[76.72475,16.78474],[76.7194,16.77793],[76.70923,16.78055],[76.70938,16.79249],[76.70448,16.79179],[76.70204,16.79298],[76.70206,16.78946],[76.69948,16.79064],[76.69761,16.78645],[76.67936,16.78472],[76.67554,16.76516],[76.66079,16.76701],[76.65315,16.755],[76.65271,16.75097],[76.65475,16.73769],[76.65779,16.73199],[76.65873,16.72508],[76.64404,16.73335],[76.63543,16.73507],[76.63547,16.7458],[76.623,16.74249],[76.62355,16.76553],[76.60375,16.76718],[76.5822,16.76566],[76.58047,16.75844],[76.57726,16.75796],[76.56952,16.75341],[76.55355,16.75311],[76.55286,16.75121],[76.54844,16.75111],[76.54724,16.7479],[76.5164,16.75107],[76.51021,16.74476],[76.50641,16.74443],[76.50331,16.74117],[76.50212,16.73375],[76.5029,16.72298],[76.48133,16.71216],[76.47369,16.71052],[76.4608,16.71114],[76.46195,16.7083],[76.45827,16.70867],[76.45214,16.71414],[76.4491,16.71166],[76.44111,16.70871],[76.4381,16.70339],[76.43105,16.70091],[76.42898,16.69727],[76.42533,16.69551],[76.42651,16.68604],[76.42114,16.67859],[76.42022,16.67262],[76.41772,16.67137],[76.4063,16.65661],[76.40345,16.64867],[76.40335,16.63928],[76.40494,16.62519],[76.40906,16.61892],[76.40986,16.61272],[76.41503,16.60544],[76.41556,16.59881],[76.41327,16.59021],[76.4158,16.59019],[76.42129,16.57397],[76.42286,16.57334],[76.42245,16.5687],[76.42398,16.56807],[76.42157,16.55874],[76.42278,16.55085],[76.43399,16.51884],[76.43278,16.50478],[76.42983,16.4986],[76.43245,16.45051],[76.43478,16.4359],[76.40307,16.43292],[76.40312,16.43449],[76.39029,16.43804],[76.38524,16.4256],[76.35753,16.42224],[76.35455,16.42214],[76.35052,16.42683],[76.33212,16.42696],[76.3305,16.42523],[76.33289,16.42285],[76.33352,16.41638],[76.33055,16.40963],[76.33209,16.40718],[76.33754,16.40705],[76.33865,16.4059],[76.33604,16.40156],[76.33464,16.39335],[76.33191,16.39117],[76.32576,16.39596],[76.32332,16.39525],[76.32092,16.39633],[76.31699,16.39419],[76.3147,16.39682],[76.31193,16.39562],[76.31046,16.3967],[76.30544,16.38288],[76.30477,16.37709],[76.30828,16.37016],[76.30973,16.36127],[76.31141,16.36148],[76.31316,16.35671],[76.31423,16.34539],[76.30567,16.34587],[76.30352,16.34034],[76.29218,16.33465],[76.29157,16.3324],[76.29235,16.32541],[76.29496,16.32437],[76.29515,16.32034],[76.30063,16.31844],[76.30283,16.31897],[76.29899,16.30683],[76.29803,16.29874],[76.29964,16.28323],[76.3127,16.28669],[76.32013,16.28696],[76.32017,16.28208],[76.33836,16.27943],[76.34176,16.27847],[76.34136,16.27744],[76.34778,16.27768],[76.34794,16.25785],[76.34612,16.24969],[76.34798,16.2435],[76.35276,16.23543],[76.34906,16.23017],[76.34953,16.22192],[76.34739,16.21572],[76.33364,16.19887],[76.33148,16.19404],[76.33451,16.1938],[76.3514,16.20054],[76.35573,16.20628],[76.36131,16.2073],[76.36871,16.21797],[76.37469,16.21956],[76.37749,16.22296],[76.38602,16.22534],[76.38727,16.22755],[76.39552,16.23172],[76.39766,16.23655],[76.40269,16.23911],[76.4065,16.23928],[76.41577,16.2455],[76.41914,16.24905],[76.41451,16.25052],[76.41664,16.25299],[76.42861,16.26021],[76.43674,16.26309],[76.44412,16.27028],[76.45451,16.27535],[76.45974,16.27972],[76.46722,16.28201],[76.47379,16.2895],[76.48211,16.2943],[76.49222,16.29853],[76.50843,16.29907],[76.51781,16.30223],[76.54081,16.31485],[76.55263,16.31935],[76.56097,16.32667],[76.56816,16.32988],[76.58327,16.33142],[76.59011,16.33874],[76.59986,16.34122],[76.61125,16.34161],[76.6203,16.34828],[76.6255,16.35031],[76.63226,16.35606],[76.65024,16.36097],[76.65215,16.36418],[76.65389,16.36361],[76.66593,16.37355],[76.68701,16.38261],[76.70159,16.39226],[76.73406,16.40651],[76.74427,16.40956],[76.75044,16.42044],[76.76079,16.42864],[76.78549,16.41776],[76.82406,16.42584],[76.82886,16.42577],[76.84101,16.43044],[76.84826,16.43487],[76.85445,16.44129],[76.86193,16.45473],[76.86471,16.45683],[76.86612,16.46104],[76.8659,16.46683],[76.86455,16.4758],[76.86276,16.47859],[76.86322,16.48257],[76.86743,16.4878],[76.87073,16.48974],[76.88225,16.49238],[76.90632,16.48476],[76.91183,16.48489],[76.93052,16.49578],[76.9412,16.49962],[76.95646,16.50319],[76.97133,16.50375],[76.9734,16.50565],[76.97656,16.51665],[76.96965,16.53441],[76.96805,16.54458],[76.97059,16.55419],[76.97407,16.55898],[76.97844,16.56092],[76.98522,16.56205],[76.99431,16.56019],[77.00741,16.55003],[77.0101,16.54276],[77.00537,16.52192],[77.0053,16.51556],[77.01322,16.49958],[77.02558,16.5016],[77.04397,16.5183],[77.0536,16.52087],[77.05764,16.51978],[77.06873,16.50757],[77.08696,16.49898],[77.09215,16.49345],[77.09766,16.49373],[77.10328,16.48898],[77.1228,16.48166],[77.14301,16.47993],[77.15606,16.47265],[77.15917,16.46953],[77.16064,16.46398],[77.16411,16.46016],[77.16507,16.45092],[77.1622,16.44526],[77.17334,16.43258],[77.20419,16.42574],[77.20763,16.42382],[77.24149,16.41802],[77.24788,16.4156],[77.26199,16.40477],[77.26735,16.4037],[77.2743,16.40438],[77.28821,16.4087],[77.27628,16.42444],[77.26895,16.43046],[77.26207,16.45184],[77.24441,16.46331],[77.23576,16.47274],[77.23977,16.47625],[77.24719,16.47769],[77.25073,16.47493],[77.26604,16.4725],[77.294,16.47667],[77.29932,16.48791],[77.29871,16.49616],[77.3203,16.49222],[77.32357,16.48684],[77.32956,16.48591],[77.34309,16.48793],[77.34439,16.48694],[77.3462,16.48811],[77.34637,16.49037],[77.35143,16.49106],[77.3547,16.48878],[77.36901,16.48867],[77.37007,16.50458],[77.37272,16.50966],[77.3791,16.51455],[77.39058,16.51607],[77.39583,16.52008],[77.40221,16.52152],[77.41689,16.5173],[77.41741,16.52075],[77.41912,16.52238],[77.41818,16.52296],[77.41902,16.54892],[77.41045,16.549],[77.40921,16.55041],[77.40376,16.55119],[77.40418,16.55418],[77.39996,16.55573],[77.3975,16.56476],[77.39262,16.56399],[77.39287,16.56997],[77.40001,16.56752],[77.40359,16.57181],[77.40565,16.57186],[77.41178,16.57086],[77.41537,16.56752],[77.42149,16.56824],[77.4279,16.57289],[77.43085,16.57887],[77.43971,16.58715],[77.46222,16.58548],[77.46483,16.59242],[77.46212,16.59721],[77.46391,16.59921],[77.4673,16.59854],[77.4678,16.60976],[77.45819,16.61071],[77.45365,16.61675],[77.45616,16.62299],[77.46392,16.62824],[77.46438,16.6325],[77.46825,16.63595],[77.47086,16.64375],[77.47346,16.64543],[77.47611,16.65011],[77.47291,16.6528],[77.4624,16.65427],[77.46143,16.65112],[77.45702,16.64968],[77.45649,16.64681],[77.44436,16.63913],[77.44158,16.6411],[77.43434,16.64138],[77.43434,16.64336],[77.43781,16.64388],[77.4386,16.64533],[77.42972,16.6562],[77.41901,16.65844],[77.41886,16.66857],[77.42817,16.6682],[77.43455,16.67098],[77.44255,16.66985],[77.44423,16.67569],[77.44658,16.67607],[77.44772,16.67931],[77.4639,16.6763],[77.46996,16.68773],[77.46989,16.7056],[77.47139,16.7062],[77.47116,16.71178],[77.47405,16.71656],[77.46381,16.71917],[77.46296,16.71797],[77.46133,16.719],[77.45779,16.71594],[77.45216,16.7196],[77.44718,16.72073],[77.44613,16.71649],[77.44198,16.71703],[77.44123,16.71312],[77.43846,16.71168],[77.4328,16.7173],[77.42767,16.71663],[77.42602,16.72114],[77.42607,16.72287],[77.43097,16.72312],[77.43036,16.72637],[77.42832,16.7266],[77.42696,16.72891],[77.4298,16.7348],[77.4333,16.73669],[77.44315,16.76251],[77.43788,16.77471],[77.43772,16.78337],[77.4395,16.78913],[77.44107,16.78622],[77.46719,16.78045],[77.4745,16.78124],[77.4765,16.78837],[77.47339,16.78921],[77.47469,16.7931],[77.47426,16.80232],[77.4657,16.80592],[77.46646,16.80832],[77.46244,16.81374],[77.46324,16.82221],[77.45708,16.83018],[77.45948,16.83285],[77.46406,16.85059],[77.46001,16.87468],[77.46036,16.88475],[77.44665,16.8861],[77.42504,16.88513],[77.41845,16.8814],[77.41475,16.87618],[77.41319,16.87715],[77.41112,16.87469],[77.40946,16.87823],[77.40327,16.88415],[77.40143,16.8832],[77.40178,16.89668],[77.4056,16.89881],[77.40646,16.90188],[77.40408,16.90204],[77.40514,16.89972],[77.40264,16.8998],[77.40086,16.90224],[77.40187,16.90306],[77.39764,16.90224],[77.39575,16.90332],[77.39537,16.90086],[77.3936,16.89981],[77.39394,16.89743],[77.3917,16.8969],[77.38943,16.89117],[77.38796,16.89223],[77.38923,16.89344],[77.38906,16.89638],[77.38466,16.89848],[77.38404,16.89413],[77.38211,16.8958],[77.37655,16.8946],[77.37666,16.89792],[77.3729,16.89914],[77.37139,16.89766],[77.37028,16.9004],[77.36608,16.90268],[77.36578,16.90459],[77.36065,16.90528],[77.35509,16.90862],[77.35162,16.908],[77.35083,16.91057],[77.34836,16.91201],[77.34172,16.93418],[77.33962,16.93057],[77.33601,16.92986],[77.31867,16.93644],[77.31706,16.93218],[77.31282,16.93061],[77.31137,16.92741],[77.31075,16.92911],[77.29497,16.9324],[77.28948,16.93723],[77.28906,16.93351],[77.27776,16.93263],[77.27385,16.93027],[77.26302,16.92825],[77.25504,16.9323],[77.2462,16.9329],[77.24484,16.94037],[77.24192,16.9431],[77.23695,16.93995],[77.23267,16.93905],[77.23164,16.94282],[77.22649,16.94142],[77.21137,16.94492],[77.20813,16.94041],[77.20847,16.93764],[77.20479,16.93804],[77.19938,16.93379],[77.19924,16.93051],[77.19608,16.92675],[77.18402,16.94245],[77.16564,16.93892],[77.16152,16.9308],[77.16021,16.91557],[77.13834,16.91495],[77.12557,16.91795],[77.11915,16.91254],[77.11836,16.90994],[77.11307,16.90688],[77.10877,16.90527],[77.1007,16.90524],[77.09307,16.90659],[77.08786,16.92208],[77.08714,16.92629],[77.0886,16.92924],[77.08517,16.93492],[77.08614,16.93683],[77.0839,16.93621],[77.0789,16.94193],[77.07581,16.9427],[77.07358,16.93981],[77.07144,16.93969],[77.07126,16.94513]]]}}]}